<?xml version="1.0" encoding="UTF-8"?>
<osm version="0.6" generator="openstreetmap-cgimap 2.1.0 (2528126 spike-08.openstreetmap.org)" copyright="OpenStreetMap and contributors" attribution="http://www.openstreetmap.org/copyright" license="http://opendatacommons.org/licenses/odbl/1-0/">
 <bounds minlat="42.2806900" minlon="-83.7363550" maxlat="42.2819920" maxlon="-83.7346390"/>
 <node id="62482352" visible="true" version="4" changeset="58928866" timestamp="2018-05-13T16:46:44Z" user="Aaarbie" uid="7772397" lat="42.2812300" lon="-83.7339673"/>
 <node id="62514388" visible="true" version="4" changeset="30506341" timestamp="2015-04-26T15:18:59Z" user="mapper377" uid="2052336" lat="42.2822554" lon="-83.7356134">
  <tag k="highway" v="traffic_signals"/>
 </node>
 <node id="62542029" visible="true" version="5" changeset="42022866" timestamp="2016-09-09T11:40:00Z" user="bogdan_andrei" uid="4433679" lat="42.2813514" lon="-83.7355556">
  <tag k="highway" v="traffic_signals"/>
 </node>
 <node id="62542030" visible="true" version="6" changeset="140714701" timestamp="2023-09-02T11:36:02Z" user="danieldegroot2" uid="11212507" lat="42.2813401" lon="-83.7344995"/>
 <node id="62542034" visible="true" version="5" changeset="140714701" timestamp="2023-09-02T11:36:02Z" user="danieldegroot2" uid="11212507" lat="42.2813320" lon="-83.7343232"/>
 <node id="62542035" visible="true" version="5" changeset="140714701" timestamp="2023-09-02T11:36:02Z" user="danieldegroot2" uid="11212507" lat="42.2813092" lon="-83.7341874"/>
 <node id="62542036" visible="true" version="4" changeset="58928866" timestamp="2018-05-13T16:46:44Z" user="Aaarbie" uid="7772397" lat="42.2812707" lon="-83.7340638"/>
 <node id="62542055" visible="true" version="5" changeset="140714701" timestamp="2023-09-02T11:36:02Z" user="danieldegroot2" uid="11212507" lat="42.2814303" lon="-83.7349811"/>
 <node id="62542057" visible="true" version="3" changeset="14078493" timestamp="2012-11-28T20:47:43Z" user="techlady" uid="104962" lat="42.2814235" lon="-83.7343719"/>
 <node id="62542059" visible="true" version="3" changeset="14078493" timestamp="2012-11-28T20:47:43Z" user="techlady" uid="104962" lat="42.2814118" lon="-83.7342036"/>
 <node id="62542060" visible="true" version="3" changeset="14078493" timestamp="2012-11-28T20:47:43Z" user="techlady" uid="104962" lat="42.2813722" lon="-83.7340234"/>
 <node id="62542061" visible="true" version="3" changeset="14078493" timestamp="2012-11-28T20:47:43Z" user="techlady" uid="104962" lat="42.2813148" lon="-83.7338709"/>
 <node id="499329091" visible="true" version="5" changeset="43779368" timestamp="2016-11-18T21:15:21Z" user="mapper377" uid="2052336" lat="42.2810980" lon="-83.7407778"/>
 <node id="499329106" visible="true" version="5" changeset="19650109" timestamp="2013-12-26T19:40:02Z" user="AaronAsAChimp" uid="153711" lat="42.2734009" lon="-83.7405795"/>
 <node id="499329127" visible="true" version="4" changeset="19650109" timestamp="2013-12-26T19:40:02Z" user="AaronAsAChimp" uid="153711" lat="42.2733723" lon="-83.7381316"/>
 <node id="499329250" visible="true" version="5" changeset="152398874" timestamp="2024-06-08T04:34:57Z" user="Technotion" uid="21326676" lat="42.2721855" lon="-83.7346505"/>
 <node id="499329280" visible="true" version="4" changeset="58743968" timestamp="2018-05-07T02:20:58Z" user="Aaarbie" uid="7772397" lat="42.2737048" lon="-83.7346935"/>
 <node id="499329295" visible="true" version="4" changeset="58743968" timestamp="2018-05-07T02:20:58Z" user="Aaarbie" uid="7772397" lat="42.2736924" lon="-83.7358650"/>
 <node id="499329312" visible="true" version="4" changeset="19650109" timestamp="2013-12-26T19:40:02Z" user="AaronAsAChimp" uid="153711" lat="42.2750396" lon="-83.7358626"/>
 <node id="499329330" visible="true" version="4" changeset="19650109" timestamp="2013-12-26T19:40:03Z" user="AaronAsAChimp" uid="153711" lat="42.2750500" lon="-83.7347065"/>
 <node id="499329340" visible="true" version="4" changeset="19650109" timestamp="2013-12-26T19:40:03Z" user="AaronAsAChimp" uid="153711" lat="42.2774101" lon="-83.7347351"/>
 <node id="499329355" visible="true" version="3" changeset="19650109" timestamp="2013-12-26T19:40:03Z" user="AaronAsAChimp" uid="153711" lat="42.2777035" lon="-83.7344066"/>
 <node id="499329374" visible="true" version="3" changeset="19650109" timestamp="2013-12-26T19:40:03Z" user="AaronAsAChimp" uid="153711" lat="42.2775574" lon="-83.7341920"/>
 <node id="499329391" visible="true" version="4" changeset="46754982" timestamp="2017-03-11T04:45:39Z" user="IanH" uid="306962" lat="42.2775318" lon="-83.7335947"/>
 <node id="499329406" visible="true" version="3" changeset="19650109" timestamp="2013-12-26T19:40:03Z" user="AaronAsAChimp" uid="153711" lat="42.2775193" lon="-83.7322350"/>
 <node id="499329421" visible="true" version="4" changeset="80409917" timestamp="2020-02-01T13:36:18Z" user="lmum" uid="1084189" lat="42.2784314" lon="-83.7321838"/>
 <node id="499329451" visible="true" version="4" changeset="80409917" timestamp="2020-02-01T13:36:18Z" user="lmum" uid="1084189" lat="42.2784536" lon="-83.7311450"/>
 <node id="499329485" visible="true" version="5" changeset="25107400" timestamp="2014-08-29T22:07:53Z" user="nkorth" uid="1884025" lat="42.2806243" lon="-83.7268991"/>
 <node id="499329501" visible="true" version="4" changeset="19650109" timestamp="2013-12-26T19:40:03Z" user="AaronAsAChimp" uid="153711" lat="42.2812502" lon="-83.7266098"/>
 <node id="499329530" visible="true" version="4" changeset="19650109" timestamp="2013-12-26T19:40:03Z" user="AaronAsAChimp" uid="153711" lat="42.2814589" lon="-83.7266759"/>
 <node id="499329627" visible="true" version="4" changeset="19650109" timestamp="2013-12-26T19:40:03Z" user="AaronAsAChimp" uid="153711" lat="42.2817130" lon="-83.7263264"/>
 <node id="499329648" visible="true" version="4" changeset="19650109" timestamp="2013-12-26T19:40:03Z" user="AaronAsAChimp" uid="153711" lat="42.2822902" lon="-83.7260817"/>
 <node id="499329661" visible="true" version="5" changeset="49503668" timestamp="2017-06-13T15:16:44Z" user="zaizone" uid="1122708" lat="42.2847392" lon="-83.7273899"/>
 <node id="499329674" visible="true" version="5" changeset="64600016" timestamp="2018-11-17T16:15:43Z" user="mapper377" uid="2052336" lat="42.2851762" lon="-83.7278926"/>
 <node id="499329697" visible="true" version="5" changeset="64600016" timestamp="2018-11-17T16:15:43Z" user="mapper377" uid="2052336" lat="42.2854403" lon="-83.7287447"/>
 <node id="499329713" visible="true" version="5" changeset="19650109" timestamp="2013-12-26T19:40:03Z" user="AaronAsAChimp" uid="153711" lat="42.2854451" lon="-83.7310313"/>
 <node id="499329736" visible="true" version="5" changeset="19650109" timestamp="2013-12-26T19:40:03Z" user="AaronAsAChimp" uid="153711" lat="42.2854528" lon="-83.7318148"/>
 <node id="499329748" visible="true" version="4" changeset="19650109" timestamp="2013-12-26T19:40:03Z" user="AaronAsAChimp" uid="153711" lat="42.2852715" lon="-83.7321554"/>
 <node id="499329756" visible="true" version="5" changeset="19650109" timestamp="2013-12-26T19:40:03Z" user="AaronAsAChimp" uid="153711" lat="42.2852376" lon="-83.7338326"/>
 <node id="499329771" visible="true" version="5" changeset="19650109" timestamp="2013-12-26T19:40:03Z" user="AaronAsAChimp" uid="153711" lat="42.2849882" lon="-83.7347049"/>
 <node id="499329789" visible="true" version="5" changeset="43779368" timestamp="2016-11-18T21:15:21Z" user="mapper377" uid="2052336" lat="42.2831717" lon="-83.7384046"/>
 <node id="499329798" visible="true" version="4" changeset="43779368" timestamp="2016-11-18T21:15:21Z" user="mapper377" uid="2052336" lat="42.2832578" lon="-83.7351750"/>
 <node id="499329813" visible="true" version="5" changeset="43779368" timestamp="2016-11-18T21:15:21Z" user="mapper377" uid="2052336" lat="42.2821682" lon="-83.7351388"/>
 <node id="499329824" visible="true" version="5" changeset="43779368" timestamp="2016-11-18T21:15:21Z" user="mapper377" uid="2052336" lat="42.2821572" lon="-83.7353768"/>
 <node id="499329839" visible="true" version="6" changeset="179054121" timestamp="2026-02-25T19:25:23Z" user="CurlConnoisseur" uid="21683308" lat="42.2811734" lon="-83.7370455"/>
 <node id="499339528" visible="true" version="6" changeset="43779368" timestamp="2016-11-18T21:15:21Z" user="mapper377" uid="2052336" lat="42.2803416" lon="-83.7407506"/>
 <node id="499339549" visible="true" version="4" changeset="79453673" timestamp="2020-01-11T15:10:57Z" user="mapper377" uid="2052336" lat="42.2794852" lon="-83.7401812"/>
 <node id="499339566" visible="true" version="3" changeset="19650109" timestamp="2013-12-26T19:40:02Z" user="AaronAsAChimp" uid="153711" lat="42.2784984" lon="-83.7394826"/>
 <node id="499339580" visible="true" version="5" changeset="43691563" timestamp="2016-11-16T08:02:07Z" user="mapper377" uid="2052336" lat="42.2784500" lon="-83.7406155"/>
 <node id="499339595" visible="true" version="5" changeset="43691563" timestamp="2016-11-16T08:02:07Z" user="mapper377" uid="2052336" lat="42.2774340" lon="-83.7406056"/>
 <node id="499339674" visible="true" version="5" changeset="42845018" timestamp="2016-10-13T01:43:30Z" user="mapper377" uid="2052336" lat="42.2773785" lon="-83.7424663"/>
 <node id="499339699" visible="true" version="5" changeset="41468957" timestamp="2016-08-15T14:47:22Z" user="mapper377" uid="2052336" lat="42.2734933" lon="-83.7429914"/>
 <node id="499339748" visible="true" version="3" changeset="19650109" timestamp="2013-12-26T19:40:02Z" user="AaronAsAChimp" uid="153711" lat="42.2719560" lon="-83.7405435"/>
 <node id="499339775" visible="true" version="3" changeset="19650109" timestamp="2013-12-26T19:40:02Z" user="AaronAsAChimp" uid="153711" lat="42.2719687" lon="-83.7395392"/>
 <node id="499339786" visible="true" version="3" changeset="19650109" timestamp="2013-12-26T19:40:02Z" user="AaronAsAChimp" uid="153711" lat="42.2733659" lon="-83.7395564"/>
 <node id="499339889" visible="true" version="6" changeset="115999154" timestamp="2022-01-10T21:32:07Z" user="yamanq" uid="13624358" lat="42.2849478" lon="-83.7386445"/>
 <node id="1456878060" visible="true" version="3" changeset="159588367" timestamp="2024-11-25T20:19:27Z" user="mapper377" uid="2052336" lat="42.2803994" lon="-83.7354087"/>
 <node id="1458141577" visible="true" version="3" changeset="159542117" timestamp="2024-11-24T17:05:59Z" user="mapper377" uid="2052336" lat="42.2804944" lon="-83.7355849"/>
 <node id="1667724856" visible="true" version="4" changeset="160285165" timestamp="2024-12-14T16:34:05Z" user="mapper377" uid="2052336" lat="42.2805494" lon="-83.7359250"/>
 <node id="1667724864" visible="true" version="4" changeset="160285165" timestamp="2024-12-14T16:34:05Z" user="mapper377" uid="2052336" lat="42.2805476" lon="-83.7361050"/>
 <node id="1667725107" visible="true" version="4" changeset="160285165" timestamp="2024-12-14T16:34:05Z" user="mapper377" uid="2052336" lat="42.2806266" lon="-83.7359264"/>
 <node id="1667725292" visible="true" version="3" changeset="159542117" timestamp="2024-11-24T17:05:59Z" user="mapper377" uid="2052336" lat="42.2807531" lon="-83.7354913"/>
 <node id="1667725305" visible="true" version="3" changeset="159542117" timestamp="2024-11-24T17:05:59Z" user="mapper377" uid="2052336" lat="42.2807512" lon="-83.7356912"/>
 <node id="1667725321" visible="true" version="3" changeset="159542117" timestamp="2024-11-24T17:05:59Z" user="mapper377" uid="2052336" lat="42.2807541" lon="-83.7353921"/>
 <node id="1667725337" visible="true" version="6" changeset="159998159" timestamp="2024-12-06T15:00:01Z" user="mapper377" uid="2052336" lat="42.2809482" lon="-83.7353955">
  <tag k="access" v="private"/>
  <tag k="automatic_door" v="no"/>
  <tag k="covered" v="yes"/>
  <tag k="description" v="Emergency exit only. This is an exit from a basement level, below grade. Both steps and a ramp are available to reach ground level."/>
  <tag k="door" v="hinged"/>
  <tag k="emergency" v="designated"/>
  <tag k="entrance" v="secondary"/>
  <tag k="exit" v="emergency"/>
  <tag k="level" v="-1"/>
  <tag k="lit" v="yes"/>
 </node>
 <node id="1667725890" visible="true" version="3" changeset="159542117" timestamp="2024-11-24T17:05:59Z" user="mapper377" uid="2052336" lat="42.2810049" lon="-83.7354957"/>
 <node id="1667725913" visible="true" version="3" changeset="159542117" timestamp="2024-11-24T17:05:59Z" user="mapper377" uid="2052336" lat="42.2810030" lon="-83.7356956"/>
 <node id="1667725930" visible="true" version="3" changeset="159542117" timestamp="2024-11-24T17:05:59Z" user="mapper377" uid="2052336" lat="42.2810059" lon="-83.7353965"/>
 <node id="1667726305" visible="true" version="4" changeset="160285165" timestamp="2024-12-14T16:34:05Z" user="mapper377" uid="2052336" lat="42.2811211" lon="-83.7359351"/>
 <node id="1667726343" visible="true" version="4" changeset="160285165" timestamp="2024-12-14T16:34:05Z" user="mapper377" uid="2052336" lat="42.2811983" lon="-83.7359364"/>
 <node id="1667726359" visible="true" version="4" changeset="160285165" timestamp="2024-12-14T16:34:05Z" user="mapper377" uid="2052336" lat="42.2811965" lon="-83.7361164"/>
 <node id="1667934307" visible="true" version="3" changeset="159554292" timestamp="2024-11-25T01:18:15Z" user="mapper377" uid="2052336" lat="42.2803655" lon="-83.7350604"/>
 <node id="1667934308" visible="true" version="3" changeset="159554292" timestamp="2024-11-25T01:18:15Z" user="mapper377" uid="2052336" lat="42.2803645" lon="-83.7352865"/>
 <node id="1667934327" visible="true" version="6" changeset="159580327" timestamp="2024-11-25T16:13:30Z" user="mapper377" uid="2052336" lat="42.2803738" lon="-83.7347320"/>
 <node id="1667934330" visible="true" version="5" changeset="159554292" timestamp="2024-11-25T01:18:15Z" user="mapper377" uid="2052336" lat="42.2803822" lon="-83.7344081"/>
 <node id="1667934333" visible="true" version="5" changeset="159554292" timestamp="2024-11-25T01:18:15Z" user="mapper377" uid="2052336" lat="42.2803835" lon="-83.7344081"/>
 <node id="1667934344" visible="true" version="5" changeset="159554292" timestamp="2024-11-25T01:18:15Z" user="mapper377" uid="2052336" lat="42.2803854" lon="-83.7343340"/>
 <node id="1667934369" visible="true" version="5" changeset="159554292" timestamp="2024-11-25T01:18:15Z" user="mapper377" uid="2052336" lat="42.2805408" lon="-83.7343413"/>
 <node id="1667934381" visible="true" version="5" changeset="159554292" timestamp="2024-11-25T01:18:15Z" user="mapper377" uid="2052336" lat="42.2805483" lon="-83.7340517"/>
 <node id="1667934392" visible="true" version="3" changeset="159554292" timestamp="2024-11-25T01:18:15Z" user="mapper377" uid="2052336" lat="42.2806869" lon="-83.7350630"/>
 <node id="1667934400" visible="true" version="3" changeset="159554292" timestamp="2024-11-25T01:18:15Z" user="mapper377" uid="2052336" lat="42.2806859" lon="-83.7352892"/>
 <node id="1667934403" visible="true" version="4" changeset="159554292" timestamp="2024-11-25T01:18:15Z" user="mapper377" uid="2052336" lat="42.2808378" lon="-83.7343553"/>
 <node id="1667934411" visible="true" version="5" changeset="159554292" timestamp="2024-11-25T01:18:15Z" user="mapper377" uid="2052336" lat="42.2808452" lon="-83.7340656"/>
 <node id="1667934438" visible="true" version="7" changeset="159554292" timestamp="2024-11-25T01:18:15Z" user="mapper377" uid="2052336" lat="42.2810589" lon="-83.7344437"/>
 <node id="1667934447" visible="true" version="6" changeset="159554292" timestamp="2024-11-25T01:18:15Z" user="mapper377" uid="2052336" lat="42.2810609" lon="-83.7343658"/>
 <node id="1667934454" visible="true" version="6" changeset="159554292" timestamp="2024-11-25T01:18:15Z" user="mapper377" uid="2052336" lat="42.2812490" lon="-83.7349467"/>
 <node id="1667934471" visible="true" version="6" changeset="159554292" timestamp="2024-11-25T01:18:15Z" user="mapper377" uid="2052336" lat="42.2812617" lon="-83.7344532"/>
 <node id="2038576084" visible="true" version="3" changeset="41468957" timestamp="2016-08-15T14:47:22Z" user="mapper377" uid="2052336" lat="42.2736723" lon="-83.7434387"/>
 <node id="2038576088" visible="true" version="3" changeset="41468957" timestamp="2016-08-15T14:47:22Z" user="mapper377" uid="2052336" lat="42.2736343" lon="-83.7430674"/>
 <node id="2038576110" visible="true" version="3" changeset="41468957" timestamp="2016-08-15T14:47:22Z" user="mapper377" uid="2052336" lat="42.2735611" lon="-83.7430628"/>
 <node id="2038576126" visible="true" version="3" changeset="56278356" timestamp="2018-02-12T00:49:35Z" user="tr_veler" uid="7120502" lat="42.2733656" lon="-83.7423147"/>
 <node id="2038576129" visible="true" version="2" changeset="19650109" timestamp="2013-12-26T19:40:02Z" user="AaronAsAChimp" uid="153711" lat="42.2734948" lon="-83.7427663"/>
 <node id="2038579339" visible="true" version="2" changeset="19650109" timestamp="2013-12-26T19:40:02Z" user="AaronAsAChimp" uid="153711" lat="42.2734133" lon="-83.7425602"/>
 <node id="2038620968" visible="true" version="3" changeset="43691563" timestamp="2016-11-16T08:02:08Z" user="mapper377" uid="2052336" lat="42.2784896" lon="-83.7405134"/>
 <node id="2038620971" visible="true" version="3" changeset="43691563" timestamp="2016-11-16T08:02:08Z" user="mapper377" uid="2052336" lat="42.2784799" lon="-83.7405729"/>
 <node id="2038620986" visible="true" version="3" changeset="43691563" timestamp="2016-11-16T08:02:08Z" user="mapper377" uid="2052336" lat="42.2784130" lon="-83.7406310"/>
 <node id="2038932893" visible="true" version="3" changeset="43779368" timestamp="2016-11-18T21:15:21Z" user="mapper377" uid="2052336" lat="42.2820816" lon="-83.7354809"/>
 <node id="2038932897" visible="true" version="3" changeset="43779368" timestamp="2016-11-18T21:15:21Z" user="mapper377" uid="2052336" lat="42.2821250" lon="-83.7354388"/>
 <node id="2038932902" visible="true" version="4" changeset="27192512" timestamp="2014-12-03T03:30:40Z" user="DougPeterson" uid="1469704" lat="42.2795857" lon="-83.7312039"/>
 <node id="2040284024" visible="true" version="3" changeset="42845018" timestamp="2016-10-13T01:43:29Z" user="mapper377" uid="2052336" lat="42.2775617" lon="-83.7421223"/>
 <node id="2040284032" visible="true" version="4" changeset="42845018" timestamp="2016-10-13T01:43:29Z" user="mapper377" uid="2052336" lat="42.2773745" lon="-83.7430842"/>
 <node id="2040284051" visible="true" version="2" changeset="19650109" timestamp="2013-12-26T19:40:02Z" user="AaronAsAChimp" uid="153711" lat="42.2774163" lon="-83.7421204"/>
 <node id="2040284054" visible="true" version="3" changeset="42845018" timestamp="2016-10-13T01:43:29Z" user="mapper377" uid="2052336" lat="42.2775566" lon="-83.7424661"/>
 <node id="2044154224" visible="true" version="3" changeset="19650109" timestamp="2013-12-26T19:40:03Z" user="AaronAsAChimp" uid="153711" lat="42.2848133" lon="-83.7349316"/>
 <node id="2044154326" visible="true" version="3" changeset="19650109" timestamp="2013-12-26T19:40:03Z" user="AaronAsAChimp" uid="153711" lat="42.2851398" lon="-83.7343982"/>
 <node id="2044184825" visible="true" version="2" changeset="19650109" timestamp="2013-12-26T19:40:03Z" user="AaronAsAChimp" uid="153711" lat="42.2826540" lon="-83.7262153"/>
 <node id="2044184881" visible="true" version="2" changeset="19650109" timestamp="2013-12-26T19:40:03Z" user="AaronAsAChimp" uid="153711" lat="42.2838777" lon="-83.7269526"/>
 <node id="2044184884" visible="true" version="2" changeset="19650109" timestamp="2013-12-26T19:40:03Z" user="AaronAsAChimp" uid="153711" lat="42.2833065" lon="-83.7266228"/>
 <node id="2044184887" visible="true" version="2" changeset="19650109" timestamp="2013-12-26T19:40:03Z" user="AaronAsAChimp" uid="153711" lat="42.2815913" lon="-83.7264380"/>
 <node id="2044184893" visible="true" version="3" changeset="25107400" timestamp="2014-08-29T22:07:53Z" user="nkorth" uid="1884025" lat="42.2805503" lon="-83.7269948"/>
 <node id="2044184907" visible="true" version="2" changeset="19650109" timestamp="2013-12-26T19:40:03Z" user="AaronAsAChimp" uid="153711" lat="42.2810994" lon="-83.7266419"/>
 <node id="2044184914" visible="true" version="3" changeset="19650109" timestamp="2013-12-26T19:40:03Z" user="AaronAsAChimp" uid="153711" lat="42.2852627" lon="-83.7310977"/>
 <node id="2044184916" visible="true" version="2" changeset="19650109" timestamp="2013-12-26T19:40:03Z" user="AaronAsAChimp" uid="153711" lat="42.2820061" lon="-83.7261558"/>
 <node id="2229344946" visible="true" version="5" changeset="172413837" timestamp="2025-09-24T21:58:34Z" user="jshwlkr" uid="10749519" lat="42.2812301" lon="-83.7354003">
  <tag k="check_date" v="2025-09-24"/>
  <tag k="emergency" v="phone"/>
  <tag k="operator" v="University of Michigan"/>
 </node>
 <node id="2342822254" visible="true" version="2" changeset="19650109" timestamp="2013-12-26T19:40:03Z" user="AaronAsAChimp" uid="153711" lat="42.2852611" lon="-83.7328946"/>
 <node id="2342822255" visible="true" version="2" changeset="19650109" timestamp="2013-12-26T19:40:03Z" user="AaronAsAChimp" uid="153711" lat="42.2853169" lon="-83.7320354"/>
 <node id="2342822256" visible="true" version="3" changeset="19650109" timestamp="2013-12-26T19:40:03Z" user="AaronAsAChimp" uid="153711" lat="42.2852115" lon="-83.7341109"/>
 <node id="2342822257" visible="true" version="2" changeset="19650109" timestamp="2013-12-26T19:40:03Z" user="AaronAsAChimp" uid="153711" lat="42.2853493" lon="-83.7315574"/>
 <node id="2623068253" visible="true" version="4" changeset="39392480" timestamp="2016-05-18T06:38:58Z" user="mapper377" uid="2052336" lat="42.2842986" lon="-83.7438234"/>
 <node id="3049623028" visible="true" version="1" changeset="25107333" timestamp="2014-08-29T22:03:01Z" user="nkorth" uid="1884025" lat="42.2815090" lon="-83.7352800"/>
 <node id="3049623029" visible="true" version="1" changeset="25107333" timestamp="2014-08-29T22:03:01Z" user="nkorth" uid="1884025" lat="42.2820312" lon="-83.7352917"/>
 <node id="3049623030" visible="true" version="1" changeset="25107333" timestamp="2014-08-29T22:03:01Z" user="nkorth" uid="1884025" lat="42.2820355" lon="-83.7351116"/>
 <node id="3049623031" visible="true" version="2" changeset="58928779" timestamp="2018-05-13T16:42:21Z" user="Aaarbie" uid="7772397" lat="42.2821176" lon="-83.7351244"/>
 <node id="3049623032" visible="true" version="2" changeset="58928779" timestamp="2018-05-13T16:42:21Z" user="Aaarbie" uid="7772397" lat="42.2820865" lon="-83.7349266"/>
 <node id="3049623033" visible="true" version="2" changeset="58928779" timestamp="2018-05-13T16:42:21Z" user="Aaarbie" uid="7772397" lat="42.2821380" lon="-83.7349301"/>
 <node id="3049623034" visible="true" version="2" changeset="58928779" timestamp="2018-05-13T16:42:21Z" user="Aaarbie" uid="7772397" lat="42.2821685" lon="-83.7337814"/>
 <node id="3049623035" visible="true" version="2" changeset="58928779" timestamp="2018-05-13T16:42:21Z" user="Aaarbie" uid="7772397" lat="42.2819343" lon="-83.7337262"/>
 <node id="3049623036" visible="true" version="2" changeset="58928779" timestamp="2018-05-13T16:42:21Z" user="Aaarbie" uid="7772397" lat="42.2819301" lon="-83.7338952"/>
 <node id="3049623037" visible="true" version="2" changeset="58928779" timestamp="2018-05-13T16:42:21Z" user="Aaarbie" uid="7772397" lat="42.2817785" lon="-83.7338012"/>
 <node id="3049623038" visible="true" version="2" changeset="58928779" timestamp="2018-05-13T16:42:21Z" user="Aaarbie" uid="7772397" lat="42.2817694" lon="-83.7338817"/>
 <node id="3049623039" visible="true" version="2" changeset="58928779" timestamp="2018-05-13T16:42:21Z" user="Aaarbie" uid="7772397" lat="42.2817639" lon="-83.7339848"/>
 <node id="3049623040" visible="true" version="2" changeset="58928779" timestamp="2018-05-13T16:42:21Z" user="Aaarbie" uid="7772397" lat="42.2816921" lon="-83.7339455"/>
 <node id="3049623041" visible="true" version="2" changeset="58928779" timestamp="2018-05-13T16:42:21Z" user="Aaarbie" uid="7772397" lat="42.2817709" lon="-83.7341176"/>
 <node id="3049623042" visible="true" version="2" changeset="58928779" timestamp="2018-05-13T16:42:21Z" user="Aaarbie" uid="7772397" lat="42.2817773" lon="-83.7341573"/>
 <node id="3049623043" visible="true" version="1" changeset="25107333" timestamp="2014-08-29T22:03:01Z" user="nkorth" uid="1884025" lat="42.2817856" lon="-83.7342485"/>
 <node id="3049623044" visible="true" version="1" changeset="25107333" timestamp="2014-08-29T22:03:01Z" user="nkorth" uid="1884025" lat="42.2817949" lon="-83.7343258"/>
 <node id="3049623045" visible="true" version="1" changeset="25107333" timestamp="2014-08-29T22:03:02Z" user="nkorth" uid="1884025" lat="42.2817933" lon="-83.7343947"/>
 <node id="3049623046" visible="true" version="1" changeset="25107333" timestamp="2014-08-29T22:03:02Z" user="nkorth" uid="1884025" lat="42.2817825" lon="-83.7344532"/>
 <node id="3049623047" visible="true" version="1" changeset="25107333" timestamp="2014-08-29T22:03:02Z" user="nkorth" uid="1884025" lat="42.2817748" lon="-83.7345117"/>
 <node id="3049623048" visible="true" version="1" changeset="25107333" timestamp="2014-08-29T22:03:02Z" user="nkorth" uid="1884025" lat="42.2817671" lon="-83.7346224"/>
 <node id="3049623049" visible="true" version="1" changeset="25107333" timestamp="2014-08-29T22:03:02Z" user="nkorth" uid="1884025" lat="42.2817563" lon="-83.7346892"/>
 <node id="3049623050" visible="true" version="1" changeset="25107333" timestamp="2014-08-29T22:03:02Z" user="nkorth" uid="1884025" lat="42.2817408" lon="-83.7347226"/>
 <node id="3049623051" visible="true" version="1" changeset="25107333" timestamp="2014-08-29T22:03:02Z" user="nkorth" uid="1884025" lat="42.2817176" lon="-83.7347498"/>
 <node id="3049623052" visible="true" version="1" changeset="25107333" timestamp="2014-08-29T22:03:02Z" user="nkorth" uid="1884025" lat="42.2816759" lon="-83.7347686"/>
 <node id="3049623053" visible="true" version="1" changeset="25107333" timestamp="2014-08-29T22:03:02Z" user="nkorth" uid="1884025" lat="42.2815142" lon="-83.7347931"/>
 <node id="3049623054" visible="true" version="1" changeset="25107333" timestamp="2014-08-29T22:03:02Z" user="nkorth" uid="1884025" lat="42.2815497" lon="-83.7348906"/>
 <node id="3049623055" visible="true" version="2" changeset="58928779" timestamp="2018-05-13T16:42:21Z" user="Aaarbie" uid="7772397" lat="42.2817505" lon="-83.7341191"/>
 <node id="3049623056" visible="true" version="1" changeset="25107333" timestamp="2014-08-29T22:03:02Z" user="nkorth" uid="1884025" lat="42.2815023" lon="-83.7348207"/>
 <node id="3049623057" visible="true" version="1" changeset="25107333" timestamp="2014-08-29T22:03:02Z" user="nkorth" uid="1884025" lat="42.2816230" lon="-83.7348805"/>
 <node id="3049623058" visible="true" version="1" changeset="25107333" timestamp="2014-08-29T22:03:02Z" user="nkorth" uid="1884025" lat="42.2815519" lon="-83.7349766"/>
 <node id="3049623059" visible="true" version="1" changeset="25107333" timestamp="2014-08-29T22:03:02Z" user="nkorth" uid="1884025" lat="42.2816284" lon="-83.7349722"/>
 <node id="3049623060" visible="true" version="2" changeset="58928779" timestamp="2018-05-13T16:42:21Z" user="Aaarbie" uid="7772397" lat="42.2816676" lon="-83.7339231"/>
 <node id="3049623061" visible="true" version="2" changeset="58928779" timestamp="2018-05-13T16:42:21Z" user="Aaarbie" uid="7772397" lat="42.2816454" lon="-83.7339180"/>
 <node id="3049623062" visible="true" version="2" changeset="58928779" timestamp="2018-05-13T16:42:21Z" user="Aaarbie" uid="7772397" lat="42.2816188" lon="-83.7339236"/>
 <node id="3049623063" visible="true" version="2" changeset="58928779" timestamp="2018-05-13T16:42:21Z" user="Aaarbie" uid="7772397" lat="42.2815992" lon="-83.7339396"/>
 <node id="3049623064" visible="true" version="2" changeset="58928779" timestamp="2018-05-13T16:42:21Z" user="Aaarbie" uid="7772397" lat="42.2815814" lon="-83.7339612"/>
 <node id="3049623065" visible="true" version="2" changeset="58928779" timestamp="2018-05-13T16:42:21Z" user="Aaarbie" uid="7772397" lat="42.2815690" lon="-83.7339867"/>
 <node id="3049623066" visible="true" version="2" changeset="58928779" timestamp="2018-05-13T16:42:21Z" user="Aaarbie" uid="7772397" lat="42.2815574" lon="-83.7340197"/>
 <node id="3049623067" visible="true" version="1" changeset="25107333" timestamp="2014-08-29T22:03:02Z" user="nkorth" uid="1884025" lat="42.2815486" lon="-83.7340610"/>
 <node id="3049623068" visible="true" version="2" changeset="58928779" timestamp="2018-05-13T16:42:21Z" user="Aaarbie" uid="7772397" lat="42.2815318" lon="-83.7341481"/>
 <node id="3049623069" visible="true" version="2" changeset="58928779" timestamp="2018-05-13T16:42:21Z" user="Aaarbie" uid="7772397" lat="42.2815338" lon="-83.7341631"/>
 <node id="3049623070" visible="true" version="2" changeset="58928779" timestamp="2018-05-13T16:42:21Z" user="Aaarbie" uid="7772397" lat="42.2816224" lon="-83.7342999"/>
 <node id="3049623071" visible="true" version="2" changeset="58928779" timestamp="2018-05-13T16:42:21Z" user="Aaarbie" uid="7772397" lat="42.2816498" lon="-83.7343010"/>
 <node id="3049623072" visible="true" version="2" changeset="58928779" timestamp="2018-05-13T16:42:21Z" user="Aaarbie" uid="7772397" lat="42.2816790" lon="-83.7342887"/>
 <node id="3049623073" visible="true" version="2" changeset="58928779" timestamp="2018-05-13T16:42:21Z" user="Aaarbie" uid="7772397" lat="42.2817007" lon="-83.7342696"/>
 <node id="3049623074" visible="true" version="2" changeset="58928779" timestamp="2018-05-13T16:42:21Z" user="Aaarbie" uid="7772397" lat="42.2817169" lon="-83.7342481"/>
 <node id="3049623075" visible="true" version="2" changeset="58928779" timestamp="2018-05-13T16:42:21Z" user="Aaarbie" uid="7772397" lat="42.2817323" lon="-83.7342175"/>
 <node id="3049623076" visible="true" version="2" changeset="58928779" timestamp="2018-05-13T16:42:21Z" user="Aaarbie" uid="7772397" lat="42.2817424" lon="-83.7341854"/>
 <node id="3049623077" visible="true" version="2" changeset="58928779" timestamp="2018-05-13T16:42:21Z" user="Aaarbie" uid="7772397" lat="42.2817494" lon="-83.7341495"/>
 <node id="3049625728" visible="true" version="2" changeset="27192512" timestamp="2014-12-03T03:30:41Z" user="DougPeterson" uid="1469704" lat="42.2801743" lon="-83.7269629"/>
 <node id="3066931696" visible="true" version="1" changeset="25311408" timestamp="2014-09-08T16:49:51Z" user="nkorth" uid="1884025" lat="42.2850197" lon="-83.7355682"/>
 <node id="3066931697" visible="true" version="2" changeset="168474141" timestamp="2025-07-04T08:08:38Z" user="torapa" uid="5446055" lat="42.2849171" lon="-83.7363446"/>
 <node id="3066931698" visible="true" version="1" changeset="25311408" timestamp="2014-09-08T16:49:51Z" user="nkorth" uid="1884025" lat="42.2854850" lon="-83.7364067"/>
 <node id="3066931699" visible="true" version="1" changeset="25311408" timestamp="2014-09-08T16:49:51Z" user="nkorth" uid="1884025" lat="42.2857509" lon="-83.7377444"/>
 <node id="3066931700" visible="true" version="1" changeset="25311408" timestamp="2014-09-08T16:49:51Z" user="nkorth" uid="1884025" lat="42.2853816" lon="-83.7378342"/>
 <node id="3066931701" visible="true" version="2" changeset="80409917" timestamp="2020-02-01T13:36:18Z" user="lmum" uid="1084189" lat="42.2849561" lon="-83.7389659"/>
 <node id="3066931702" visible="true" version="1" changeset="25311408" timestamp="2014-09-08T16:49:51Z" user="nkorth" uid="1884025" lat="42.2859060" lon="-83.7386428"/>
 <node id="3066931703" visible="true" version="1" changeset="25311408" timestamp="2014-09-08T16:49:51Z" user="nkorth" uid="1884025" lat="42.2858690" lon="-83.7384432"/>
 <node id="3066931704" visible="true" version="1" changeset="25311408" timestamp="2014-09-08T16:49:51Z" user="nkorth" uid="1884025" lat="42.2855293" lon="-83.7385031"/>
 <node id="3196331789" visible="true" version="1" changeset="26897731" timestamp="2014-11-19T23:09:21Z" user="jcplantin" uid="364236" lat="42.2803435" lon="-83.7404305"/>
 <node id="3196331790" visible="true" version="2" changeset="43779368" timestamp="2016-11-18T21:15:21Z" user="mapper377" uid="2052336" lat="42.2803379" lon="-83.7407242"/>
 <node id="3216886665" visible="true" version="1" changeset="27192512" timestamp="2014-12-03T03:30:31Z" user="DougPeterson" uid="1469704" lat="42.2795985" lon="-83.7303243"/>
 <node id="3216886699" visible="true" version="1" changeset="27192512" timestamp="2014-12-03T03:30:31Z" user="DougPeterson" uid="1469704" lat="42.2800624" lon="-83.7303367"/>
 <node id="3416867978" visible="true" version="5" changeset="160285165" timestamp="2024-12-14T16:34:05Z" user="mapper377" uid="2052336" lat="42.2805769" lon="-83.7359910">
  <tag k="access" v="yes"/>
  <tag k="automatic_door" v="no"/>
  <tag k="covered" v="yes"/>
  <tag k="description" v="Main lobby entrance from the parking structure plaza."/>
  <tag k="door" v="hinged"/>
  <tag k="entrance" v="main"/>
  <tag k="level" v="4"/>
  <tag k="lit" v="yes"/>
  <tag k="wheelchair" v="yes"/>
 </node>
 <node id="3416867985" visible="true" version="6" changeset="160285165" timestamp="2024-12-14T16:34:05Z" user="mapper377" uid="2052336" lat="42.2806406" lon="-83.7360738">
  <tag k="access" v="yes"/>
  <tag k="automatic_door" v="no"/>
  <tag k="covered" v="yes"/>
  <tag k="description" v="An upper entrance to the lobby from Felch Park."/>
  <tag k="door" v="hinged"/>
  <tag k="entrance" v="yes"/>
  <tag k="level" v="3"/>
  <tag k="lit" v="yes"/>
  <tag k="wheelchair" v="yes"/>
 </node>
 <node id="3416867986" visible="true" version="3" changeset="159542117" timestamp="2024-11-24T17:05:59Z" user="mapper377" uid="2052336" lat="42.2811674" lon="-83.7370560"/>
 <node id="3416867988" visible="true" version="4" changeset="160285165" timestamp="2024-12-14T16:34:05Z" user="mapper377" uid="2052336" lat="42.2805192" lon="-83.7361040"/>
 <node id="3416867989" visible="true" version="4" changeset="159750228" timestamp="2024-11-29T17:12:17Z" user="mapper377" uid="2052336" lat="42.2805138" lon="-83.7364193"/>
 <node id="3416867990" visible="true" version="4" changeset="159750228" timestamp="2024-11-29T17:12:17Z" user="mapper377" uid="2052336" lat="42.2803811" lon="-83.7368362"/>
 <node id="3416867991" visible="true" version="2" changeset="58508903" timestamp="2018-04-28T17:11:28Z" user="Aaarbie" uid="7772397" lat="42.2803934" lon="-83.7369512"/>
 <node id="3416867992" visible="true" version="2" changeset="58508903" timestamp="2018-04-28T17:11:28Z" user="Aaarbie" uid="7772397" lat="42.2805122" lon="-83.7369574"/>
 <node id="3416868193" visible="true" version="1" changeset="29718070" timestamp="2015-03-25T01:20:22Z" user="nkorth" uid="1884025" lat="42.2805266" lon="-83.7370576"/>
 <node id="3913128942" visible="true" version="2" changeset="58508903" timestamp="2018-04-28T17:11:29Z" user="Aaarbie" uid="7772397" lat="42.2811648" lon="-83.7371053"/>
 <node id="3913128943" visible="true" version="2" changeset="58508903" timestamp="2018-04-28T17:11:29Z" user="Aaarbie" uid="7772397" lat="42.2812010" lon="-83.7370480"/>
 <node id="3913128944" visible="true" version="2" changeset="58508903" timestamp="2018-04-28T17:11:28Z" user="Aaarbie" uid="7772397" lat="42.2805009" lon="-83.7369853"/>
 <node id="3913128945" visible="true" version="2" changeset="159542117" timestamp="2024-11-24T17:05:59Z" user="mapper377" uid="2052336" lat="42.2812233" lon="-83.7363391"/>
 <node id="3913128946" visible="true" version="1" changeset="36202236" timestamp="2015-12-27T18:05:32Z" user="Johnny Mapperseed" uid="1723055" lat="42.2812484" lon="-83.7353763"/>
 <node id="3913128953" visible="true" version="5" changeset="159554292" timestamp="2024-11-25T01:18:15Z" user="mapper377" uid="2052336" lat="42.2807022" lon="-83.7349209"/>
 <node id="3913128954" visible="true" version="5" changeset="159554292" timestamp="2024-11-25T01:18:15Z" user="mapper377" uid="2052336" lat="42.2804530" lon="-83.7348449"/>
 <node id="3913128955" visible="true" version="5" changeset="159554292" timestamp="2024-11-25T01:18:15Z" user="mapper377" uid="2052336" lat="42.2804557" lon="-83.7347377"/>
 <node id="3913128956" visible="true" version="5" changeset="159554292" timestamp="2024-11-25T01:18:15Z" user="mapper377" uid="2052336" lat="42.2807039" lon="-83.7348567"/>
 <node id="4192949049" visible="true" version="1" changeset="39392480" timestamp="2016-05-18T06:38:55Z" user="mapper377" uid="2052336" lat="42.2813636" lon="-83.7428190"/>
 <node id="4192949055" visible="true" version="1" changeset="39392480" timestamp="2016-05-18T06:38:55Z" user="mapper377" uid="2052336" lat="42.2813913" lon="-83.7437052"/>
 <node id="4192949072" visible="true" version="1" changeset="39392480" timestamp="2016-05-18T06:38:56Z" user="mapper377" uid="2052336" lat="42.2816769" lon="-83.7436888"/>
 <node id="4351262546" visible="true" version="1" changeset="41468957" timestamp="2016-08-15T14:47:18Z" user="mapper377" uid="2052336" lat="42.2736312" lon="-83.7433613"/>
 <node id="4351262559" visible="true" version="1" changeset="41468957" timestamp="2016-08-15T14:47:18Z" user="mapper377" uid="2052336" lat="42.2740887" lon="-83.7438843"/>
 <node id="4351262560" visible="true" version="1" changeset="41468957" timestamp="2016-08-15T14:47:18Z" user="mapper377" uid="2052336" lat="42.2742882" lon="-83.7440882"/>
 <node id="4351262561" visible="true" version="1" changeset="41468957" timestamp="2016-08-15T14:47:18Z" user="mapper377" uid="2052336" lat="42.2743715" lon="-83.7441753"/>
 <node id="4351262562" visible="true" version="2" changeset="42845688" timestamp="2016-10-13T02:55:45Z" user="mapper377" uid="2052336" lat="42.2759195" lon="-83.7440989"/>
 <node id="4351262563" visible="true" version="2" changeset="42845688" timestamp="2016-10-13T02:55:45Z" user="mapper377" uid="2052336" lat="42.2759275" lon="-83.7430501"/>
 <node id="4351262564" visible="true" version="1" changeset="41468957" timestamp="2016-08-15T14:47:18Z" user="mapper377" uid="2052336" lat="42.2762748" lon="-83.7441016"/>
 <node id="4351262565" visible="true" version="2" changeset="42845688" timestamp="2016-10-13T02:55:45Z" user="mapper377" uid="2052336" lat="42.2762728" lon="-83.7430582"/>
 <node id="4351262580" visible="true" version="1" changeset="41468957" timestamp="2016-08-15T14:47:19Z" user="mapper377" uid="2052336" lat="42.2771738" lon="-83.7440747"/>
 <node id="4351262581" visible="true" version="2" changeset="42845018" timestamp="2016-10-13T01:43:30Z" user="mapper377" uid="2052336" lat="42.2771867" lon="-83.7430790"/>
 <node id="4393371107" visible="true" version="3" changeset="159723108" timestamp="2024-11-29T00:28:45Z" user="mapper377" uid="2052336" lat="42.2804899" lon="-83.7360558"/>
 <node id="4393371111" visible="true" version="3" changeset="140714701" timestamp="2023-09-02T11:36:02Z" user="danieldegroot2" uid="11212507" lat="42.2813127" lon="-83.7353535"/>
 <node id="4393371112" visible="true" version="1" changeset="42022866" timestamp="2016-09-09T11:39:18Z" user="bogdan_andrei" uid="4433679" lat="42.2813093" lon="-83.7364150"/>
 <node id="4393371121" visible="true" version="2" changeset="140714701" timestamp="2023-09-02T11:36:02Z" user="danieldegroot2" uid="11212507" lat="42.2814207" lon="-83.7353556"/>
 <node id="4393371145" visible="true" version="1" changeset="42022866" timestamp="2016-09-09T11:39:19Z" user="bogdan_andrei" uid="4433679" lat="42.2818078" lon="-83.7355859"/>
 <node id="4503325821" visible="true" version="1" changeset="43684901" timestamp="2016-11-16T00:20:05Z" user="mapper377" uid="2052336" lat="42.2809804" lon="-83.7438547"/>
 <node id="4503325850" visible="true" version="1" changeset="43684901" timestamp="2016-11-16T00:20:05Z" user="mapper377" uid="2052336" lat="42.2810897" lon="-83.7428224"/>
 <node id="4508790406" visible="true" version="1" changeset="43771657" timestamp="2016-11-18T16:12:30Z" user="mapper377" uid="2052336" lat="42.2818253" lon="-83.7359666"/>
 <node id="4508790407" visible="true" version="1" changeset="43771657" timestamp="2016-11-18T16:12:30Z" user="mapper377" uid="2052336" lat="42.2818288" lon="-83.7357977"/>
 <node id="4508790408" visible="true" version="1" changeset="43771657" timestamp="2016-11-18T16:12:30Z" user="mapper377" uid="2052336" lat="42.2819008" lon="-83.7358005"/>
 <node id="4508790409" visible="true" version="1" changeset="43771657" timestamp="2016-11-18T16:12:30Z" user="mapper377" uid="2052336" lat="42.2818973" lon="-83.7359693"/>
 <node id="4508790410" visible="true" version="1" changeset="43771657" timestamp="2016-11-18T16:12:30Z" user="mapper377" uid="2052336" lat="42.2819912" lon="-83.7359305"/>
 <node id="4508790411" visible="true" version="1" changeset="43771657" timestamp="2016-11-18T16:12:30Z" user="mapper377" uid="2052336" lat="42.2819935" lon="-83.7358205"/>
 <node id="4508790412" visible="true" version="1" changeset="43771657" timestamp="2016-11-18T16:12:30Z" user="mapper377" uid="2052336" lat="42.2820961" lon="-83.7358244"/>
 <node id="4508790413" visible="true" version="1" changeset="43771657" timestamp="2016-11-18T16:12:30Z" user="mapper377" uid="2052336" lat="42.2820937" lon="-83.7359345"/>
 <node id="4508790418" visible="true" version="1" changeset="43771657" timestamp="2016-11-18T16:12:31Z" user="mapper377" uid="2052336" lat="42.2819838" lon="-83.7363098"/>
 <node id="4508790419" visible="true" version="1" changeset="43771657" timestamp="2016-11-18T16:12:31Z" user="mapper377" uid="2052336" lat="42.2819866" lon="-83.7361759"/>
 <node id="4508790420" visible="true" version="1" changeset="43771657" timestamp="2016-11-18T16:12:31Z" user="mapper377" uid="2052336" lat="42.2820618" lon="-83.7361788"/>
 <node id="4508790421" visible="true" version="1" changeset="43771657" timestamp="2016-11-18T16:12:31Z" user="mapper377" uid="2052336" lat="42.2820590" lon="-83.7363127"/>
 <node id="4509271723" visible="true" version="2" changeset="179054121" timestamp="2026-02-25T19:25:23Z" user="CurlConnoisseur" uid="21683308" lat="42.2818210" lon="-83.7357068"/>
 <node id="4509271735" visible="true" version="1" changeset="43779368" timestamp="2016-11-18T21:15:15Z" user="mapper377" uid="2052336" lat="42.2821441" lon="-83.7354170"/>
 <node id="4509271736" visible="true" version="1" changeset="43779368" timestamp="2016-11-18T21:15:15Z" user="mapper377" uid="2052336" lat="42.2821104" lon="-83.7354626"/>
 <node id="4509271737" visible="true" version="2" changeset="179054121" timestamp="2026-02-25T19:25:23Z" user="CurlConnoisseur" uid="21683308" lat="42.2813972" lon="-83.7370573"/>
 <node id="4509271739" visible="true" version="2" changeset="179054121" timestamp="2026-02-25T19:25:23Z" user="CurlConnoisseur" uid="21683308" lat="42.2818213" lon="-83.7354626"/>
 <node id="4509271797" visible="true" version="3" changeset="108443126" timestamp="2021-07-22T17:29:32Z" user="aqalieh" uid="411620" lat="42.2821956" lon="-83.7357186">
  <tag k="barrier" v="kerb"/>
  <tag k="kerb" v="lowered"/>
  <tag k="tactile_paving" v="yes"/>
 </node>
 <node id="4509271822" visible="true" version="1" changeset="43779368" timestamp="2016-11-18T21:15:16Z" user="mapper377" uid="2052336" lat="42.2814277" lon="-83.7357922"/>
 <node id="4509271823" visible="true" version="1" changeset="43779368" timestamp="2016-11-18T21:15:16Z" user="mapper377" uid="2052336" lat="42.2814386" lon="-83.7357466"/>
 <node id="4509271824" visible="true" version="1" changeset="43779368" timestamp="2016-11-18T21:15:16Z" user="mapper377" uid="2052336" lat="42.2814525" lon="-83.7357157"/>
 <node id="4509271825" visible="true" version="1" changeset="43779368" timestamp="2016-11-18T21:15:16Z" user="mapper377" uid="2052336" lat="42.2814713" lon="-83.7356916"/>
 <node id="4509271826" visible="true" version="1" changeset="43779368" timestamp="2016-11-18T21:15:16Z" user="mapper377" uid="2052336" lat="42.2814902" lon="-83.7356835"/>
 <node id="4509271827" visible="true" version="1" changeset="43779368" timestamp="2016-11-18T21:15:16Z" user="mapper377" uid="2052336" lat="42.2815200" lon="-83.7356715"/>
 <node id="4509271828" visible="true" version="1" changeset="43779368" timestamp="2016-11-18T21:15:16Z" user="mapper377" uid="2052336" lat="42.2821659" lon="-83.7357117"/>
 <node id="4603222406" visible="true" version="1" changeset="45095978" timestamp="2017-01-12T06:42:35Z" user="mapper377" uid="2052336" lat="42.2817842" lon="-83.7443223"/>
 <node id="4728721044" visible="true" version="1" changeset="46754982" timestamp="2017-03-11T04:45:26Z" user="IanH" uid="306962" lat="42.2775318" lon="-83.7340907"/>
 <node id="4728721045" visible="true" version="1" changeset="46754982" timestamp="2017-03-11T04:45:26Z" user="IanH" uid="306962" lat="42.2775174" lon="-83.7339215"/>
 <node id="4913050254" visible="true" version="1" changeset="49503668" timestamp="2017-06-13T15:16:42Z" user="zaizone" uid="1122708" lat="42.2848539" lon="-83.7274836"/>
 <node id="4913050255" visible="true" version="1" changeset="49503668" timestamp="2017-06-13T15:16:42Z" user="zaizone" uid="1122708" lat="42.2845261" lon="-83.7272532"/>
 <node id="5321270832" visible="true" version="1" changeset="55175618" timestamp="2018-01-05T03:26:08Z" user="IanH" uid="306962" lat="42.2825649" lon="-83.7261830"/>
 <node id="5406262308" visible="true" version="1" changeset="56278356" timestamp="2018-02-12T00:49:34Z" user="tr_veler" uid="7120502" lat="42.2733800" lon="-83.7424410"/>
 <node id="5483787697" visible="true" version="2" changeset="58743968" timestamp="2018-05-07T02:20:58Z" user="Aaarbie" uid="7772397" lat="42.2720484" lon="-83.7380787"/>
 <node id="5584734917" visible="true" version="1" changeset="58508903" timestamp="2018-04-28T17:11:25Z" user="Aaarbie" uid="7772397" lat="42.2805180" lon="-83.7370547"/>
 <node id="5584734918" visible="true" version="1" changeset="58508903" timestamp="2018-04-28T17:11:25Z" user="Aaarbie" uid="7772397" lat="42.2805120" lon="-83.7370484"/>
 <node id="5584734919" visible="true" version="1" changeset="58508903" timestamp="2018-04-28T17:11:25Z" user="Aaarbie" uid="7772397" lat="42.2805098" lon="-83.7370408"/>
 <node id="5584734920" visible="true" version="1" changeset="58508903" timestamp="2018-04-28T17:11:25Z" user="Aaarbie" uid="7772397" lat="42.2803805" lon="-83.7369347"/>
 <node id="5584735822" visible="true" version="2" changeset="159542117" timestamp="2024-11-24T17:05:59Z" user="mapper377" uid="2052336" lat="42.2811436" lon="-83.7370818"/>
 <node id="5584735823" visible="true" version="2" changeset="159542117" timestamp="2024-11-24T17:05:59Z" user="mapper377" uid="2052336" lat="42.2811597" lon="-83.7370663"/>
 <node id="5584735825" visible="true" version="2" changeset="159542117" timestamp="2024-11-24T17:05:59Z" user="mapper377" uid="2052336" lat="42.2811527" lon="-83.7370743"/>
 <node id="5584735826" visible="true" version="2" changeset="159542117" timestamp="2024-11-24T17:05:59Z" user="mapper377" uid="2052336" lat="42.2811250" lon="-83.7370886"/>
 <node id="5584735827" visible="true" version="2" changeset="159542117" timestamp="2024-11-24T17:05:59Z" user="mapper377" uid="2052336" lat="42.2811336" lon="-83.7370857"/>
 <node id="5584735828" visible="true" version="2" changeset="159542117" timestamp="2024-11-24T17:05:59Z" user="mapper377" uid="2052336" lat="42.2811129" lon="-83.7370898"/>
 <node id="5584735829" visible="true" version="1" changeset="58508903" timestamp="2018-04-28T17:11:25Z" user="Aaarbie" uid="7772397" lat="42.2807965" lon="-83.7370729"/>
 <node id="5584735830" visible="true" version="3" changeset="112483489" timestamp="2021-10-14T01:42:09Z" user="yamanq" uid="13624358" lat="42.2811644" lon="-83.7371171">
  <tag k="barrier" v="kerb"/>
  <tag k="kerb" v="lowered"/>
  <tag k="tactile_paving" v="yes"/>
 </node>
 <node id="5584735832" visible="true" version="1" changeset="58508903" timestamp="2018-04-28T17:11:25Z" user="Aaarbie" uid="7772397" lat="42.2811849" lon="-83.7370803"/>
 <node id="5584735833" visible="true" version="1" changeset="58508903" timestamp="2018-04-28T17:11:25Z" user="Aaarbie" uid="7772397" lat="42.2811937" lon="-83.7370651"/>
 <node id="5584735834" visible="true" version="1" changeset="58508903" timestamp="2018-04-28T17:11:25Z" user="Aaarbie" uid="7772397" lat="42.2811751" lon="-83.7370942"/>
 <node id="5601057711" visible="true" version="1" changeset="58743968" timestamp="2018-05-07T02:20:55Z" user="Aaarbie" uid="7772397" lat="42.2721536" lon="-83.7355341"/>
 <node id="5615363393" visible="true" version="1" changeset="58928779" timestamp="2018-05-13T16:42:15Z" user="Aaarbie" uid="7772397" lat="42.2822024" lon="-83.7336918"/>
 <node id="5615363394" visible="true" version="1" changeset="58928779" timestamp="2018-05-13T16:42:15Z" user="Aaarbie" uid="7772397" lat="42.2818615" lon="-83.7336384"/>
 <node id="5615363395" visible="true" version="1" changeset="58928779" timestamp="2018-05-13T16:42:15Z" user="Aaarbie" uid="7772397" lat="42.2815343" lon="-83.7336221"/>
 <node id="5615363396" visible="true" version="1" changeset="58928779" timestamp="2018-05-13T16:42:15Z" user="Aaarbie" uid="7772397" lat="42.2815113" lon="-83.7336229"/>
 <node id="5615363397" visible="true" version="1" changeset="58928779" timestamp="2018-05-13T16:42:15Z" user="Aaarbie" uid="7772397" lat="42.2814900" lon="-83.7336291"/>
 <node id="5615363398" visible="true" version="1" changeset="58928779" timestamp="2018-05-13T16:42:15Z" user="Aaarbie" uid="7772397" lat="42.2814705" lon="-83.7336376"/>
 <node id="5615363399" visible="true" version="1" changeset="58928779" timestamp="2018-05-13T16:42:15Z" user="Aaarbie" uid="7772397" lat="42.2814492" lon="-83.7336516"/>
 <node id="5615363400" visible="true" version="1" changeset="58928779" timestamp="2018-05-13T16:42:15Z" user="Aaarbie" uid="7772397" lat="42.2814348" lon="-83.7336641"/>
 <node id="5615363401" visible="true" version="1" changeset="58928779" timestamp="2018-05-13T16:42:15Z" user="Aaarbie" uid="7772397" lat="42.2814228" lon="-83.7336765"/>
 <node id="5615363402" visible="true" version="1" changeset="58928779" timestamp="2018-05-13T16:42:15Z" user="Aaarbie" uid="7772397" lat="42.2814130" lon="-83.7336913"/>
 <node id="5615363403" visible="true" version="1" changeset="58928779" timestamp="2018-05-13T16:42:15Z" user="Aaarbie" uid="7772397" lat="42.2814021" lon="-83.7337115"/>
 <node id="5615363404" visible="true" version="1" changeset="58928779" timestamp="2018-05-13T16:42:15Z" user="Aaarbie" uid="7772397" lat="42.2813934" lon="-83.7337325"/>
 <node id="5615363405" visible="true" version="1" changeset="58928779" timestamp="2018-05-13T16:42:15Z" user="Aaarbie" uid="7772397" lat="42.2813860" lon="-83.7337519"/>
 <node id="5615363406" visible="true" version="1" changeset="58928779" timestamp="2018-05-13T16:42:15Z" user="Aaarbie" uid="7772397" lat="42.2813802" lon="-83.7337729"/>
 <node id="5615363407" visible="true" version="1" changeset="58928779" timestamp="2018-05-13T16:42:15Z" user="Aaarbie" uid="7772397" lat="42.2813762" lon="-83.7337938"/>
 <node id="5615363408" visible="true" version="1" changeset="58928779" timestamp="2018-05-13T16:42:15Z" user="Aaarbie" uid="7772397" lat="42.2813745" lon="-83.7338179"/>
 <node id="5615363409" visible="true" version="1" changeset="58928779" timestamp="2018-05-13T16:42:15Z" user="Aaarbie" uid="7772397" lat="42.2813739" lon="-83.7338405"/>
 <node id="5615363410" visible="true" version="1" changeset="58928779" timestamp="2018-05-13T16:42:15Z" user="Aaarbie" uid="7772397" lat="42.2813756" lon="-83.7338630"/>
 <node id="5615363411" visible="true" version="1" changeset="58928779" timestamp="2018-05-13T16:42:15Z" user="Aaarbie" uid="7772397" lat="42.2813796" lon="-83.7338879"/>
 <node id="5615363412" visible="true" version="1" changeset="58928779" timestamp="2018-05-13T16:42:15Z" user="Aaarbie" uid="7772397" lat="42.2813854" lon="-83.7339104"/>
 <node id="5615363413" visible="true" version="1" changeset="58928779" timestamp="2018-05-13T16:42:15Z" user="Aaarbie" uid="7772397" lat="42.2814170" lon="-83.7339951"/>
 <node id="5615363414" visible="true" version="1" changeset="58928779" timestamp="2018-05-13T16:42:15Z" user="Aaarbie" uid="7772397" lat="42.2814337" lon="-83.7340480"/>
 <node id="5615363415" visible="true" version="1" changeset="58928779" timestamp="2018-05-13T16:42:15Z" user="Aaarbie" uid="7772397" lat="42.2814544" lon="-83.7341226"/>
 <node id="5615363416" visible="true" version="1" changeset="58928779" timestamp="2018-05-13T16:42:15Z" user="Aaarbie" uid="7772397" lat="42.2814699" lon="-83.7341894"/>
 <node id="5615363417" visible="true" version="1" changeset="58928779" timestamp="2018-05-13T16:42:15Z" user="Aaarbie" uid="7772397" lat="42.2814820" lon="-83.7342594"/>
 <node id="5615363418" visible="true" version="1" changeset="58928779" timestamp="2018-05-13T16:42:15Z" user="Aaarbie" uid="7772397" lat="42.2814923" lon="-83.7343254"/>
 <node id="5615363419" visible="true" version="1" changeset="58928779" timestamp="2018-05-13T16:42:15Z" user="Aaarbie" uid="7772397" lat="42.2814992" lon="-83.7343790"/>
 <node id="5615363420" visible="true" version="1" changeset="58928779" timestamp="2018-05-13T16:42:15Z" user="Aaarbie" uid="7772397" lat="42.2814918" lon="-83.7344925"/>
 <node id="5615363421" visible="true" version="1" changeset="58928779" timestamp="2018-05-13T16:42:15Z" user="Aaarbie" uid="7772397" lat="42.2814866" lon="-83.7345632"/>
 <node id="5615363422" visible="true" version="1" changeset="58928779" timestamp="2018-05-13T16:42:15Z" user="Aaarbie" uid="7772397" lat="42.2814877" lon="-83.7346417"/>
 <node id="5615363423" visible="true" version="1" changeset="58928779" timestamp="2018-05-13T16:42:15Z" user="Aaarbie" uid="7772397" lat="42.2814923" lon="-83.7347591"/>
 <node id="5615363424" visible="true" version="1" changeset="58928779" timestamp="2018-05-13T16:42:15Z" user="Aaarbie" uid="7772397" lat="42.2814964" lon="-83.7348345"/>
 <node id="5615363425" visible="true" version="1" changeset="58928779" timestamp="2018-05-13T16:42:15Z" user="Aaarbie" uid="7772397" lat="42.2815004" lon="-83.7348990"/>
 <node id="5615363426" visible="true" version="2" changeset="116228766" timestamp="2022-01-16T20:53:00Z" user="yamanq" uid="13624358" lat="42.2815004" lon="-83.7349481"/>
 <node id="5615363427" visible="true" version="1" changeset="58928779" timestamp="2018-05-13T16:42:15Z" user="Aaarbie" uid="7772397" lat="42.2814849" lon="-83.7353357"/>
 <node id="5615363428" visible="true" version="1" changeset="58928779" timestamp="2018-05-13T16:42:15Z" user="Aaarbie" uid="7772397" lat="42.2814849" lon="-83.7353512"/>
 <node id="5615363429" visible="true" version="1" changeset="58928779" timestamp="2018-05-13T16:42:15Z" user="Aaarbie" uid="7772397" lat="42.2814889" lon="-83.7353670"/>
 <node id="5615363430" visible="true" version="1" changeset="58928779" timestamp="2018-05-13T16:42:15Z" user="Aaarbie" uid="7772397" lat="42.2814945" lon="-83.7353854"/>
 <node id="5615363431" visible="true" version="1" changeset="58928779" timestamp="2018-05-13T16:42:15Z" user="Aaarbie" uid="7772397" lat="42.2815028" lon="-83.7354019"/>
 <node id="5615363432" visible="true" version="1" changeset="58928779" timestamp="2018-05-13T16:42:15Z" user="Aaarbie" uid="7772397" lat="42.2815144" lon="-83.7354188"/>
 <node id="5615363433" visible="true" version="1" changeset="58928779" timestamp="2018-05-13T16:42:15Z" user="Aaarbie" uid="7772397" lat="42.2815272" lon="-83.7354330"/>
 <node id="5615363434" visible="true" version="1" changeset="58928779" timestamp="2018-05-13T16:42:15Z" user="Aaarbie" uid="7772397" lat="42.2815394" lon="-83.7354426"/>
 <node id="5615363435" visible="true" version="1" changeset="58928779" timestamp="2018-05-13T16:42:15Z" user="Aaarbie" uid="7772397" lat="42.2815516" lon="-83.7354503"/>
 <node id="5615363436" visible="true" version="1" changeset="58928779" timestamp="2018-05-13T16:42:16Z" user="Aaarbie" uid="7772397" lat="42.2815658" lon="-83.7354545"/>
 <node id="5615363437" visible="true" version="1" changeset="58928779" timestamp="2018-05-13T16:42:16Z" user="Aaarbie" uid="7772397" lat="42.2817070" lon="-83.7354891"/>
 <node id="5615363438" visible="true" version="1" changeset="58928779" timestamp="2018-05-13T16:42:16Z" user="Aaarbie" uid="7772397" lat="42.2820795" lon="-83.7355129"/>
 <node id="5615363439" visible="true" version="1" changeset="58928779" timestamp="2018-05-13T16:42:16Z" user="Aaarbie" uid="7772397" lat="42.2820954" lon="-83.7355106"/>
 <node id="5615363440" visible="true" version="1" changeset="58928779" timestamp="2018-05-13T16:42:16Z" user="Aaarbie" uid="7772397" lat="42.2821136" lon="-83.7355022"/>
 <node id="5615363441" visible="true" version="1" changeset="58928779" timestamp="2018-05-13T16:42:16Z" user="Aaarbie" uid="7772397" lat="42.2821281" lon="-83.7354899"/>
 <node id="5615363442" visible="true" version="1" changeset="58928779" timestamp="2018-05-13T16:42:16Z" user="Aaarbie" uid="7772397" lat="42.2821426" lon="-83.7354726"/>
 <node id="5615363443" visible="true" version="1" changeset="58928779" timestamp="2018-05-13T16:42:16Z" user="Aaarbie" uid="7772397" lat="42.2821576" lon="-83.7354511"/>
 <node id="5615363444" visible="true" version="1" changeset="58928779" timestamp="2018-05-13T16:42:16Z" user="Aaarbie" uid="7772397" lat="42.2821710" lon="-83.7354257"/>
 <node id="5615363445" visible="true" version="1" changeset="58928779" timestamp="2018-05-13T16:42:16Z" user="Aaarbie" uid="7772397" lat="42.2821778" lon="-83.7354019"/>
 <node id="5615363446" visible="true" version="1" changeset="58928779" timestamp="2018-05-13T16:42:16Z" user="Aaarbie" uid="7772397" lat="42.2821829" lon="-83.7353720"/>
 <node id="5615363447" visible="true" version="1" changeset="58928779" timestamp="2018-05-13T16:42:16Z" user="Aaarbie" uid="7772397" lat="42.2822281" lon="-83.7337550"/>
 <node id="5615363448" visible="true" version="1" changeset="58928779" timestamp="2018-05-13T16:42:16Z" user="Aaarbie" uid="7772397" lat="42.2822281" lon="-83.7337381"/>
 <node id="5615363449" visible="true" version="1" changeset="58928779" timestamp="2018-05-13T16:42:16Z" user="Aaarbie" uid="7772397" lat="42.2822255" lon="-83.7337208"/>
 <node id="5615363450" visible="true" version="1" changeset="58928779" timestamp="2018-05-13T16:42:16Z" user="Aaarbie" uid="7772397" lat="42.2822201" lon="-83.7337077"/>
 <node id="5615363451" visible="true" version="1" changeset="58928779" timestamp="2018-05-13T16:42:16Z" user="Aaarbie" uid="7772397" lat="42.2822125" lon="-83.7336985"/>
 <node id="5615363452" visible="true" version="1" changeset="58928779" timestamp="2018-05-13T16:42:16Z" user="Aaarbie" uid="7772397" lat="42.2815528" lon="-83.7344992"/>
 <node id="5615363453" visible="true" version="1" changeset="58928779" timestamp="2018-05-13T16:42:16Z" user="Aaarbie" uid="7772397" lat="42.2815667" lon="-83.7345671"/>
 <node id="5615363454" visible="true" version="1" changeset="58928779" timestamp="2018-05-13T16:42:16Z" user="Aaarbie" uid="7772397" lat="42.2815712" lon="-83.7346067"/>
 <node id="5615363455" visible="true" version="1" changeset="58928779" timestamp="2018-05-13T16:42:16Z" user="Aaarbie" uid="7772397" lat="42.2815806" lon="-83.7346877"/>
 <node id="5615363456" visible="true" version="1" changeset="58928779" timestamp="2018-05-13T16:42:16Z" user="Aaarbie" uid="7772397" lat="42.2815877" lon="-83.7347541"/>
 <node id="5615363458" visible="true" version="1" changeset="58928779" timestamp="2018-05-13T16:42:16Z" user="Aaarbie" uid="7772397" lat="42.2816882" lon="-83.7354845"/>
 <node id="5615363459" visible="true" version="1" changeset="58928779" timestamp="2018-05-13T16:42:16Z" user="Aaarbie" uid="7772397" lat="42.2816946" lon="-83.7352842"/>
 <node id="5615363460" visible="true" version="1" changeset="58928779" timestamp="2018-05-13T16:42:16Z" user="Aaarbie" uid="7772397" lat="42.2821219" lon="-83.7349585"/>
 <node id="5615363461" visible="true" version="1" changeset="58928779" timestamp="2018-05-13T16:42:16Z" user="Aaarbie" uid="7772397" lat="42.2820864" lon="-83.7349563"/>
 <node id="5615363462" visible="true" version="1" changeset="58928779" timestamp="2018-05-13T16:42:16Z" user="Aaarbie" uid="7772397" lat="42.2818414" lon="-83.7338743"/>
 <node id="5615363463" visible="true" version="1" changeset="58928779" timestamp="2018-05-13T16:42:16Z" user="Aaarbie" uid="7772397" lat="42.2818519" lon="-83.7338045"/>
 <node id="5615363464" visible="true" version="1" changeset="58928779" timestamp="2018-05-13T16:42:16Z" user="Aaarbie" uid="7772397" lat="42.2817888" lon="-83.7337239"/>
 <node id="5615363465" visible="true" version="1" changeset="58928779" timestamp="2018-05-13T16:42:16Z" user="Aaarbie" uid="7772397" lat="42.2817139" lon="-83.7339714"/>
 <node id="5615363466" visible="true" version="1" changeset="58928779" timestamp="2018-05-13T16:42:16Z" user="Aaarbie" uid="7772397" lat="42.2816014" lon="-83.7342896"/>
 <node id="5615363467" visible="true" version="1" changeset="58928779" timestamp="2018-05-13T16:42:16Z" user="Aaarbie" uid="7772397" lat="42.2815846" lon="-83.7342764"/>
 <node id="5615363468" visible="true" version="1" changeset="58928779" timestamp="2018-05-13T16:42:16Z" user="Aaarbie" uid="7772397" lat="42.2815689" lon="-83.7342587"/>
 <node id="5615363469" visible="true" version="1" changeset="58928779" timestamp="2018-05-13T16:42:16Z" user="Aaarbie" uid="7772397" lat="42.2815497" lon="-83.7342262"/>
 <node id="5615363470" visible="true" version="1" changeset="58928779" timestamp="2018-05-13T16:42:16Z" user="Aaarbie" uid="7772397" lat="42.2815403" lon="-83.7341988"/>
 <node id="5615363471" visible="true" version="1" changeset="58928779" timestamp="2018-05-13T16:42:16Z" user="Aaarbie" uid="7772397" lat="42.2815489" lon="-83.7341468"/>
 <node id="5615363472" visible="true" version="1" changeset="58928779" timestamp="2018-05-13T16:42:16Z" user="Aaarbie" uid="7772397" lat="42.2815463" lon="-83.7341091"/>
 <node id="5615363473" visible="true" version="1" changeset="58928779" timestamp="2018-05-13T16:42:16Z" user="Aaarbie" uid="7772397" lat="42.2816648" lon="-83.7342959"/>
 <node id="5615363474" visible="true" version="1" changeset="58928779" timestamp="2018-05-13T16:42:16Z" user="Aaarbie" uid="7772397" lat="42.2816910" lon="-83.7342794"/>
 <node id="5615363475" visible="true" version="1" changeset="58928779" timestamp="2018-05-13T16:42:16Z" user="Aaarbie" uid="7772397" lat="42.2817253" lon="-83.7342328"/>
 <node id="5615363476" visible="true" version="1" changeset="58928779" timestamp="2018-05-13T16:42:16Z" user="Aaarbie" uid="7772397" lat="42.2817091" lon="-83.7342598"/>
 <node id="5615363477" visible="true" version="1" changeset="58928779" timestamp="2018-05-13T16:42:16Z" user="Aaarbie" uid="7772397" lat="42.2816358" lon="-83.7343023"/>
 <node id="5615363478" visible="true" version="1" changeset="58928779" timestamp="2018-05-13T16:42:16Z" user="Aaarbie" uid="7772397" lat="42.2816114" lon="-83.7342956"/>
 <node id="5615363479" visible="true" version="1" changeset="58928779" timestamp="2018-05-13T16:42:16Z" user="Aaarbie" uid="7772397" lat="42.2815924" lon="-83.7342833"/>
 <node id="5615363480" visible="true" version="1" changeset="58928779" timestamp="2018-05-13T16:42:16Z" user="Aaarbie" uid="7772397" lat="42.2815764" lon="-83.7342684"/>
 <node id="5615363481" visible="true" version="1" changeset="58928779" timestamp="2018-05-13T16:42:16Z" user="Aaarbie" uid="7772397" lat="42.2815585" lon="-83.7342431"/>
 <node id="5615363482" visible="true" version="1" changeset="58928779" timestamp="2018-05-13T16:42:16Z" user="Aaarbie" uid="7772397" lat="42.2815442" lon="-83.7342129"/>
 <node id="5615363483" visible="true" version="1" changeset="58928779" timestamp="2018-05-13T16:42:16Z" user="Aaarbie" uid="7772397" lat="42.2815364" lon="-83.7341805"/>
 <node id="5615363484" visible="true" version="1" changeset="58928779" timestamp="2018-05-13T16:42:16Z" user="Aaarbie" uid="7772397" lat="42.2817467" lon="-83.7341679"/>
 <node id="5615363485" visible="true" version="1" changeset="58928779" timestamp="2018-05-13T16:42:16Z" user="Aaarbie" uid="7772397" lat="42.2817376" lon="-83.7342017"/>
 <node id="5615363486" visible="true" version="1" changeset="58928779" timestamp="2018-05-13T16:42:16Z" user="Aaarbie" uid="7772397" lat="42.2817504" lon="-83.7341325"/>
 <node id="5615363487" visible="true" version="1" changeset="58928779" timestamp="2018-05-13T16:42:16Z" user="Aaarbie" uid="7772397" lat="42.2815467" lon="-83.7340870"/>
 <node id="5615363488" visible="true" version="1" changeset="58928779" timestamp="2018-05-13T16:42:16Z" user="Aaarbie" uid="7772397" lat="42.2815527" lon="-83.7340400"/>
 <node id="5615363489" visible="true" version="1" changeset="58928779" timestamp="2018-05-13T16:42:16Z" user="Aaarbie" uid="7772397" lat="42.2815623" lon="-83.7340029"/>
 <node id="5615363490" visible="true" version="1" changeset="58928779" timestamp="2018-05-13T16:42:16Z" user="Aaarbie" uid="7772397" lat="42.2815748" lon="-83.7339734"/>
 <node id="5615363491" visible="true" version="1" changeset="58928779" timestamp="2018-05-13T16:42:16Z" user="Aaarbie" uid="7772397" lat="42.2815896" lon="-83.7339502"/>
 <node id="5615363492" visible="true" version="1" changeset="58928779" timestamp="2018-05-13T16:42:16Z" user="Aaarbie" uid="7772397" lat="42.2816084" lon="-83.7339312"/>
 <node id="5615363493" visible="true" version="1" changeset="58928779" timestamp="2018-05-13T16:42:16Z" user="Aaarbie" uid="7772397" lat="42.2816316" lon="-83.7339197"/>
 <node id="5615363494" visible="true" version="1" changeset="58928779" timestamp="2018-05-13T16:42:16Z" user="Aaarbie" uid="7772397" lat="42.2816565" lon="-83.7339191"/>
 <node id="5615363495" visible="true" version="1" changeset="58928779" timestamp="2018-05-13T16:42:16Z" user="Aaarbie" uid="7772397" lat="42.2816805" lon="-83.7339331"/>
 <node id="5615363496" visible="true" version="1" changeset="58928779" timestamp="2018-05-13T16:42:16Z" user="Aaarbie" uid="7772397" lat="42.2817039" lon="-83.7339572"/>
 <node id="5615363538" visible="true" version="1" changeset="58928779" timestamp="2018-05-13T16:42:17Z" user="Aaarbie" uid="7772397" lat="42.2822184" lon="-83.7337057"/>
 <node id="5615363540" visible="true" version="1" changeset="58928779" timestamp="2018-05-13T16:42:17Z" user="Aaarbie" uid="7772397" lat="42.2821864" lon="-83.7336893"/>
 <node id="5615366243" visible="true" version="2" changeset="159554292" timestamp="2024-11-25T01:18:15Z" user="mapper377" uid="2052336" lat="42.2811875" lon="-83.7350848"/>
 <node id="5615366244" visible="true" version="2" changeset="159554292" timestamp="2024-11-25T01:18:15Z" user="mapper377" uid="2052336" lat="42.2811281" lon="-83.7350820"/>
 <node id="5615366245" visible="true" version="2" changeset="159554292" timestamp="2024-11-25T01:18:15Z" user="mapper377" uid="2052336" lat="42.2811254" lon="-83.7351873"/>
 <node id="5615366246" visible="true" version="2" changeset="159554292" timestamp="2024-11-25T01:18:15Z" user="mapper377" uid="2052336" lat="42.2809758" lon="-83.7351803"/>
 <node id="5615366247" visible="true" version="2" changeset="159554292" timestamp="2024-11-25T01:18:15Z" user="mapper377" uid="2052336" lat="42.2809366" lon="-83.7353025"/>
 <node id="5615366248" visible="true" version="2" changeset="159554292" timestamp="2024-11-25T01:18:15Z" user="mapper377" uid="2052336" lat="42.2806976" lon="-83.7352898">
  <tag k="barrier" v="gate"/>
 </node>
 <node id="5615366249" visible="true" version="2" changeset="159554292" timestamp="2024-11-25T01:18:15Z" user="mapper377" uid="2052336" lat="42.2807132" lon="-83.7351103"/>
 <node id="5615366250" visible="true" version="2" changeset="159554292" timestamp="2024-11-25T01:18:15Z" user="mapper377" uid="2052336" lat="42.2807180" lon="-83.7349217"/>
 <node id="5615366251" visible="true" version="2" changeset="159554292" timestamp="2024-11-25T01:18:15Z" user="mapper377" uid="2052336" lat="42.2811911" lon="-83.7349439"/>
 <node id="5615366252" visible="true" version="2" changeset="140714701" timestamp="2023-09-02T11:36:02Z" user="danieldegroot2" uid="11212507" lat="42.2813240" lon="-83.7350226"/>
 <node id="5615366253" visible="true" version="2" changeset="159554292" timestamp="2024-11-25T01:18:15Z" user="mapper377" uid="2052336" lat="42.2812634" lon="-83.7350186">
  <tag k="highway" v="crossing"/>
 </node>
 <node id="5615366254" visible="true" version="2" changeset="159554292" timestamp="2024-11-25T01:18:15Z" user="mapper377" uid="2052336" lat="42.2811893" lon="-83.7350150">
  <tag k="barrier" v="gate"/>
 </node>
 <node id="5615366255" visible="true" version="1" changeset="58928866" timestamp="2018-05-13T16:46:43Z" user="Aaarbie" uid="7772397" lat="42.2812792" lon="-83.7344541"/>
 <node id="5615366257" visible="true" version="1" changeset="58928866" timestamp="2018-05-13T16:46:44Z" user="Aaarbie" uid="7772397" lat="42.2811808" lon="-83.7353719"/>
 <node id="5615366258" visible="true" version="1" changeset="58928866" timestamp="2018-05-13T16:46:44Z" user="Aaarbie" uid="7772397" lat="42.2811364" lon="-83.7353612"/>
 <node id="5615366259" visible="true" version="1" changeset="58928866" timestamp="2018-05-13T16:46:44Z" user="Aaarbie" uid="7772397" lat="42.2810749" lon="-83.7353370"/>
 <node id="5615366260" visible="true" version="1" changeset="58928866" timestamp="2018-05-13T16:46:44Z" user="Aaarbie" uid="7772397" lat="42.2810338" lon="-83.7353236"/>
 <node id="5615366261" visible="true" version="1" changeset="58928866" timestamp="2018-05-13T16:46:44Z" user="Aaarbie" uid="7772397" lat="42.2809802" lon="-83.7353147"/>
 <node id="5615366262" visible="true" version="1" changeset="58928866" timestamp="2018-05-13T16:46:44Z" user="Aaarbie" uid="7772397" lat="42.2809319" lon="-83.7353120"/>
 <node id="5615366263" visible="true" version="1" changeset="58928866" timestamp="2018-05-13T16:46:44Z" user="Aaarbie" uid="7772397" lat="42.2808677" lon="-83.7353174"/>
 <node id="5615366264" visible="true" version="1" changeset="58928866" timestamp="2018-05-13T16:46:44Z" user="Aaarbie" uid="7772397" lat="42.2807988" lon="-83.7353290"/>
 <node id="5615366265" visible="true" version="1" changeset="58928866" timestamp="2018-05-13T16:46:44Z" user="Aaarbie" uid="7772397" lat="42.2807558" lon="-83.7353352"/>
 <node id="5633547423" visible="true" version="1" changeset="59161530" timestamp="2018-05-21T19:50:49Z" user="mapper377" uid="2052336" lat="42.2812768" lon="-83.7344040"/>
 <node id="5633547429" visible="true" version="3" changeset="159554292" timestamp="2024-11-25T01:18:15Z" user="mapper377" uid="2052336" lat="42.2808431" lon="-83.7341463"/>
 <node id="5698994942" visible="true" version="2" changeset="80409917" timestamp="2020-02-01T13:36:18Z" user="lmum" uid="1084189" lat="42.2784424" lon="-83.7314146"/>
 <node id="6068849363" visible="true" version="1" changeset="64600016" timestamp="2018-11-17T16:15:43Z" user="mapper377" uid="2052336" lat="42.2850263" lon="-83.7276717"/>
 <node id="6068849364" visible="true" version="1" changeset="64600016" timestamp="2018-11-17T16:15:43Z" user="mapper377" uid="2052336" lat="42.2852525" lon="-83.7280539"/>
 <node id="6068849365" visible="true" version="1" changeset="64600016" timestamp="2018-11-17T16:15:43Z" user="mapper377" uid="2052336" lat="42.2853824" lon="-83.7284482"/>
 <node id="6068849366" visible="true" version="1" changeset="64600016" timestamp="2018-11-17T16:15:43Z" user="mapper377" uid="2052336" lat="42.2853289" lon="-83.7282497"/>
 <node id="6311075430" visible="true" version="1" changeset="67690288" timestamp="2019-03-01T15:41:16Z" user="MidwestMapGeek" uid="1743198" lat="42.2720819" lon="-83.7363681"/>
 <node id="6311075431" visible="true" version="1" changeset="67690288" timestamp="2019-03-01T15:41:16Z" user="MidwestMapGeek" uid="1743198" lat="42.2715892" lon="-83.7363586"/>
 <node id="6311075432" visible="true" version="1" changeset="67690288" timestamp="2019-03-01T15:41:16Z" user="MidwestMapGeek" uid="1743198" lat="42.2716015" lon="-83.7358173"/>
 <node id="6311075433" visible="true" version="1" changeset="67690288" timestamp="2019-03-01T15:41:16Z" user="MidwestMapGeek" uid="1743198" lat="42.2721400" lon="-83.7358326"/>
 <node id="6311222822" visible="true" version="1" changeset="67692520" timestamp="2019-03-01T16:49:41Z" user="MidwestMapGeek" uid="1743198" lat="42.2719989" lon="-83.7363665"/>
 <node id="6789627262" visible="true" version="1" changeset="74377141" timestamp="2019-09-12T04:02:15Z" user="nmombo12" uid="2922570" lat="42.2814982" lon="-83.7353927"/>
 <node id="6789627263" visible="true" version="3" changeset="140714701" timestamp="2023-09-02T11:36:02Z" user="danieldegroot2" uid="11212507" lat="42.2813195" lon="-83.7353877">
  <tag k="crossing" v="marked"/>
  <tag k="highway" v="crossing"/>
  <tag k="tactile_paving" v="yes"/>
 </node>
 <node id="6789627264" visible="true" version="3" changeset="152948804" timestamp="2024-06-20T14:32:48Z" user="Lucas Brandt" uid="17561309" lat="42.2814076" lon="-83.7353933">
  <tag k="crossing" v="marked"/>
  <tag k="highway" v="crossing"/>
  <tag k="tactile_paving" v="yes"/>
 </node>
 <node id="6789627265" visible="true" version="3" changeset="140714701" timestamp="2023-09-02T11:36:02Z" user="danieldegroot2" uid="11212507" lat="42.2814919" lon="-83.7355648">
  <tag k="crossing" v="marked"/>
  <tag k="crossing:island" v="no"/>
  <tag k="highway" v="crossing"/>
 </node>
 <node id="6789627270" visible="true" version="1" changeset="74377141" timestamp="2019-09-12T04:02:15Z" user="nmombo12" uid="2922570" lat="42.2813779" lon="-83.7337849"/>
 <node id="6789627273" visible="true" version="3" changeset="112483487" timestamp="2021-10-14T01:42:20Z" user="yamanq" uid="13624358" lat="42.2821539" lon="-83.7356072">
  <tag k="crossing" v="marked"/>
  <tag k="crossing:island" v="no"/>
  <tag k="highway" v="crossing"/>
  <tag k="tactile_paving" v="yes"/>
 </node>
 <node id="6801797331" visible="true" version="1" changeset="74569736" timestamp="2019-09-17T10:18:42Z" user="begumfai" uid="10159513" lat="42.2813252" lon="-83.7360902"/>
 <node id="6932178393" visible="true" version="1" changeset="76404113" timestamp="2019-10-30T15:55:46Z" user="lmum" uid="1084189" lat="42.2847052" lon="-83.7447819"/>
 <node id="6932178394" visible="true" version="1" changeset="76404113" timestamp="2019-10-30T15:55:46Z" user="lmum" uid="1084189" lat="42.2843300" lon="-83.7448035"/>
 <node id="6932878126" visible="true" version="1" changeset="76412000" timestamp="2019-10-30T19:25:31Z" user="lmum" uid="1084189" lat="42.2771835" lon="-83.7433279"/>
 <node id="7124481601" visible="true" version="2" changeset="130736985" timestamp="2023-01-01T02:52:38Z" user="mapper377" uid="2052336" lat="42.2795006" lon="-83.7395277"/>
 <node id="7124481602" visible="true" version="1" changeset="79453673" timestamp="2020-01-11T15:10:57Z" user="mapper377" uid="2052336" lat="42.2803492" lon="-83.7402231"/>
 <node id="7177239758" visible="true" version="1" changeset="80409917" timestamp="2020-02-01T13:36:18Z" user="lmum" uid="1084189" lat="42.2854608" lon="-83.7389840"/>
 <node id="7177239759" visible="true" version="1" changeset="80409917" timestamp="2020-02-01T13:36:18Z" user="lmum" uid="1084189" lat="42.2854215" lon="-83.7388000"/>
 <node id="7177249996" visible="true" version="1" changeset="80409917" timestamp="2020-02-01T13:36:18Z" user="lmum" uid="1084189" lat="42.2783169" lon="-83.7322612"/>
 <node id="7177250004" visible="true" version="1" changeset="80409917" timestamp="2020-02-01T13:36:18Z" user="lmum" uid="1084189" lat="42.2775054" lon="-83.7331066"/>
 <node id="7177250005" visible="true" version="1" changeset="80409917" timestamp="2020-02-01T13:36:18Z" user="lmum" uid="1084189" lat="42.2775297" lon="-83.7332099"/>
 <node id="7930907250" visible="true" version="1" changeset="91284524" timestamp="2020-09-22T10:15:18Z" user="posrujan" uid="11669951" lat="42.2816801" lon="-83.7355758"/>
 <node id="7930907251" visible="true" version="1" changeset="91284524" timestamp="2020-09-22T10:15:18Z" user="posrujan" uid="11669951" lat="42.2816782" lon="-83.7356728"/>
 <node id="8758770143" visible="true" version="1" changeset="105184089" timestamp="2021-05-23T20:35:55Z" user="heftych1" uid="11560636" lat="42.2816774" lon="-83.7336292"/>
 <node id="8758770144" visible="true" version="4" changeset="159886451" timestamp="2024-12-03T15:36:14Z" user="mapper377" uid="2052336" lat="42.2805110" lon="-83.7360562">
  <tag k="access" v="yes"/>
  <tag k="automatic_door" v="no"/>
  <tag k="covered" v="no"/>
  <tag k="description" v="Entrance to Box Office and lower entrance to the lobby."/>
  <tag k="door" v="hinged"/>
  <tag k="entrance" v="yes"/>
  <tag k="lit" v="yes"/>
  <tag k="name" v="Box Office"/>
  <tag k="wheelchair" v="yes"/>
 </node>
 <node id="8932349656" visible="true" version="2" changeset="160013521" timestamp="2024-12-07T01:44:21Z" user="mapper377" uid="2052336" lat="42.2805598" lon="-83.7349819">
  <tag k="description" v="This may be a vehicle entrance, or have a loading dock just inside."/>
  <tag k="entrance" v="yes"/>
 </node>
 <node id="8932349660" visible="true" version="3" changeset="160013521" timestamp="2024-12-07T01:44:21Z" user="mapper377" uid="2052336" lat="42.2803696" lon="-83.7348974">
  <tag k="barrier" v="gate"/>
  <tag k="description" v="Vehicle entry gate."/>
 </node>
 <node id="9133317278" visible="true" version="2" changeset="123022629" timestamp="2022-06-29T23:24:50Z" user="chriswhy" uid="5568963" lat="42.2848159" lon="-83.7349383"/>
 <node id="9408592124" visible="true" version="1" changeset="115999154" timestamp="2022-01-10T21:32:07Z" user="yamanq" uid="13624358" lat="42.2848655" lon="-83.7385011"/>
 <node id="9423662042" visible="true" version="1" changeset="116228766" timestamp="2022-01-16T20:53:00Z" user="yamanq" uid="13624358" lat="42.2818882" lon="-83.7338853">
  <tag k="entrance" v="yes"/>
 </node>
 <node id="9423662044" visible="true" version="1" changeset="116228766" timestamp="2022-01-16T20:53:00Z" user="yamanq" uid="13624358" lat="42.2819206" lon="-83.7336477"/>
 <node id="9423662045" visible="true" version="1" changeset="116228766" timestamp="2022-01-16T20:53:00Z" user="yamanq" uid="13624358" lat="42.2821916" lon="-83.7338148">
  <tag k="entrance" v="yes"/>
 </node>
 <node id="9423662046" visible="true" version="1" changeset="116228766" timestamp="2022-01-16T20:53:00Z" user="yamanq" uid="13624358" lat="42.2821675" lon="-83.7338075"/>
 <node id="9423662047" visible="true" version="1" changeset="116228766" timestamp="2022-01-16T20:53:00Z" user="yamanq" uid="13624358" lat="42.2822221" lon="-83.7338240"/>
 <node id="9423662048" visible="true" version="1" changeset="116228766" timestamp="2022-01-16T20:53:00Z" user="yamanq" uid="13624358" lat="42.2821861" lon="-83.7339742"/>
 <node id="9423662049" visible="true" version="1" changeset="116228766" timestamp="2022-01-16T20:53:00Z" user="yamanq" uid="13624358" lat="42.2821658" lon="-83.7339702"/>
 <node id="9423662050" visible="true" version="1" changeset="116228766" timestamp="2022-01-16T20:53:00Z" user="yamanq" uid="13624358" lat="42.2821958" lon="-83.7349116"/>
 <node id="9423662051" visible="true" version="1" changeset="116228766" timestamp="2022-01-16T20:53:00Z" user="yamanq" uid="13624358" lat="42.2821386" lon="-83.7349083">
  <tag k="entrance" v="yes"/>
 </node>
 <node id="9423662052" visible="true" version="1" changeset="116228766" timestamp="2022-01-16T20:53:00Z" user="yamanq" uid="13624358" lat="42.2816262" lon="-83.7349356">
  <tag k="entrance" v="yes"/>
 </node>
 <node id="9423662053" visible="true" version="1" changeset="116228766" timestamp="2022-01-16T20:53:00Z" user="yamanq" uid="13624358" lat="42.2815878" lon="-83.7349391"/>
 <node id="9423662054" visible="true" version="1" changeset="116228766" timestamp="2022-01-16T20:53:00Z" user="yamanq" uid="13624358" lat="42.2815680" lon="-83.7349404"/>
 <node id="9423662055" visible="true" version="1" changeset="116228766" timestamp="2022-01-16T20:53:00Z" user="yamanq" uid="13624358" lat="42.2815496" lon="-83.7349431"/>
 <node id="9423662056" visible="true" version="1" changeset="116228766" timestamp="2022-01-16T20:53:00Z" user="yamanq" uid="13624358" lat="42.2815273" lon="-83.7349458"/>
 <node id="11162693452" visible="true" version="1" changeset="140714701" timestamp="2023-09-02T11:36:02Z" user="danieldegroot2" uid="11212507" lat="42.2814312" lon="-83.7349214"/>
 <node id="11162693453" visible="true" version="1" changeset="140714701" timestamp="2023-09-02T11:36:02Z" user="danieldegroot2" uid="11212507" lat="42.2814254" lon="-83.7345890"/>
 <node id="11162693454" visible="true" version="1" changeset="140714701" timestamp="2023-09-02T11:36:02Z" user="danieldegroot2" uid="11212507" lat="42.2814804" lon="-83.7353978"/>
 <node id="11162693455" visible="true" version="1" changeset="140714701" timestamp="2023-09-02T11:36:02Z" user="danieldegroot2" uid="11212507" lat="42.2815136" lon="-83.7354498"/>
 <node id="11162693456" visible="true" version="1" changeset="140714701" timestamp="2023-09-02T11:36:02Z" user="danieldegroot2" uid="11212507" lat="42.2814732" lon="-83.7356643"/>
 <node id="11162693457" visible="true" version="1" changeset="140714701" timestamp="2023-09-02T11:36:02Z" user="danieldegroot2" uid="11212507" lat="42.2812654" lon="-83.7353843"/>
 <node id="11948086944" visible="true" version="1" changeset="152086293" timestamp="2024-05-31T15:21:15Z" user="yamanq" uid="13624358" lat="42.2815109" lon="-83.7351227">
  <tag k="amenity" v="bicycle_parking"/>
  <tag k="bicycle_parking" v="stands"/>
  <tag k="covered" v="no"/>
 </node>
 <node id="12084272186" visible="true" version="1" changeset="154629367" timestamp="2024-07-31T03:31:32Z" user="Technotion" uid="21326676" lat="42.2775157" lon="-83.7324629"/>
 <node id="12084272188" visible="true" version="2" changeset="162256838" timestamp="2025-02-07T18:35:57Z" user="CurlConnoisseur" uid="21683308" lat="42.2775297" lon="-83.7332161"/>
 <node id="12147063932" visible="true" version="1" changeset="155996418" timestamp="2024-08-31T01:31:07Z" user="liebezeit" uid="301136" lat="42.2845906" lon="-83.7409756"/>
 <node id="12147063933" visible="true" version="1" changeset="155996418" timestamp="2024-08-31T01:31:07Z" user="liebezeit" uid="301136" lat="42.2853557" lon="-83.7410156"/>
 <node id="12147063934" visible="true" version="1" changeset="155996418" timestamp="2024-08-31T01:31:07Z" user="liebezeit" uid="301136" lat="42.2864125" lon="-83.7405585"/>
 <node id="12147063935" visible="true" version="1" changeset="155996418" timestamp="2024-08-31T01:31:07Z" user="liebezeit" uid="301136" lat="42.2859729" lon="-83.7386214"/>
 <node id="12147063936" visible="true" version="1" changeset="155996418" timestamp="2024-08-31T01:31:07Z" user="liebezeit" uid="301136" lat="42.2832312" lon="-83.7361730"/>
 <node id="12147063937" visible="true" version="1" changeset="155996418" timestamp="2024-08-31T01:31:07Z" user="liebezeit" uid="301136" lat="42.2821724" lon="-83.7361186"/>
 <node id="12147063938" visible="true" version="1" changeset="155996418" timestamp="2024-08-31T01:31:07Z" user="liebezeit" uid="301136" lat="42.2821946" lon="-83.7356661"/>
 <node id="12147063939" visible="true" version="3" changeset="168474141" timestamp="2025-07-04T08:08:38Z" user="torapa" uid="5446055" lat="42.2818228" lon="-83.7356495"/>
 <node id="12147063940" visible="true" version="2" changeset="162256501" timestamp="2025-02-07T18:26:28Z" user="CurlConnoisseur" uid="21683308" lat="42.2817893" lon="-83.7370728"/>
 <node id="12147063941" visible="true" version="2" changeset="162256501" timestamp="2025-02-07T18:26:28Z" user="CurlConnoisseur" uid="21683308" lat="42.2818724" lon="-83.7370769"/>
 <node id="12147063943" visible="true" version="2" changeset="162256501" timestamp="2025-02-07T18:26:28Z" user="CurlConnoisseur" uid="21683308" lat="42.2818591" lon="-83.7376116"/>
 <node id="12147063944" visible="true" version="1" changeset="155996418" timestamp="2024-08-31T01:31:07Z" user="liebezeit" uid="301136" lat="42.2813939" lon="-83.7375906"/>
 <node id="12147063945" visible="true" version="1" changeset="155996418" timestamp="2024-08-31T01:31:07Z" user="liebezeit" uid="301136" lat="42.2813072" lon="-83.7403084"/>
 <node id="12147063946" visible="true" version="1" changeset="155996418" timestamp="2024-08-31T01:31:07Z" user="liebezeit" uid="301136" lat="42.2815714" lon="-83.7403193"/>
 <node id="12147063947" visible="true" version="1" changeset="155996418" timestamp="2024-08-31T01:31:07Z" user="liebezeit" uid="301136" lat="42.2815593" lon="-83.7407637"/>
 <node id="12147063948" visible="true" version="1" changeset="155996418" timestamp="2024-08-31T01:31:07Z" user="liebezeit" uid="301136" lat="42.2819082" lon="-83.7407937"/>
 <node id="12147063949" visible="true" version="1" changeset="155996418" timestamp="2024-08-31T01:31:07Z" user="liebezeit" uid="301136" lat="42.2819607" lon="-83.7427673"/>
 <node id="12147063950" visible="true" version="1" changeset="155996418" timestamp="2024-08-31T01:31:07Z" user="liebezeit" uid="301136" lat="42.2804565" lon="-83.7438977"/>
 <node id="12147063951" visible="true" version="1" changeset="155996418" timestamp="2024-08-31T01:31:07Z" user="liebezeit" uid="301136" lat="42.2817650" lon="-83.7436832"/>
 <node id="12147063952" visible="true" version="1" changeset="155996418" timestamp="2024-08-31T01:31:07Z" user="liebezeit" uid="301136" lat="42.2822975" lon="-83.7443183"/>
 <node id="12147063953" visible="true" version="1" changeset="155996418" timestamp="2024-08-31T01:31:07Z" user="liebezeit" uid="301136" lat="42.2823378" lon="-83.7459185"/>
 <node id="12147063954" visible="true" version="1" changeset="155996418" timestamp="2024-08-31T01:31:07Z" user="liebezeit" uid="301136" lat="42.2827331" lon="-83.7458940"/>
 <node id="12147063955" visible="true" version="1" changeset="155996418" timestamp="2024-08-31T01:31:07Z" user="liebezeit" uid="301136" lat="42.2827432" lon="-83.7465373"/>
 <node id="12147063956" visible="true" version="1" changeset="155996418" timestamp="2024-08-31T01:31:07Z" user="liebezeit" uid="301136" lat="42.2831143" lon="-83.7465155"/>
 <node id="12147063957" visible="true" version="1" changeset="155996418" timestamp="2024-08-31T01:31:07Z" user="liebezeit" uid="301136" lat="42.2830719" lon="-83.7452043"/>
 <node id="12147063958" visible="true" version="2" changeset="168474141" timestamp="2025-07-04T08:08:38Z" user="torapa" uid="5446055" lat="42.2836305" lon="-83.7451953"/>
 <node id="12147063959" visible="true" version="1" changeset="155996418" timestamp="2024-08-31T01:31:07Z" user="liebezeit" uid="301136" lat="42.2836204" lon="-83.7438518"/>
 <node id="12219490408" visible="true" version="1" changeset="157437791" timestamp="2024-10-03T21:40:49Z" user="liebezeit" uid="301136" lat="42.2802322" lon="-83.7402174"/>
 <node id="12219490412" visible="true" version="1" changeset="157437791" timestamp="2024-10-03T21:40:49Z" user="liebezeit" uid="301136" lat="42.2794971" lon="-83.7396782"/>
 <node id="12370781154" visible="true" version="2" changeset="159723108" timestamp="2024-11-29T00:28:45Z" user="mapper377" uid="2052336" lat="42.2804905" lon="-83.7359887"/>
 <node id="12370781157" visible="true" version="2" changeset="159723108" timestamp="2024-11-29T00:28:45Z" user="mapper377" uid="2052336" lat="42.2804912" lon="-83.7359235"/>
 <node id="12370781158" visible="true" version="1" changeset="159542117" timestamp="2024-11-24T17:05:59Z" user="mapper377" uid="2052336" lat="42.2804953" lon="-83.7354868"/>
 <node id="12370781159" visible="true" version="1" changeset="159542117" timestamp="2024-11-24T17:05:59Z" user="mapper377" uid="2052336" lat="42.2805481" lon="-83.7360568"/>
 <node id="12370781160" visible="true" version="1" changeset="159542117" timestamp="2024-11-24T17:05:59Z" user="mapper377" uid="2052336" lat="42.2811952" lon="-83.7361482"/>
 <node id="12370781161" visible="true" version="1" changeset="159542117" timestamp="2024-11-24T17:05:59Z" user="mapper377" uid="2052336" lat="42.2812022" lon="-83.7361523"/>
 <node id="12370781162" visible="true" version="1" changeset="159542117" timestamp="2024-11-24T17:05:59Z" user="mapper377" uid="2052336" lat="42.2812094" lon="-83.7361484"/>
 <node id="12370781163" visible="true" version="1" changeset="159542117" timestamp="2024-11-24T17:05:59Z" user="mapper377" uid="2052336" lat="42.2812124" lon="-83.7361389"/>
 <node id="12370781164" visible="true" version="1" changeset="159542117" timestamp="2024-11-24T17:05:59Z" user="mapper377" uid="2052336" lat="42.2812096" lon="-83.7361292"/>
 <node id="12370781165" visible="true" version="1" changeset="159542117" timestamp="2024-11-24T17:05:59Z" user="mapper377" uid="2052336" lat="42.2812025" lon="-83.7361251"/>
 <node id="12370781166" visible="true" version="1" changeset="159542117" timestamp="2024-11-24T17:05:59Z" user="mapper377" uid="2052336" lat="42.2811953" lon="-83.7361290"/>
 <node id="12370781167" visible="true" version="1" changeset="159542117" timestamp="2024-11-24T17:05:59Z" user="mapper377" uid="2052336" lat="42.2811923" lon="-83.7361385"/>
 <node id="12370781168" visible="true" version="1" changeset="159542117" timestamp="2024-11-24T17:05:59Z" user="mapper377" uid="2052336" lat="42.2810684" lon="-83.7361458"/>
 <node id="12370781169" visible="true" version="1" changeset="159542117" timestamp="2024-11-24T17:05:59Z" user="mapper377" uid="2052336" lat="42.2810755" lon="-83.7361499"/>
 <node id="12370781170" visible="true" version="1" changeset="159542117" timestamp="2024-11-24T17:05:59Z" user="mapper377" uid="2052336" lat="42.2810826" lon="-83.7361461"/>
 <node id="12370781171" visible="true" version="1" changeset="159542117" timestamp="2024-11-24T17:05:59Z" user="mapper377" uid="2052336" lat="42.2810857" lon="-83.7361365"/>
 <node id="12370781172" visible="true" version="1" changeset="159542117" timestamp="2024-11-24T17:05:59Z" user="mapper377" uid="2052336" lat="42.2810828" lon="-83.7361269"/>
 <node id="12370781173" visible="true" version="1" changeset="159542117" timestamp="2024-11-24T17:05:59Z" user="mapper377" uid="2052336" lat="42.2810757" lon="-83.7361228"/>
 <node id="12370781174" visible="true" version="1" changeset="159542117" timestamp="2024-11-24T17:05:59Z" user="mapper377" uid="2052336" lat="42.2810686" lon="-83.7361266"/>
 <node id="12370781175" visible="true" version="1" changeset="159542117" timestamp="2024-11-24T17:05:59Z" user="mapper377" uid="2052336" lat="42.2810656" lon="-83.7361362"/>
 <node id="12370781192" visible="true" version="1" changeset="159542117" timestamp="2024-11-24T17:05:59Z" user="mapper377" uid="2052336" lat="42.2809305" lon="-83.7361458"/>
 <node id="12370781193" visible="true" version="1" changeset="159542117" timestamp="2024-11-24T17:05:59Z" user="mapper377" uid="2052336" lat="42.2809376" lon="-83.7361499"/>
 <node id="12370781194" visible="true" version="1" changeset="159542117" timestamp="2024-11-24T17:05:59Z" user="mapper377" uid="2052336" lat="42.2809447" lon="-83.7361461"/>
 <node id="12370781195" visible="true" version="1" changeset="159542117" timestamp="2024-11-24T17:05:59Z" user="mapper377" uid="2052336" lat="42.2809477" lon="-83.7361365"/>
 <node id="12370781196" visible="true" version="1" changeset="159542117" timestamp="2024-11-24T17:05:59Z" user="mapper377" uid="2052336" lat="42.2809449" lon="-83.7361269"/>
 <node id="12370781197" visible="true" version="1" changeset="159542117" timestamp="2024-11-24T17:05:59Z" user="mapper377" uid="2052336" lat="42.2809378" lon="-83.7361228"/>
 <node id="12370781198" visible="true" version="1" changeset="159542117" timestamp="2024-11-24T17:05:59Z" user="mapper377" uid="2052336" lat="42.2809307" lon="-83.7361266"/>
 <node id="12370781199" visible="true" version="1" changeset="159542117" timestamp="2024-11-24T17:05:59Z" user="mapper377" uid="2052336" lat="42.2809276" lon="-83.7361362"/>
 <node id="12370781200" visible="true" version="1" changeset="159542117" timestamp="2024-11-24T17:05:59Z" user="mapper377" uid="2052336" lat="42.2807996" lon="-83.7361420"/>
 <node id="12371039901" visible="true" version="1" changeset="159542117" timestamp="2024-11-24T17:05:59Z" user="mapper377" uid="2052336" lat="42.2808067" lon="-83.7361461"/>
 <node id="12371039902" visible="true" version="1" changeset="159542117" timestamp="2024-11-24T17:05:59Z" user="mapper377" uid="2052336" lat="42.2808138" lon="-83.7361422"/>
 <node id="12371039903" visible="true" version="1" changeset="159542117" timestamp="2024-11-24T17:05:59Z" user="mapper377" uid="2052336" lat="42.2808140" lon="-83.7361230"/>
 <node id="12371039904" visible="true" version="1" changeset="159542117" timestamp="2024-11-24T17:05:59Z" user="mapper377" uid="2052336" lat="42.2808070" lon="-83.7361189"/>
 <node id="12371039905" visible="true" version="1" changeset="159542117" timestamp="2024-11-24T17:05:59Z" user="mapper377" uid="2052336" lat="42.2807998" lon="-83.7361228"/>
 <node id="12371039906" visible="true" version="1" changeset="159542117" timestamp="2024-11-24T17:05:59Z" user="mapper377" uid="2052336" lat="42.2807968" lon="-83.7361323"/>
 <node id="12371039907" visible="true" version="1" changeset="159542117" timestamp="2024-11-24T17:05:59Z" user="mapper377" uid="2052336" lat="42.2808169" lon="-83.7361327"/>
 <node id="12372630250" visible="true" version="2" changeset="159588367" timestamp="2024-11-25T20:19:27Z" user="mapper377" uid="2052336" lat="42.2807411" lon="-83.7353621"/>
 <node id="12372630252" visible="true" version="1" changeset="159553790" timestamp="2024-11-25T00:33:33Z" user="mapper377" uid="2052336" lat="42.2806755" lon="-83.7354816"/>
 <node id="12372630255" visible="true" version="2" changeset="159886451" timestamp="2024-12-03T15:36:14Z" user="mapper377" uid="2052336" lat="42.2808223" lon="-83.7353535">
  <tag k="access" v="yes"/>
  <tag k="amenity" v="bicycle_parking"/>
  <tag k="bicycle_parking" v="stands"/>
  <tag k="capacity" v="3"/>
  <tag k="covered" v="no"/>
  <tag k="fee" v="no"/>
  <tag k="lit" v="yes"/>
  <tag k="operator" v="University of Michigan"/>
  <tag k="surface" v="ground"/>
 </node>
 <node id="12372630256" visible="true" version="2" changeset="159998159" timestamp="2024-12-06T15:00:01Z" user="mapper377" uid="2052336" lat="42.2804952" lon="-83.7355013">
  <tag k="access" v="private"/>
  <tag k="automatic_door" v="no"/>
  <tag k="covered" v="yes"/>
  <tag k="description" v="Not a public entry. Access for authorized users with a valid U of M ID card."/>
  <tag k="door" v="hinged"/>
  <tag k="entrance" v="yes"/>
  <tag k="level" v="0"/>
  <tag k="lit" v="yes"/>
  <tag k="name" v="UPROD Properties"/>
 </node>
 <node id="12372630257" visible="true" version="3" changeset="159998159" timestamp="2024-12-06T15:00:01Z" user="mapper377" uid="2052336" lat="42.2805108" lon="-83.7359240">
  <tag k="access" v="private"/>
  <tag k="automatic_door" v="no"/>
  <tag k="covered" v="no"/>
  <tag k="description" v="Entry to the top of a stairwell. Leads to a rehearsal room and also the theatre lobby and some workshops. Access for authorized users with a valid U of M ID card."/>
  <tag k="door" v="hinged"/>
  <tag k="entrance" v="yes"/>
  <tag k="level" v="4"/>
  <tag k="lit" v="yes"/>
 </node>
 <node id="12372630258" visible="true" version="3" changeset="160285165" timestamp="2024-12-14T16:34:05Z" user="mapper377" uid="2052336" lat="42.2811762" lon="-83.7360255">
  <tag k="access" v="yes"/>
  <tag k="automatic_door" v="no"/>
  <tag k="covered" v="yes"/>
  <tag k="description" v="Lobby entrance, but not for wheelchairs. Steps, with no ramp, are required to reach the doors."/>
  <tag k="door" v="hinged"/>
  <tag k="entrance" v="main"/>
  <tag k="level" v="2"/>
  <tag k="lit" v="yes"/>
  <tag k="wheelchair" v="no"/>
 </node>
 <node id="12372630259" visible="true" version="1" changeset="159553790" timestamp="2024-11-25T00:33:33Z" user="mapper377" uid="2052336" lat="42.2807529" lon="-83.7353817"/>
 <node id="12372630260" visible="true" version="1" changeset="159553790" timestamp="2024-11-25T00:33:33Z" user="mapper377" uid="2052336" lat="42.2809483" lon="-83.7353864"/>
 <node id="12372630261" visible="true" version="1" changeset="159553790" timestamp="2024-11-25T00:33:33Z" user="mapper377" uid="2052336" lat="42.2809490" lon="-83.7353130"/>
 <node id="12372630262" visible="true" version="1" changeset="159553790" timestamp="2024-11-25T00:33:33Z" user="mapper377" uid="2052336" lat="42.2809489" lon="-83.7353253"/>
 <node id="12372630263" visible="true" version="1" changeset="159553790" timestamp="2024-11-25T00:33:33Z" user="mapper377" uid="2052336" lat="42.2809484" lon="-83.7353736"/>
 <node id="12372630264" visible="true" version="1" changeset="159553790" timestamp="2024-11-25T00:33:33Z" user="mapper377" uid="2052336" lat="42.2809578" lon="-83.7353500"/>
 <node id="12372630265" visible="true" version="1" changeset="159553790" timestamp="2024-11-25T00:33:33Z" user="mapper377" uid="2052336" lat="42.2809769" lon="-83.7353503"/>
 <node id="12372630266" visible="true" version="1" changeset="159553790" timestamp="2024-11-25T00:33:33Z" user="mapper377" uid="2052336" lat="42.2809764" lon="-83.7353960"/>
 <node id="12372630267" visible="true" version="1" changeset="159553790" timestamp="2024-11-25T00:33:33Z" user="mapper377" uid="2052336" lat="42.2809576" lon="-83.7353736"/>
 <node id="12372630268" visible="true" version="1" changeset="159553790" timestamp="2024-11-25T00:33:33Z" user="mapper377" uid="2052336" lat="42.2809580" lon="-83.7353273"/>
 <node id="12372630269" visible="true" version="1" changeset="159553790" timestamp="2024-11-25T00:33:33Z" user="mapper377" uid="2052336" lat="42.2807559" lon="-83.7353697"/>
 <node id="12372630270" visible="true" version="1" changeset="159553790" timestamp="2024-11-25T00:33:33Z" user="mapper377" uid="2052336" lat="42.2809407" lon="-83.7353729"/>
 <node id="12372630271" visible="true" version="1" changeset="159553790" timestamp="2024-11-25T00:33:33Z" user="mapper377" uid="2052336" lat="42.2809411" lon="-83.7353260"/>
 <node id="12372690514" visible="true" version="3" changeset="159886451" timestamp="2024-12-03T15:36:14Z" user="mapper377" uid="2052336" lat="42.2807398" lon="-83.7352921">
  <tag k="barrier" v="gate"/>
 </node>
 <node id="12372690515" visible="true" version="2" changeset="159886451" timestamp="2024-12-03T15:36:14Z" user="mapper377" uid="2052336" lat="42.2809493" lon="-83.7352958">
  <tag k="barrier" v="gate"/>
 </node>
 <node id="12372690516" visible="true" version="1" changeset="159554292" timestamp="2024-11-25T01:18:15Z" user="mapper377" uid="2052336" lat="42.2809368" lon="-83.7352952"/>
 <node id="12372690517" visible="true" version="1" changeset="159554292" timestamp="2024-11-25T01:18:15Z" user="mapper377" uid="2052336" lat="42.2807038" lon="-83.7351102"/>
 <node id="12372690518" visible="true" version="1" changeset="159554292" timestamp="2024-11-25T01:18:15Z" user="mapper377" uid="2052336" lat="42.2807031" lon="-83.7352685"/>
 <node id="12372690519" visible="true" version="1" changeset="159554292" timestamp="2024-11-25T01:18:15Z" user="mapper377" uid="2052336" lat="42.2806860" lon="-83.7352683"/>
 <node id="12372690520" visible="true" version="1" changeset="159554292" timestamp="2024-11-25T01:18:15Z" user="mapper377" uid="2052336" lat="42.2806867" lon="-83.7351101"/>
 <node id="12372690521" visible="true" version="1" changeset="159554292" timestamp="2024-11-25T01:18:15Z" user="mapper377" uid="2052336" lat="42.2809728" lon="-83.7352969"/>
 <node id="12373976657" visible="true" version="1" changeset="159580327" timestamp="2024-11-25T16:13:30Z" user="mapper377" uid="2052336" lat="42.2803709" lon="-83.7352866"/>
 <node id="12373976664" visible="true" version="1" changeset="159580327" timestamp="2024-11-25T16:13:30Z" user="mapper377" uid="2052336" lat="42.2803712" lon="-83.7348353"/>
 <node id="12373976665" visible="true" version="1" changeset="159580327" timestamp="2024-11-25T16:13:30Z" user="mapper377" uid="2052336" lat="42.2803682" lon="-83.7349521"/>
 <node id="12373976666" visible="true" version="1" changeset="159580327" timestamp="2024-11-25T16:13:30Z" user="mapper377" uid="2052336" lat="42.2803342" lon="-83.7349508"/>
 <node id="12373976667" visible="true" version="1" changeset="159580327" timestamp="2024-11-25T16:13:30Z" user="mapper377" uid="2052336" lat="42.2803336" lon="-83.7349781"/>
 <node id="12373976668" visible="true" version="1" changeset="159580327" timestamp="2024-11-25T16:13:30Z" user="mapper377" uid="2052336" lat="42.2803261" lon="-83.7349778"/>
 <node id="12373976669" visible="true" version="1" changeset="159580327" timestamp="2024-11-25T16:13:30Z" user="mapper377" uid="2052336" lat="42.2803244" lon="-83.7350594"/>
 <node id="12373976670" visible="true" version="1" changeset="159580327" timestamp="2024-11-25T16:13:30Z" user="mapper377" uid="2052336" lat="42.2803381" lon="-83.7350599"/>
 <node id="12374425675" visible="true" version="1" changeset="159588367" timestamp="2024-11-25T20:19:27Z" user="mapper377" uid="2052336" lat="42.2807335" lon="-83.7353493">
  <tag k="highway" v="crossing"/>
 </node>
 <node id="12374425676" visible="true" version="1" changeset="159588367" timestamp="2024-11-25T20:19:27Z" user="mapper377" uid="2052336" lat="42.2807390" lon="-83.7353270"/>
 <node id="12374425677" visible="true" version="1" changeset="159588367" timestamp="2024-11-25T20:19:27Z" user="mapper377" uid="2052336" lat="42.2807135" lon="-83.7353893"/>
 <node id="12374425678" visible="true" version="1" changeset="159588367" timestamp="2024-11-25T20:19:27Z" user="mapper377" uid="2052336" lat="42.2807262" lon="-83.7353687"/>
 <node id="12374425679" visible="true" version="1" changeset="159588367" timestamp="2024-11-25T20:19:27Z" user="mapper377" uid="2052336" lat="42.2806861" lon="-83.7354160"/>
 <node id="12374425680" visible="true" version="2" changeset="159886451" timestamp="2024-12-03T15:36:14Z" user="mapper377" uid="2052336" lat="42.2807533" lon="-83.7354738"/>
 <node id="12374425681" visible="true" version="1" changeset="159588367" timestamp="2024-11-25T20:19:27Z" user="mapper377" uid="2052336" lat="42.2803991" lon="-83.7354648"/>
 <node id="12374425682" visible="true" version="1" changeset="159588367" timestamp="2024-11-25T20:19:27Z" user="mapper377" uid="2052336" lat="42.2804000" lon="-83.7352868"/>
 <node id="12374425683" visible="true" version="1" changeset="159588367" timestamp="2024-11-25T20:19:27Z" user="mapper377" uid="2052336" lat="42.2807559" lon="-83.7352929"/>
 <node id="12374425684" visible="true" version="1" changeset="159588367" timestamp="2024-11-25T20:19:27Z" user="mapper377" uid="2052336" lat="42.2807216" lon="-83.7353106"/>
 <node id="12374425685" visible="true" version="1" changeset="159588367" timestamp="2024-11-25T20:19:27Z" user="mapper377" uid="2052336" lat="42.2807231" lon="-83.7352912"/>
 <node id="12374425686" visible="true" version="1" changeset="159588367" timestamp="2024-11-25T20:19:27Z" user="mapper377" uid="2052336" lat="42.2806542" lon="-83.7352889"/>
 <node id="12374425687" visible="true" version="1" changeset="159588367" timestamp="2024-11-25T20:19:27Z" user="mapper377" uid="2052336" lat="42.2806527" lon="-83.7353569"/>
 <node id="12374425688" visible="true" version="1" changeset="159588367" timestamp="2024-11-25T20:19:27Z" user="mapper377" uid="2052336" lat="42.2806561" lon="-83.7353622"/>
 <node id="12374425689" visible="true" version="1" changeset="159588367" timestamp="2024-11-25T20:19:27Z" user="mapper377" uid="2052336" lat="42.2806638" lon="-83.7353632"/>
 <node id="12374425690" visible="true" version="1" changeset="159588367" timestamp="2024-11-25T20:19:27Z" user="mapper377" uid="2052336" lat="42.2806715" lon="-83.7353609"/>
 <node id="12374425691" visible="true" version="1" changeset="159588367" timestamp="2024-11-25T20:19:27Z" user="mapper377" uid="2052336" lat="42.2806869" lon="-83.7353542"/>
 <node id="12374425692" visible="true" version="1" changeset="159588367" timestamp="2024-11-25T20:19:27Z" user="mapper377" uid="2052336" lat="42.2806998" lon="-83.7353461"/>
 <node id="12374425693" visible="true" version="1" changeset="159588367" timestamp="2024-11-25T20:19:27Z" user="mapper377" uid="2052336" lat="42.2807092" lon="-83.7353361"/>
 <node id="12374425694" visible="true" version="1" changeset="159588367" timestamp="2024-11-25T20:19:27Z" user="mapper377" uid="2052336" lat="42.2807172" lon="-83.7353220"/>
 <node id="12374425695" visible="true" version="1" changeset="159588367" timestamp="2024-11-25T20:19:27Z" user="mapper377" uid="2052336" lat="42.2807231" lon="-83.7353025"/>
 <node id="12394068302" visible="true" version="2" changeset="159998159" timestamp="2024-12-06T15:00:01Z" user="mapper377" uid="2052336" lat="42.2807241" lon="-83.7354908"/>
 <node id="12394068303" visible="true" version="1" changeset="159886451" timestamp="2024-12-03T15:36:14Z" user="mapper377" uid="2052336" lat="42.2807320" lon="-83.7353787"/>
 <node id="12394068304" visible="true" version="1" changeset="159886451" timestamp="2024-12-03T15:36:14Z" user="mapper377" uid="2052336" lat="42.2807725" lon="-83.7354003"/>
 <node id="12394068305" visible="true" version="1" changeset="159886451" timestamp="2024-12-03T15:36:14Z" user="mapper377" uid="2052336" lat="42.2807111" lon="-83.7354167">
  <tag k="highway" v="crossing"/>
 </node>
 <node id="12394068306" visible="true" version="1" changeset="159886451" timestamp="2024-12-03T15:36:14Z" user="mapper377" uid="2052336" lat="42.2807540" lon="-83.7354002"/>
 <node id="12394068307" visible="true" version="2" changeset="159998159" timestamp="2024-12-06T15:00:01Z" user="mapper377" uid="2052336" lat="42.2807804" lon="-83.7354003">
  <tag k="access" v="private"/>
  <tag k="automatic_door" v="no"/>
  <tag k="covered" v="yes"/>
  <tag k="description" v="Entrance to backstage storage area. Access for authorized users with a valid U of M ID card."/>
  <tag k="door" v="hinged"/>
  <tag k="entrance" v="yes"/>
  <tag k="level" v="1"/>
  <tag k="lit" v="yes"/>
  <tag k="name" v="Stage Door"/>
  <tag k="wheelchair" v="no"/>
 </node>
 <node id="12394068308" visible="true" version="1" changeset="159886451" timestamp="2024-12-03T15:36:14Z" user="mapper377" uid="2052336" lat="42.2807345" lon="-83.7355121">
  <tag k="amenity" v="loading_dock"/>
  <tag k="name" v="Scenery and Paint Shop"/>
 </node>
 <node id="12394068309" visible="true" version="1" changeset="159886451" timestamp="2024-12-03T15:36:14Z" user="mapper377" uid="2052336" lat="42.2807792" lon="-83.7354454">
  <tag k="amenity" v="loading_dock"/>
  <tag k="description" v="Loading dock at backstage area."/>
 </node>
 <node id="12394068310" visible="true" version="1" changeset="159886451" timestamp="2024-12-03T15:36:14Z" user="mapper377" uid="2052336" lat="42.2807797" lon="-83.7354182">
  <tag k="amenity" v="loading_dock"/>
  <tag k="description" v="Loading dock at backstage area."/>
 </node>
 <node id="12394068311" visible="true" version="1" changeset="159886451" timestamp="2024-12-03T15:36:14Z" user="mapper377" uid="2052336" lat="42.2807345" lon="-83.7354733"/>
 <node id="12394068312" visible="true" version="1" changeset="159886451" timestamp="2024-12-03T15:36:14Z" user="mapper377" uid="2052336" lat="42.2807353" lon="-83.7354174"/>
 <node id="12394068313" visible="true" version="1" changeset="159886451" timestamp="2024-12-03T15:36:14Z" user="mapper377" uid="2052336" lat="42.2807538" lon="-83.7354179"/>
 <node id="12394068314" visible="true" version="1" changeset="159886451" timestamp="2024-12-03T15:36:14Z" user="mapper377" uid="2052336" lat="42.2806986" lon="-83.7354820"/>
 <node id="12394068315" visible="true" version="2" changeset="159998159" timestamp="2024-12-06T15:00:01Z" user="mapper377" uid="2052336" lat="42.2807182" lon="-83.7355043">
  <tag k="access" v="private"/>
  <tag k="automatic_door" v="no"/>
  <tag k="covered" v="yes"/>
  <tag k="description" v="Entrance to Scenery and Paint Shop. Not a public entry. Access for authorized users with a valid U of M ID card."/>
  <tag k="door" v="hinged"/>
  <tag k="entrance" v="yes"/>
  <tag k="level" v="1"/>
  <tag k="lit" v="yes"/>
  <tag k="name" v="Scenery and Paint Shop"/>
  <tag k="wheelchair" v="no"/>
 </node>
 <node id="12394068316" visible="true" version="1" changeset="159886451" timestamp="2024-12-03T15:36:14Z" user="mapper377" uid="2052336" lat="42.2807240" lon="-83.7355044"/>
 <node id="12394068317" visible="true" version="1" changeset="159886451" timestamp="2024-12-03T15:36:14Z" user="mapper377" uid="2052336" lat="42.2807242" lon="-83.7354824"/>
 <node id="12394068318" visible="true" version="1" changeset="159886451" timestamp="2024-12-03T15:36:14Z" user="mapper377" uid="2052336" lat="42.2807172" lon="-83.7354823"/>
 <node id="12394068320" visible="true" version="3" changeset="160283950" timestamp="2024-12-14T15:53:51Z" user="mapper377" uid="2052336" lat="42.2804935" lon="-83.7356760">
  <tag k="access" v="private"/>
  <tag k="automatic_door" v="no"/>
  <tag k="covered" v="no"/>
  <tag k="description" v="Not a public entrance. Access for authorized users with a vaild U of M ID card."/>
  <tag k="door" v="hinged"/>
  <tag k="entrance" v="yes"/>
  <tag k="level" v="4"/>
  <tag k="lit" v="yes"/>
 </node>
 <node id="12394068321" visible="true" version="4" changeset="160285165" timestamp="2024-12-14T16:34:05Z" user="mapper377" uid="2052336" lat="42.2810930" lon="-83.7360818">
  <tag k="access" v="private"/>
  <tag k="automatic_door" v="no"/>
  <tag k="covered" v="yes"/>
  <tag k="description" v="This entrance is not intended for entry, only exit, from the lobby. There is no paved footway from the door to a nearby sidewalk. Persons exiting must walk on a wood chip surface."/>
  <tag k="door" v="hinged"/>
  <tag k="entrance" v="secondary"/>
  <tag k="level" v="3"/>
  <tag k="lit" v="no"/>
  <tag k="wheelchair" v="no"/>
 </node>
 <node id="12394068322" visible="true" version="1" changeset="159886451" timestamp="2024-12-03T15:36:14Z" user="mapper377" uid="2052336" lat="42.2812192" lon="-83.7360276"/>
 <node id="12394068323" visible="true" version="1" changeset="159886451" timestamp="2024-12-03T15:36:14Z" user="mapper377" uid="2052336" lat="42.2812314" lon="-83.7360281"/>
 <node id="12401269371" visible="true" version="1" changeset="160013521" timestamp="2024-12-07T01:44:21Z" user="mapper377" uid="2052336" lat="42.2803341" lon="-83.7349572">
  <tag k="access" v="no"/>
  <tag k="barrier" v="gate"/>
  <tag k="pedestrian" v="entrance"/>
 </node>
 <node id="12401269373" visible="true" version="1" changeset="160013521" timestamp="2024-12-07T01:44:21Z" user="mapper377" uid="2052336" lat="42.2806958" lon="-83.7348875"/>
 <node id="12401269375" visible="true" version="1" changeset="160013521" timestamp="2024-12-07T01:44:21Z" user="mapper377" uid="2052336" lat="42.2805098" lon="-83.7350616">
  <tag k="amenity" v="loading_dock"/>
 </node>
 <node id="12401269376" visible="true" version="1" changeset="160013521" timestamp="2024-12-07T01:44:21Z" user="mapper377" uid="2052336" lat="42.2807028" lon="-83.7348878">
  <tag k="amenity" v="loading_dock"/>
 </node>
 <node id="12401269377" visible="true" version="1" changeset="160013521" timestamp="2024-12-07T01:44:21Z" user="mapper377" uid="2052336" lat="42.2805584" lon="-83.7350620"/>
 <node id="12401269378" visible="true" version="1" changeset="160013521" timestamp="2024-12-07T01:44:21Z" user="mapper377" uid="2052336" lat="42.2806835" lon="-83.7349225"/>
 <node id="12401269379" visible="true" version="1" changeset="160013521" timestamp="2024-12-07T01:44:21Z" user="mapper377" uid="2052336" lat="42.2805615" lon="-83.7349168"/>
 <node id="12401269380" visible="true" version="1" changeset="160013521" timestamp="2024-12-07T01:44:21Z" user="mapper377" uid="2052336" lat="42.2805583" lon="-83.7350395"/>
 <node id="12401269382" visible="true" version="1" changeset="160013521" timestamp="2024-12-07T01:44:21Z" user="mapper377" uid="2052336" lat="42.2804542" lon="-83.7348759"/>
 <node id="12422943606" visible="true" version="1" changeset="160285165" timestamp="2024-12-14T16:34:05Z" user="mapper377" uid="2052336" lat="42.2806397" lon="-83.7361065"/>
 <node id="12422943607" visible="true" version="1" changeset="160285165" timestamp="2024-12-14T16:34:05Z" user="mapper377" uid="2052336" lat="42.2811974" lon="-83.7360265"/>
 <node id="12422943608" visible="true" version="1" changeset="160285165" timestamp="2024-12-14T16:34:05Z" user="mapper377" uid="2052336" lat="42.2805772" lon="-83.7359578"/>
 <node id="12422943609" visible="true" version="1" changeset="160285165" timestamp="2024-12-14T16:34:05Z" user="mapper377" uid="2052336" lat="42.2805763" lon="-83.7360572"/>
 <node id="12422943610" visible="true" version="1" changeset="160285165" timestamp="2024-12-14T16:34:05Z" user="mapper377" uid="2052336" lat="42.2805763" lon="-83.7360576"/>
 <node id="12422943611" visible="true" version="1" changeset="160285165" timestamp="2024-12-14T16:34:05Z" user="mapper377" uid="2052336" lat="42.2805761" lon="-83.7360727"/>
 <node id="12422943612" visible="true" version="1" changeset="160285165" timestamp="2024-12-14T16:34:05Z" user="mapper377" uid="2052336" lat="42.2811757" lon="-83.7360832"/>
 <node id="12422943613" visible="true" version="1" changeset="160285165" timestamp="2024-12-14T16:34:05Z" user="mapper377" uid="2052336" lat="42.2811768" lon="-83.7359684"/>
 <node id="12422943614" visible="true" version="1" changeset="160285165" timestamp="2024-12-14T16:34:05Z" user="mapper377" uid="2052336" lat="42.2805490" lon="-83.7359573"/>
 <node id="12422943615" visible="true" version="1" changeset="160285165" timestamp="2024-12-14T16:34:05Z" user="mapper377" uid="2052336" lat="42.2811979" lon="-83.7359687"/>
 <node id="12566074871" visible="true" version="1" changeset="162256501" timestamp="2025-02-07T18:26:28Z" user="CurlConnoisseur" uid="21683308" lat="42.2817198" lon="-83.7368566"/>
 <node id="12566074872" visible="true" version="1" changeset="162256501" timestamp="2025-02-07T18:26:28Z" user="CurlConnoisseur" uid="21683308" lat="42.2817476" lon="-83.7358061"/>
 <node id="12566074873" visible="true" version="1" changeset="162256501" timestamp="2025-02-07T18:26:28Z" user="CurlConnoisseur" uid="21683308" lat="42.2814948" lon="-83.7357939"/>
 <node id="12566074874" visible="true" version="1" changeset="162256501" timestamp="2025-02-07T18:26:28Z" user="CurlConnoisseur" uid="21683308" lat="42.2814671" lon="-83.7368444"/>
 <node id="12976719805" visible="true" version="1" changeset="168474141" timestamp="2025-07-04T08:08:38Z" user="torapa" uid="5446055" lat="42.2804774" lon="-83.7428441"/>
 <node id="12976719806" visible="true" version="1" changeset="168474141" timestamp="2025-07-04T08:08:38Z" user="torapa" uid="5446055" lat="42.2804798" lon="-83.7430110"/>
 <node id="12976719807" visible="true" version="1" changeset="168474141" timestamp="2025-07-04T08:08:38Z" user="torapa" uid="5446055" lat="42.2804254" lon="-83.7430152"/>
 <node id="12976719809" visible="true" version="1" changeset="168474141" timestamp="2025-07-04T08:08:38Z" user="torapa" uid="5446055" lat="42.2820400" lon="-83.7443302"/>
 <node id="12976719810" visible="true" version="1" changeset="168474141" timestamp="2025-07-04T08:08:38Z" user="torapa" uid="5446055" lat="42.2831923" lon="-83.7372949"/>
 <node id="13269432987" visible="true" version="1" changeset="173955114" timestamp="2025-10-30T03:00:16Z" user="CurlConnoisseur" uid="21683308" lat="42.2759256" lon="-83.7433045"/>
 <node id="13285489350" visible="true" version="1" changeset="174296025" timestamp="2025-11-06T16:09:40Z" user="bjanevic" uid="21821241" lat="42.2849208" lon="-83.7385974"/>
 <node id="13598931752" visible="true" version="1" changeset="179054121" timestamp="2026-02-25T19:25:23Z" user="CurlConnoisseur" uid="21683308" lat="42.2811776" lon="-83.7370333"/>
 <way id="8726969" visible="true" version="24" changeset="168260175" timestamp="2025-06-29T11:03:32Z" user="TinPetreković" uid="22257225">
  <nd ref="62542055"/>
  <nd ref="4393371121"/>
  <nd ref="6789627264"/>
  <nd ref="62542029"/>
  <tag k="hgv" v="designated"/>
  <tag k="highway" v="primary"/>
  <tag k="lanes" v="3"/>
  <tag k="lit" v="yes"/>
  <tag k="maxspeed" v="30 mph"/>
  <tag k="name" v="East Huron Street"/>
  <tag k="old_ref" v="US 23"/>
  <tag k="oneway" v="yes"/>
  <tag k="ref" v="I 94 BL;US 23 BUS"/>
  <tag k="sidewalk:left" v="no"/>
  <tag k="sidewalk:right" v="separate"/>
  <tag k="source:hgv" v="https://www.michigan.gov/mdot/-/media/Project/Websites/MDOT/Travel/Map/Truck-Operators-Map/Truck-Operators-Map.pdf"/>
  <tag k="surface" v="asphalt"/>
  <tag k="tiger:cfcc" v="A15"/>
  <tag k="tiger:county" v="Washtenaw, MI"/>
  <tag k="tiger:name_base" v="Huron"/>
  <tag k="tiger:name_base_1" v="United States Highway 23 (Bus)"/>
  <tag k="tiger:name_base_2" v="I-94 (Bus)"/>
  <tag k="tiger:name_direction_prefix" v="E"/>
  <tag k="tiger:name_type" v="St"/>
  <tag k="tiger:zip_left" v="48104"/>
  <tag k="turn:lanes" v="||right"/>
 </way>
 <way id="8727270" visible="true" version="13" changeset="130096416" timestamp="2022-12-15T04:30:16Z" user="liebezeit" uid="301136">
  <nd ref="62542029"/>
  <nd ref="6789627265"/>
  <nd ref="7930907250"/>
  <nd ref="4393371145"/>
  <nd ref="6789627273"/>
  <nd ref="62514388"/>
  <tag k="highway" v="secondary"/>
  <tag k="lanes" v="4"/>
  <tag k="lanes:backward" v="3"/>
  <tag k="lanes:forward" v="1"/>
  <tag k="lit" v="yes"/>
  <tag k="maxspeed" v="35 mph"/>
  <tag k="name" v="Glen Avenue"/>
  <tag k="surface" v="asphalt"/>
  <tag k="tiger:cfcc" v="A41"/>
  <tag k="tiger:county" v="Washtenaw, MI"/>
  <tag k="tiger:name_base" v="Glen"/>
  <tag k="tiger:name_type" v="Ave"/>
  <tag k="tiger:reviewed" v="no"/>
  <tag k="tiger:zip_left" v="48104"/>
  <tag k="tiger:zip_right" v="48104"/>
  <tag k="turn:lanes:backward" v="left|left|right"/>
 </way>
 <way id="9250770" visible="true" version="26" changeset="168260175" timestamp="2025-06-29T11:03:32Z" user="TinPetreković" uid="22257225">
  <nd ref="62542029"/>
  <nd ref="6789627263"/>
  <nd ref="4393371111"/>
  <nd ref="5615366252"/>
  <nd ref="62542030"/>
  <nd ref="62542034"/>
  <nd ref="62542035"/>
  <nd ref="62542036"/>
  <nd ref="62482352"/>
  <tag k="hgv" v="designated"/>
  <tag k="highway" v="primary"/>
  <tag k="lanes" v="3"/>
  <tag k="lit" v="yes"/>
  <tag k="maxspeed" v="30 mph"/>
  <tag k="name" v="East Huron Street"/>
  <tag k="old_ref" v="US 23"/>
  <tag k="oneway" v="yes"/>
  <tag k="ref" v="I 94 BL;US 23 BUS"/>
  <tag k="sidewalk:left" v="no"/>
  <tag k="sidewalk:right" v="separate"/>
  <tag k="source:hgv" v="https://www.michigan.gov/mdot/-/media/Project/Websites/MDOT/Travel/Map/Truck-Operators-Map/Truck-Operators-Map.pdf"/>
  <tag k="surface" v="asphalt"/>
  <tag k="tiger:cfcc" v="A15"/>
  <tag k="tiger:county" v="Washtenaw, MI"/>
  <tag k="tiger:name_base" v="Huron"/>
  <tag k="tiger:name_base_1" v="United States Highway 23 (Bus)"/>
  <tag k="tiger:name_base_2" v="I-94 (Bus)"/>
  <tag k="tiger:name_direction_prefix" v="E"/>
  <tag k="tiger:name_type" v="St"/>
  <tag k="turn:lanes" v="left||"/>
 </way>
 <way id="40976143" visible="true" version="55" changeset="179054121" timestamp="2026-02-25T19:25:23Z" user="CurlConnoisseur" uid="21683308">
  <nd ref="499329839"/>
  <nd ref="499329091"/>
  <nd ref="499339528"/>
  <nd ref="3196331790"/>
  <nd ref="3196331789"/>
  <nd ref="7124481602"/>
  <nd ref="12219490408"/>
  <nd ref="499339549"/>
  <nd ref="12219490412"/>
  <nd ref="7124481601"/>
  <nd ref="499339566"/>
  <nd ref="2038620968"/>
  <nd ref="2038620971"/>
  <nd ref="499339580"/>
  <nd ref="2038620986"/>
  <nd ref="499339595"/>
  <nd ref="2040284051"/>
  <nd ref="2040284024"/>
  <nd ref="2040284054"/>
  <nd ref="499339674"/>
  <nd ref="2040284032"/>
  <nd ref="4351262581"/>
  <nd ref="6932878126"/>
  <nd ref="4351262580"/>
  <nd ref="4351262564"/>
  <nd ref="4351262565"/>
  <nd ref="4351262563"/>
  <nd ref="13269432987"/>
  <nd ref="4351262562"/>
  <nd ref="4351262561"/>
  <nd ref="4351262560"/>
  <nd ref="4351262559"/>
  <nd ref="2038576084"/>
  <nd ref="4351262546"/>
  <nd ref="2038576088"/>
  <nd ref="2038576110"/>
  <nd ref="499339699"/>
  <nd ref="2038576129"/>
  <nd ref="2038579339"/>
  <nd ref="5406262308"/>
  <nd ref="2038576126"/>
  <nd ref="499329106"/>
  <nd ref="499339748"/>
  <nd ref="499339775"/>
  <nd ref="499339786"/>
  <nd ref="499329127"/>
  <nd ref="5483787697"/>
  <nd ref="6311075430"/>
  <nd ref="6311222822"/>
  <nd ref="6311075431"/>
  <nd ref="6311075432"/>
  <nd ref="6311075433"/>
  <nd ref="5601057711"/>
  <nd ref="499329250"/>
  <nd ref="499329280"/>
  <nd ref="499329295"/>
  <nd ref="499329312"/>
  <nd ref="499329330"/>
  <nd ref="499329340"/>
  <nd ref="499329355"/>
  <nd ref="499329374"/>
  <nd ref="4728721044"/>
  <nd ref="4728721045"/>
  <nd ref="499329391"/>
  <nd ref="12084272188"/>
  <nd ref="7177250005"/>
  <nd ref="7177250004"/>
  <nd ref="12084272186"/>
  <nd ref="499329406"/>
  <nd ref="7177249996"/>
  <nd ref="499329421"/>
  <nd ref="5698994942"/>
  <nd ref="499329451"/>
  <nd ref="2038932902"/>
  <nd ref="3216886665"/>
  <nd ref="3216886699"/>
  <nd ref="3049625728"/>
  <nd ref="2044184893"/>
  <nd ref="499329485"/>
  <nd ref="2044184907"/>
  <nd ref="499329501"/>
  <nd ref="499329530"/>
  <nd ref="2044184887"/>
  <nd ref="499329627"/>
  <nd ref="2044184916"/>
  <nd ref="499329648"/>
  <nd ref="5321270832"/>
  <nd ref="2044184825"/>
  <nd ref="2044184884"/>
  <nd ref="2044184881"/>
  <nd ref="4913050255"/>
  <nd ref="499329661"/>
  <nd ref="4913050254"/>
  <nd ref="6068849363"/>
  <nd ref="499329674"/>
  <nd ref="6068849364"/>
  <nd ref="6068849366"/>
  <nd ref="6068849365"/>
  <nd ref="499329697"/>
  <nd ref="499329713"/>
  <nd ref="2044184914"/>
  <nd ref="2342822257"/>
  <nd ref="499329736"/>
  <nd ref="2342822255"/>
  <nd ref="499329748"/>
  <nd ref="2342822254"/>
  <nd ref="499329756"/>
  <nd ref="2342822256"/>
  <nd ref="2044154326"/>
  <nd ref="499329771"/>
  <nd ref="2044154224"/>
  <nd ref="9133317278"/>
  <nd ref="3066931696"/>
  <nd ref="3066931697"/>
  <nd ref="3066931698"/>
  <nd ref="3066931699"/>
  <nd ref="3066931700"/>
  <nd ref="3066931704"/>
  <nd ref="3066931703"/>
  <nd ref="3066931702"/>
  <nd ref="7177239759"/>
  <nd ref="7177239758"/>
  <nd ref="3066931701"/>
  <nd ref="499339889"/>
  <nd ref="13285489350"/>
  <nd ref="9408592124"/>
  <nd ref="499329789"/>
  <nd ref="12976719810"/>
  <nd ref="12147063936"/>
  <nd ref="499329798"/>
  <nd ref="499329813"/>
  <nd ref="499329824"/>
  <nd ref="4509271735"/>
  <nd ref="2038932897"/>
  <nd ref="4509271736"/>
  <nd ref="2038932893"/>
  <nd ref="4509271739"/>
  <nd ref="12147063939"/>
  <nd ref="4509271723"/>
  <nd ref="12147063940"/>
  <nd ref="4509271737"/>
  <nd ref="499329839"/>
  <tag k="landuse" v="education"/>
  <tag k="name" v="Central Campus"/>
  <tag k="operator" v="University of Michigan"/>
 </way>
 <way id="154203577" visible="true" version="16" changeset="160285165" timestamp="2024-12-14T16:34:05Z" user="mapper377" uid="2052336">
  <nd ref="1667725913"/>
  <nd ref="1667725890"/>
  <nd ref="1667725930"/>
  <nd ref="12372630266"/>
  <nd ref="1667725337"/>
  <nd ref="1667725321"/>
  <nd ref="12394068306"/>
  <nd ref="12394068313"/>
  <nd ref="12374425680"/>
  <nd ref="1667725292"/>
  <nd ref="12394068302"/>
  <nd ref="12370781158"/>
  <nd ref="12372630256"/>
  <nd ref="1458141577"/>
  <nd ref="12394068320"/>
  <nd ref="12370781157"/>
  <nd ref="12370781154"/>
  <nd ref="4393371107"/>
  <nd ref="8758770144"/>
  <nd ref="12370781159"/>
  <nd ref="1667724864"/>
  <nd ref="12422943606"/>
  <nd ref="1667726359"/>
  <nd ref="12422943607"/>
  <nd ref="12422943615"/>
  <nd ref="1667726343"/>
  <nd ref="1667726305"/>
  <nd ref="1667725913"/>
  <tag k="addr:city" v="Ann Arbor"/>
  <tag k="addr:housenumber" v="121"/>
  <tag k="addr:postcode" v="48109-2017"/>
  <tag k="addr:state" v="MI"/>
  <tag k="addr:street" v="Fletcher Street"/>
  <tag k="amenity" v="theatre"/>
  <tag k="architect" v="Roche and Dinkeloo"/>
  <tag k="building" v="university"/>
  <tag k="building:levels" v="6"/>
  <tag k="building:material" v="concrete"/>
  <tag k="capacity" v="1300"/>
  <tag k="name" v="Power Center for the Performing Arts"/>
  <tag k="name:zh" v="行为艺术中心"/>
  <tag k="operator" v="University of Michigan"/>
  <tag k="roof:shape" v="flat"/>
  <tag k="start_date" v="1971"/>
  <tag k="toilets:wheelchair" v="yes"/>
  <tag k="website" v="https://smtd.umich.edu/facilities/power-center/"/>
  <tag k="wheelchair" v="yes"/>
 </way>
 <way id="154232127" visible="true" version="14" changeset="177456034" timestamp="2026-01-20T02:49:00Z" user="Olyon" uid="1443767">
  <nd ref="1667934333"/>
  <nd ref="1667934330"/>
  <nd ref="1667934327"/>
  <nd ref="3913128955"/>
  <nd ref="3913128954"/>
  <nd ref="3913128956"/>
  <nd ref="12401269376"/>
  <nd ref="3913128953"/>
  <nd ref="5615366250"/>
  <nd ref="5615366251"/>
  <nd ref="1667934454"/>
  <nd ref="1667934471"/>
  <nd ref="1667934438"/>
  <nd ref="1667934447"/>
  <nd ref="1667934403"/>
  <nd ref="5633547429"/>
  <nd ref="1667934411"/>
  <nd ref="1667934381"/>
  <nd ref="1667934369"/>
  <nd ref="1667934344"/>
  <nd ref="1667934333"/>
  <tag k="addr:housenumber" v="1120"/>
  <tag k="addr:street" v="East Huron Street"/>
  <tag k="building" v="university"/>
  <tag k="description" v="Generates steam and electrical power for University buildings in the Central Campus area."/>
  <tag k="name" v="Central Power Plant"/>
  <tag k="name:zh" v="中央能源厂"/>
  <tag k="operator" v="University of Michigan"/>
  <tag k="plant:method" v="combustion"/>
  <tag k="plant:output:electricity" v="60 MW"/>
  <tag k="plant:output:hot_water" v="yes"/>
  <tag k="plant:output:steam" v="yes"/>
  <tag k="plant:source" v="gas"/>
  <tag k="plant:type" v="combined_cycle"/>
  <tag k="power" v="plant"/>
  <tag k="ref:US:EIA" v="50431"/>
  <tag k="source" v="U.S. Energy Information Administration - EIA-860m - 2025"/>
  <tag k="start_date" v="1939-01"/>
 </way>
 <way id="154232147" visible="true" version="6" changeset="160013521" timestamp="2024-12-07T01:44:21Z" user="mapper377" uid="2052336">
  <nd ref="1667934400"/>
  <nd ref="12372690519"/>
  <nd ref="12372690518"/>
  <nd ref="12372690517"/>
  <nd ref="12372690520"/>
  <nd ref="1667934392"/>
  <nd ref="12401269377"/>
  <nd ref="12401269375"/>
  <nd ref="1667934307"/>
  <nd ref="1667934308"/>
  <nd ref="12373976657"/>
  <nd ref="12374425682"/>
  <nd ref="12374425686"/>
  <nd ref="1667934400"/>
  <tag k="building" v="yes"/>
  <tag k="name" v="Plant Services Building"/>
  <tag k="operator" v="University of Michigan"/>
 </way>
 <way id="300870603" visible="true" version="5" changeset="116228766" timestamp="2022-01-16T20:53:00Z" user="yamanq" uid="13624358">
  <nd ref="3049623028"/>
  <nd ref="5615363459"/>
  <nd ref="3049623029"/>
  <nd ref="3049623030"/>
  <nd ref="3049623031"/>
  <nd ref="5615363460"/>
  <nd ref="5615363461"/>
  <nd ref="3049623032"/>
  <nd ref="3049623033"/>
  <nd ref="9423662051"/>
  <nd ref="9423662049"/>
  <nd ref="9423662048"/>
  <nd ref="9423662047"/>
  <nd ref="9423662045"/>
  <nd ref="9423662046"/>
  <nd ref="3049623034"/>
  <nd ref="3049623035"/>
  <nd ref="3049623036"/>
  <nd ref="9423662042"/>
  <nd ref="5615363462"/>
  <nd ref="5615363463"/>
  <nd ref="5615363464"/>
  <nd ref="3049623037"/>
  <nd ref="3049623038"/>
  <nd ref="3049623039"/>
  <nd ref="5615363465"/>
  <nd ref="5615363496"/>
  <nd ref="3049623040"/>
  <nd ref="5615363495"/>
  <nd ref="3049623060"/>
  <nd ref="5615363494"/>
  <nd ref="3049623061"/>
  <nd ref="5615363493"/>
  <nd ref="3049623062"/>
  <nd ref="5615363492"/>
  <nd ref="3049623063"/>
  <nd ref="5615363491"/>
  <nd ref="3049623064"/>
  <nd ref="5615363490"/>
  <nd ref="3049623065"/>
  <nd ref="5615363489"/>
  <nd ref="3049623066"/>
  <nd ref="5615363488"/>
  <nd ref="3049623067"/>
  <nd ref="5615363487"/>
  <nd ref="5615363472"/>
  <nd ref="5615363471"/>
  <nd ref="3049623068"/>
  <nd ref="3049623069"/>
  <nd ref="5615363483"/>
  <nd ref="5615363470"/>
  <nd ref="5615363482"/>
  <nd ref="5615363469"/>
  <nd ref="5615363481"/>
  <nd ref="5615363468"/>
  <nd ref="5615363480"/>
  <nd ref="5615363467"/>
  <nd ref="5615363479"/>
  <nd ref="5615363466"/>
  <nd ref="5615363478"/>
  <nd ref="3049623070"/>
  <nd ref="5615363477"/>
  <nd ref="3049623071"/>
  <nd ref="5615363473"/>
  <nd ref="3049623072"/>
  <nd ref="5615363474"/>
  <nd ref="3049623073"/>
  <nd ref="5615363476"/>
  <nd ref="3049623074"/>
  <nd ref="5615363475"/>
  <nd ref="3049623075"/>
  <nd ref="5615363485"/>
  <nd ref="3049623076"/>
  <nd ref="5615363484"/>
  <nd ref="3049623077"/>
  <nd ref="5615363486"/>
  <nd ref="3049623055"/>
  <nd ref="3049623041"/>
  <nd ref="3049623042"/>
  <nd ref="3049623043"/>
  <nd ref="3049623044"/>
  <nd ref="3049623045"/>
  <nd ref="3049623046"/>
  <nd ref="3049623047"/>
  <nd ref="3049623048"/>
  <nd ref="3049623049"/>
  <nd ref="3049623050"/>
  <nd ref="3049623051"/>
  <nd ref="3049623052"/>
  <nd ref="3049623053"/>
  <nd ref="3049623056"/>
  <nd ref="3049623054"/>
  <nd ref="3049623057"/>
  <nd ref="9423662052"/>
  <nd ref="3049623059"/>
  <nd ref="3049623058"/>
  <nd ref="3049623028"/>
  <tag k="addr:city" v="Ann Arbor"/>
  <tag k="addr:housenumber" v="109"/>
  <tag k="addr:postcode" v="48109"/>
  <tag k="addr:street" v="Zina Pitcher Place"/>
  <tag k="building" v="university"/>
  <tag k="name" v="Taubman Biomedical Science Research Building"/>
  <tag k="operator" v="University of Michigan"/>
  <tag k="short_name" v="BSRB"/>
 </way>
 <way id="334625289" visible="true" version="7" changeset="179054121" timestamp="2026-02-25T19:25:23Z" user="CurlConnoisseur" uid="21683308">
  <nd ref="3416867988"/>
  <nd ref="3416867989"/>
  <nd ref="3416867990"/>
  <nd ref="5584734920"/>
  <nd ref="3416867991"/>
  <nd ref="3416867992"/>
  <nd ref="5584734919"/>
  <nd ref="5584734918"/>
  <nd ref="5584734917"/>
  <nd ref="3416868193"/>
  <nd ref="5584735829"/>
  <nd ref="5584735828"/>
  <nd ref="5584735826"/>
  <nd ref="5584735827"/>
  <nd ref="5584735822"/>
  <nd ref="5584735825"/>
  <nd ref="5584735823"/>
  <nd ref="3416867986"/>
  <nd ref="499329839"/>
  <nd ref="13598931752"/>
  <nd ref="1667726359"/>
  <nd ref="1667724864"/>
  <nd ref="3416867988"/>
  <tag k="leisure" v="park"/>
  <tag k="name" v="Felch Park"/>
 </way>
 <way id="388112488" visible="true" version="2" changeset="110684537" timestamp="2021-09-03T15:41:18Z" user="yamanq" uid="13624358">
  <nd ref="3913128944"/>
  <nd ref="3913128945"/>
  <tag k="highway" v="footway"/>
  <tag k="surface" v="concrete"/>
 </way>
 <way id="441598579" visible="true" version="14" changeset="175201146" timestamp="2025-11-27T14:39:42Z" user="25or6to4" uid="37392">
  <nd ref="4393371112"/>
  <nd ref="6801797331"/>
  <nd ref="62542029"/>
  <tag k="hgv" v="designated"/>
  <tag k="highway" v="primary"/>
  <tag k="lanes" v="5"/>
  <tag k="lanes:backward" v="2"/>
  <tag k="lanes:forward" v="3"/>
  <tag k="lit" v="yes"/>
  <tag k="maxspeed" v="30 mph"/>
  <tag k="name" v="East Huron Street"/>
  <tag k="old_ref" v="US 23"/>
  <tag k="ref" v="I 94 BL;US 23 BUS"/>
  <tag k="sidewalk" v="separate"/>
  <tag k="source:hgv" v="https://www.michigan.gov/mdot/-/media/Project/Websites/MDOT/Travel/Map/Truck-Operators-Map/Truck-Operators-Map.pdf"/>
  <tag k="surface" v="asphalt"/>
  <tag k="tiger:cfcc" v="A15"/>
  <tag k="tiger:county" v="Washtenaw, MI"/>
  <tag k="tiger:name_base" v="Huron"/>
  <tag k="tiger:name_base_1" v="United States Highway 23 (Bus)"/>
  <tag k="tiger:name_base_2" v="I-94 (Bus)"/>
  <tag k="tiger:name_direction_prefix" v="E"/>
  <tag k="tiger:name_type" v="St"/>
  <tag k="turn:lanes:forward" v="left||"/>
 </way>
 <way id="454309571" visible="true" version="2" changeset="49397131" timestamp="2017-06-09T12:48:20Z" user="Sphinxiro" uid="703251">
  <nd ref="4508790409"/>
  <nd ref="4508790408"/>
  <nd ref="4508790407"/>
  <nd ref="4508790406"/>
  <nd ref="4508790409"/>
  <tag k="addr:housenumber" v="109"/>
  <tag k="addr:street" v="Glen Avenue"/>
  <tag k="building" v="yes"/>
 </way>
 <way id="454309572" visible="true" version="2" changeset="49397131" timestamp="2017-06-09T12:48:20Z" user="Sphinxiro" uid="703251">
  <nd ref="4508790413"/>
  <nd ref="4508790412"/>
  <nd ref="4508790411"/>
  <nd ref="4508790410"/>
  <nd ref="4508790413"/>
  <tag k="addr:housenumber" v="121"/>
  <tag k="addr:street" v="Glen Avenue"/>
  <tag k="building" v="yes"/>
 </way>
 <way id="454309574" visible="true" version="2" changeset="49397131" timestamp="2017-06-09T12:48:20Z" user="Sphinxiro" uid="703251">
  <nd ref="4508790421"/>
  <nd ref="4508790420"/>
  <nd ref="4508790419"/>
  <nd ref="4508790418"/>
  <nd ref="4508790421"/>
  <tag k="addr:housenumber" v="1016"/>
  <tag k="addr:street" v="East Ann Street"/>
  <tag k="building" v="apartments"/>
 </way>
 <way id="454364622" visible="true" version="3" changeset="152948693" timestamp="2024-06-20T14:33:04Z" user="Lucas Brandt" uid="17561309">
  <nd ref="4509271797"/>
  <nd ref="4509271828"/>
  <nd ref="7930907251"/>
  <nd ref="4509271827"/>
  <tag k="footway" v="sidewalk"/>
  <tag k="highway" v="footway"/>
  <tag k="surface" v="concrete"/>
 </way>
 <way id="454364623" visible="true" version="2" changeset="152948693" timestamp="2024-06-20T14:33:06Z" user="Lucas Brandt" uid="17561309">
  <nd ref="4509271827"/>
  <nd ref="4509271826"/>
  <nd ref="4509271825"/>
  <nd ref="4509271824"/>
  <nd ref="4509271823"/>
  <nd ref="4509271822"/>
  <tag k="footway" v="sidewalk"/>
  <tag k="highway" v="footway"/>
  <tag k="surface" v="concrete"/>
 </way>
 <way id="584215297" visible="true" version="5" changeset="159886451" timestamp="2024-12-03T15:36:14Z" user="mapper377" uid="2052336">
  <nd ref="5584735830"/>
  <nd ref="3913128942"/>
  <nd ref="5584735834"/>
  <nd ref="5584735832"/>
  <nd ref="5584735833"/>
  <nd ref="3913128943"/>
  <nd ref="3913128945"/>
  <nd ref="12394068323"/>
  <nd ref="3913128946"/>
  <nd ref="5615366253"/>
  <nd ref="5615366255"/>
  <nd ref="5633547423"/>
  <tag k="footway" v="sidewalk"/>
  <tag k="highway" v="footway"/>
  <tag k="surface" v="concrete"/>
 </way>
 <way id="587898293" visible="true" version="5" changeset="116228766" timestamp="2022-01-16T20:53:00Z" user="yamanq" uid="13624358">
  <nd ref="5615363393"/>
  <nd ref="5615363540"/>
  <nd ref="9423662044"/>
  <nd ref="5615363394"/>
  <nd ref="8758770143"/>
  <nd ref="5615363395"/>
  <nd ref="5615363396"/>
  <nd ref="5615363397"/>
  <nd ref="5615363398"/>
  <nd ref="5615363399"/>
  <nd ref="5615363400"/>
  <nd ref="5615363401"/>
  <nd ref="5615363402"/>
  <nd ref="5615363403"/>
  <nd ref="5615363404"/>
  <nd ref="5615363405"/>
  <nd ref="5615363406"/>
  <nd ref="6789627270"/>
  <nd ref="5615363407"/>
  <nd ref="5615363408"/>
  <nd ref="5615363409"/>
  <nd ref="5615363410"/>
  <nd ref="5615363411"/>
  <nd ref="5615363412"/>
  <nd ref="5615363413"/>
  <nd ref="5615363414"/>
  <nd ref="5615363415"/>
  <nd ref="5615363416"/>
  <nd ref="5615363417"/>
  <nd ref="5615363418"/>
  <nd ref="5615363419"/>
  <nd ref="5615363420"/>
  <nd ref="5615363421"/>
  <nd ref="5615363422"/>
  <nd ref="5615363423"/>
  <nd ref="5615363424"/>
  <nd ref="5615363425"/>
  <nd ref="5615363426"/>
  <nd ref="5615363427"/>
  <nd ref="5615363428"/>
  <nd ref="5615363429"/>
  <nd ref="5615363430"/>
  <nd ref="6789627262"/>
  <nd ref="5615363431"/>
  <nd ref="5615363432"/>
  <nd ref="5615363433"/>
  <nd ref="5615363434"/>
  <nd ref="5615363435"/>
  <nd ref="5615363436"/>
  <nd ref="5615363458"/>
  <nd ref="5615363437"/>
  <nd ref="5615363438"/>
  <nd ref="5615363439"/>
  <nd ref="5615363440"/>
  <nd ref="5615363441"/>
  <nd ref="5615363442"/>
  <nd ref="5615363443"/>
  <nd ref="5615363444"/>
  <nd ref="5615363445"/>
  <nd ref="5615363446"/>
  <nd ref="9423662050"/>
  <nd ref="5615363447"/>
  <nd ref="5615363448"/>
  <nd ref="5615363449"/>
  <nd ref="5615363450"/>
  <nd ref="5615363538"/>
  <nd ref="5615363451"/>
  <nd ref="5615363393"/>
  <tag k="footway" v="sidewalk"/>
  <tag k="highway" v="footway"/>
  <tag k="surface" v="concrete"/>
 </way>
 <way id="587898294" visible="true" version="2" changeset="116228766" timestamp="2022-01-16T20:53:00Z" user="yamanq" uid="13624358">
  <nd ref="5615363419"/>
  <nd ref="5615363452"/>
  <nd ref="5615363453"/>
  <nd ref="5615363454"/>
  <nd ref="5615363455"/>
  <nd ref="5615363456"/>
  <tag k="highway" v="footway"/>
 </way>
 <way id="587898295" visible="true" version="1" changeset="58928779" timestamp="2018-05-13T16:42:18Z" user="Aaarbie" uid="7772397">
  <nd ref="5615363458"/>
  <nd ref="5615363459"/>
  <tag k="highway" v="footway"/>
 </way>
 <way id="587898617" visible="true" version="5" changeset="159999250" timestamp="2024-12-06T15:29:10Z" user="mapper377" uid="2052336">
  <nd ref="5615366249"/>
  <nd ref="5615366250"/>
  <nd ref="5615366251"/>
  <nd ref="5615366254"/>
  <nd ref="5615366243"/>
  <nd ref="5615366244"/>
  <nd ref="5615366245"/>
  <nd ref="5615366246"/>
  <nd ref="12372690521"/>
  <nd ref="12372690515"/>
  <nd ref="12372690516"/>
  <nd ref="5615366247"/>
  <nd ref="12374425683"/>
  <nd ref="12372690514"/>
  <nd ref="12374425685"/>
  <nd ref="5615366248"/>
  <nd ref="1667934400"/>
  <nd ref="12372690519"/>
  <nd ref="12372690518"/>
  <nd ref="12372690517"/>
  <nd ref="5615366249"/>
  <tag k="access" v="private"/>
  <tag k="amenity" v="parking"/>
  <tag k="description" v="U of M Service Center, Lot N18. Permit required; enforced 24 hours, 7 days."/>
  <tag k="lit" v="yes"/>
  <tag k="name" v="U of M Lot N18 Service Center"/>
  <tag k="operator" v="University of Michigan"/>
  <tag k="parking" v="surface"/>
  <tag k="ref" v="N18"/>
  <tag k="surface" v="concrete"/>
 </way>
 <way id="587898618" visible="true" version="1" changeset="58928866" timestamp="2018-05-13T16:46:44Z" user="Aaarbie" uid="7772397">
  <nd ref="5615366252"/>
  <nd ref="5615366253"/>
  <nd ref="5615366254"/>
  <tag k="highway" v="service"/>
  <tag k="service" v="driveway"/>
 </way>
 <way id="587898619" visible="true" version="3" changeset="159553790" timestamp="2024-11-25T00:33:33Z" user="mapper377" uid="2052336">
  <nd ref="3913128946"/>
  <nd ref="5615366257"/>
  <nd ref="5615366258"/>
  <nd ref="5615366259"/>
  <nd ref="5615366260"/>
  <nd ref="5615366261"/>
  <nd ref="12372630261"/>
  <nd ref="5615366262"/>
  <nd ref="5615366263"/>
  <nd ref="5615366264"/>
  <nd ref="5615366265"/>
  <tag k="highway" v="footway"/>
  <tag k="surface" v="concrete"/>
 </way>
 <way id="608385950" visible="true" version="13" changeset="168260175" timestamp="2025-06-29T11:03:32Z" user="TinPetreković" uid="22257225">
  <nd ref="62542061"/>
  <nd ref="62542060"/>
  <nd ref="62542059"/>
  <nd ref="62542057"/>
  <nd ref="11162693453"/>
  <nd ref="11162693452"/>
  <nd ref="62542055"/>
  <tag k="hgv" v="designated"/>
  <tag k="highway" v="primary"/>
  <tag k="lanes" v="2"/>
  <tag k="lit" v="yes"/>
  <tag k="maxspeed" v="30 mph"/>
  <tag k="name" v="East Huron Street"/>
  <tag k="old_ref" v="US 23"/>
  <tag k="oneway" v="yes"/>
  <tag k="ref" v="I 94 BL;US 23 BUS"/>
  <tag k="sidewalk:left" v="no"/>
  <tag k="sidewalk:right" v="separate"/>
  <tag k="source:hgv" v="https://www.michigan.gov/mdot/-/media/Project/Websites/MDOT/Travel/Map/Truck-Operators-Map/Truck-Operators-Map.pdf"/>
  <tag k="surface" v="asphalt"/>
  <tag k="tiger:cfcc" v="A15"/>
  <tag k="tiger:county" v="Washtenaw, MI"/>
  <tag k="tiger:name_base" v="Huron"/>
  <tag k="tiger:name_base_1" v="United States Highway 23 (Bus)"/>
  <tag k="tiger:name_base_2" v="I-94 (Bus)"/>
  <tag k="tiger:name_direction_prefix" v="E"/>
  <tag k="tiger:name_type" v="St"/>
  <tag k="tiger:zip_left" v="48104"/>
 </way>
 <way id="723926332" visible="true" version="3" changeset="152948693" timestamp="2024-06-20T14:32:47Z" user="Lucas Brandt" uid="17561309">
  <nd ref="3913128946"/>
  <nd ref="11162693457"/>
  <nd ref="6789627263"/>
  <nd ref="6789627264"/>
  <nd ref="11162693454"/>
  <nd ref="6789627262"/>
  <tag k="crossing" v="marked"/>
  <tag k="footway" v="crossing"/>
  <tag k="highway" v="footway"/>
  <tag k="surface" v="asphalt"/>
 </way>
 <way id="723926333" visible="true" version="3" changeset="152948693" timestamp="2024-06-20T14:33:02Z" user="Lucas Brandt" uid="17561309">
  <nd ref="5615363433"/>
  <nd ref="11162693455"/>
  <nd ref="6789627265"/>
  <nd ref="11162693456"/>
  <nd ref="4509271825"/>
  <tag k="crossing" v="marked"/>
  <tag k="footway" v="crossing"/>
  <tag k="highway" v="footway"/>
  <tag k="surface" v="asphalt"/>
 </way>
 <way id="1021761500" visible="true" version="1" changeset="116228766" timestamp="2022-01-16T20:53:00Z" user="yamanq" uid="13624358">
  <nd ref="9423662053"/>
  <nd ref="9423662052"/>
  <tag k="highway" v="footway"/>
 </way>
 <way id="1021761501" visible="true" version="1" changeset="116228766" timestamp="2022-01-16T20:53:00Z" user="yamanq" uid="13624358">
  <nd ref="9423662054"/>
  <nd ref="9423662053"/>
  <tag k="highway" v="steps"/>
  <tag k="incline" v="up"/>
 </way>
 <way id="1021761502" visible="true" version="1" changeset="116228766" timestamp="2022-01-16T20:53:00Z" user="yamanq" uid="13624358">
  <nd ref="9423662055"/>
  <nd ref="9423662054"/>
  <tag k="highway" v="footway"/>
 </way>
 <way id="1021761503" visible="true" version="1" changeset="116228766" timestamp="2022-01-16T20:53:00Z" user="yamanq" uid="13624358">
  <nd ref="9423662056"/>
  <nd ref="9423662055"/>
  <tag k="highway" v="steps"/>
  <tag k="incline" v="up"/>
 </way>
 <way id="1021761504" visible="true" version="1" changeset="116228766" timestamp="2022-01-16T20:53:00Z" user="yamanq" uid="13624358">
  <nd ref="5615363426"/>
  <nd ref="9423662056"/>
  <tag k="highway" v="footway"/>
 </way>
 <way id="1312346181" visible="true" version="5" changeset="179054121" timestamp="2026-02-25T19:25:23Z" user="CurlConnoisseur" uid="21683308">
  <nd ref="6932178394"/>
  <nd ref="6932178393"/>
  <nd ref="12147063932"/>
  <nd ref="12147063933"/>
  <nd ref="12147063934"/>
  <nd ref="12147063935"/>
  <nd ref="3066931702"/>
  <nd ref="7177239759"/>
  <nd ref="7177239758"/>
  <nd ref="3066931701"/>
  <nd ref="499339889"/>
  <nd ref="13285489350"/>
  <nd ref="9408592124"/>
  <nd ref="499329789"/>
  <nd ref="12976719810"/>
  <nd ref="12147063936"/>
  <nd ref="12147063937"/>
  <nd ref="12147063938"/>
  <nd ref="12147063939"/>
  <nd ref="4509271723"/>
  <nd ref="12147063940"/>
  <nd ref="12147063941"/>
  <nd ref="12147063943"/>
  <nd ref="12147063944"/>
  <nd ref="12147063945"/>
  <nd ref="12147063946"/>
  <nd ref="12147063947"/>
  <nd ref="12147063948"/>
  <nd ref="12147063949"/>
  <nd ref="4192949049"/>
  <nd ref="4503325850"/>
  <nd ref="12976719805"/>
  <nd ref="12976719806"/>
  <nd ref="12976719807"/>
  <nd ref="12147063950"/>
  <nd ref="4503325821"/>
  <nd ref="4192949055"/>
  <nd ref="4192949072"/>
  <nd ref="12147063951"/>
  <nd ref="4603222406"/>
  <nd ref="12976719809"/>
  <nd ref="12147063952"/>
  <nd ref="12147063953"/>
  <nd ref="12147063954"/>
  <nd ref="12147063955"/>
  <nd ref="12147063956"/>
  <nd ref="12147063957"/>
  <nd ref="12147063958"/>
  <nd ref="12147063959"/>
  <nd ref="2623068253"/>
  <nd ref="6932178394"/>
  <tag k="landuse" v="residential"/>
 </way>
 <way id="1337472779" visible="true" version="3" changeset="159886451" timestamp="2024-12-03T15:36:14Z" user="mapper377" uid="2052336">
  <nd ref="1667725930"/>
  <nd ref="1667725890"/>
  <nd ref="1667725292"/>
  <nd ref="12374425680"/>
  <nd ref="12394068313"/>
  <nd ref="12394068306"/>
  <nd ref="1667725321"/>
  <nd ref="1667725337"/>
  <nd ref="12372630266"/>
  <nd ref="1667725930"/>
  <tag k="building:part" v="yes"/>
  <tag k="description" v="Backstage area."/>
 </way>
 <way id="1337472780" visible="true" version="1" changeset="159542117" timestamp="2024-11-24T17:05:59Z" user="mapper377" uid="2052336">
  <nd ref="1667725890"/>
  <nd ref="1667725292"/>
  <nd ref="1667725305"/>
  <nd ref="1667725913"/>
  <nd ref="1667725890"/>
  <tag k="building:part" v="yes"/>
  <tag k="description" v="Stage and fly loft area."/>
 </way>
 <way id="1337472783" visible="true" version="4" changeset="159998159" timestamp="2024-12-06T15:00:01Z" user="mapper377" uid="2052336">
  <nd ref="1667725107"/>
  <nd ref="1667724856"/>
  <nd ref="12372630257"/>
  <nd ref="12370781157"/>
  <nd ref="12394068320"/>
  <nd ref="1458141577"/>
  <nd ref="12372630256"/>
  <nd ref="12370781158"/>
  <nd ref="12394068302"/>
  <nd ref="1667725292"/>
  <nd ref="1667725305"/>
  <nd ref="1667725107"/>
  <tag k="building:part" v="Rehearsal space, offices and workshop area."/>
 </way>
 <way id="1337472784" visible="true" version="4" changeset="160285165" timestamp="2024-12-14T16:34:05Z" user="mapper377" uid="2052336">
  <nd ref="1667725107"/>
  <nd ref="1667724856"/>
  <nd ref="12422943614"/>
  <nd ref="12422943608"/>
  <nd ref="3416867978"/>
  <nd ref="12422943609"/>
  <nd ref="12422943610"/>
  <nd ref="12422943611"/>
  <nd ref="3416867985"/>
  <nd ref="12394068321"/>
  <nd ref="12422943612"/>
  <nd ref="12372630258"/>
  <nd ref="12422943613"/>
  <nd ref="12422943615"/>
  <nd ref="1667726343"/>
  <nd ref="1667726305"/>
  <nd ref="1667725107"/>
  <tag k="building:part" v="yes"/>
  <tag k="description" v="Lobby area (approximate)."/>
 </way>
 <way id="1337472785" visible="true" version="1" changeset="159542117" timestamp="2024-11-24T17:05:59Z" user="mapper377" uid="2052336">
  <nd ref="12370781167"/>
  <nd ref="12370781166"/>
  <nd ref="12370781165"/>
  <nd ref="12370781164"/>
  <nd ref="12370781163"/>
  <nd ref="12370781162"/>
  <nd ref="12370781161"/>
  <nd ref="12370781160"/>
  <nd ref="12370781167"/>
  <tag k="building:material" v="conctete"/>
  <tag k="building:part" v="column"/>
  <tag k="description" v="This is one of six external concrete columns that support the roof of the Power Center building."/>
 </way>
 <way id="1337472786" visible="true" version="1" changeset="159542117" timestamp="2024-11-24T17:05:59Z" user="mapper377" uid="2052336">
  <nd ref="12370781175"/>
  <nd ref="12370781174"/>
  <nd ref="12370781173"/>
  <nd ref="12370781172"/>
  <nd ref="12370781171"/>
  <nd ref="12370781170"/>
  <nd ref="12370781169"/>
  <nd ref="12370781168"/>
  <nd ref="12370781175"/>
  <tag k="building:material" v="conctete"/>
  <tag k="building:part" v="column"/>
  <tag k="description" v="This is one of six external concrete columns that support the roof of the Power Center building."/>
 </way>
 <way id="1337472789" visible="true" version="1" changeset="159542117" timestamp="2024-11-24T17:05:59Z" user="mapper377" uid="2052336">
  <nd ref="12370781199"/>
  <nd ref="12370781198"/>
  <nd ref="12370781197"/>
  <nd ref="12370781196"/>
  <nd ref="12370781195"/>
  <nd ref="12370781194"/>
  <nd ref="12370781193"/>
  <nd ref="12370781192"/>
  <nd ref="12370781199"/>
  <tag k="building:material" v="conctete"/>
  <tag k="building:part" v="column"/>
  <tag k="description" v="This is one of six external concrete columns that support the roof of the Power Center building."/>
 </way>
 <way id="1337472790" visible="true" version="1" changeset="159542117" timestamp="2024-11-24T17:05:59Z" user="mapper377" uid="2052336">
  <nd ref="12371039906"/>
  <nd ref="12371039905"/>
  <nd ref="12371039904"/>
  <nd ref="12371039903"/>
  <nd ref="12371039907"/>
  <nd ref="12371039902"/>
  <nd ref="12371039901"/>
  <nd ref="12370781200"/>
  <nd ref="12371039906"/>
  <tag k="building:material" v="conctete"/>
  <tag k="building:part" v="column"/>
  <tag k="description" v="This is one of six external concrete columns that support the roof of the Power Center building."/>
 </way>
 <way id="1337472791" visible="true" version="1" changeset="159542117" timestamp="2024-11-24T17:05:59Z" user="mapper377" uid="2052336">
  <nd ref="1667725107"/>
  <nd ref="1667726305"/>
  <nd ref="1667725913"/>
  <nd ref="1667725305"/>
  <nd ref="1667725107"/>
  <tag k="building:part" v="yes"/>
  <tag k="description" v="House area (approximate)."/>
 </way>
 <way id="1337603264" visible="true" version="3" changeset="159886451" timestamp="2024-12-03T15:36:14Z" user="mapper377" uid="2052336">
  <nd ref="12372630259"/>
  <nd ref="12372630250"/>
  <nd ref="12374425675"/>
  <nd ref="12374425694"/>
  <nd ref="5615366248"/>
  <tag k="footway" v="link"/>
  <tag k="highway" v="footway"/>
  <tag k="lit" v="yes"/>
  <tag k="surface" v="asphalt"/>
 </way>
 <way id="1337603265" visible="true" version="2" changeset="159886451" timestamp="2024-12-03T15:36:14Z" user="mapper377" uid="2052336">
  <nd ref="12372630252"/>
  <nd ref="12394068305"/>
  <nd ref="12394068303"/>
  <nd ref="12372630250"/>
  <nd ref="5615366265"/>
  <tag k="footway" v="link"/>
  <tag k="highway" v="footway"/>
  <tag k="lit" v="yes"/>
  <tag k="surface" v="asphalt"/>
 </way>
 <way id="1337603267" visible="true" version="1" changeset="159553790" timestamp="2024-11-25T00:33:33Z" user="mapper377" uid="2052336">
  <nd ref="12372630260"/>
  <nd ref="12372630259"/>
  <tag k="highway" v="footway"/>
  <tag k="incline" v="up"/>
  <tag k="surface" v="concrete"/>
 </way>
 <way id="1337603268" visible="true" version="2" changeset="159886451" timestamp="2024-12-03T15:36:14Z" user="mapper377" uid="2052336">
  <nd ref="12372630262"/>
  <nd ref="12372630261"/>
  <nd ref="12372690515"/>
  <tag k="highway" v="footway"/>
  <tag k="surface" v="concrete"/>
 </way>
 <way id="1337603269" visible="true" version="1" changeset="159553790" timestamp="2024-11-25T00:33:33Z" user="mapper377" uid="2052336">
  <nd ref="12372630263"/>
  <nd ref="12372630262"/>
  <tag k="handrail:left" v="yes"/>
  <tag k="handrail:right" v="yes"/>
  <tag k="highway" v="steps"/>
  <tag k="incline" v="up"/>
  <tag k="surface" v="concrete"/>
 </way>
 <way id="1337603270" visible="true" version="1" changeset="159553790" timestamp="2024-11-25T00:33:33Z" user="mapper377" uid="2052336">
  <nd ref="1667725337"/>
  <nd ref="12372630260"/>
  <nd ref="12372630263"/>
  <tag k="highway" v="footway"/>
  <tag k="surface" v="concrete"/>
 </way>
 <way id="1337603271" visible="true" version="1" changeset="159553790" timestamp="2024-11-25T00:33:33Z" user="mapper377" uid="2052336">
  <nd ref="12372630266"/>
  <nd ref="12372630265"/>
  <nd ref="12372630264"/>
  <tag k="barrier" v="retaining_wall"/>
  <tag k="description" v="There is a fence attached to the top of this barrier to prevent people from falling into the ramp and steps."/>
  <tag k="material" v="concrete"/>
 </way>
 <way id="1337603272" visible="true" version="1" changeset="159553790" timestamp="2024-11-25T00:33:33Z" user="mapper377" uid="2052336">
  <nd ref="12372630267"/>
  <nd ref="12372630264"/>
  <nd ref="12372630268"/>
  <tag k="barrier" v="retaining_wall"/>
  <tag k="description" v="There is a fence attached to the top of this barrier to prevent people from falling into the ramp and steps."/>
  <tag k="material" v="concrete"/>
 </way>
 <way id="1337603273" visible="true" version="1" changeset="159553790" timestamp="2024-11-25T00:33:33Z" user="mapper377" uid="2052336">
  <nd ref="12372630271"/>
  <nd ref="12372630270"/>
  <nd ref="12372630269"/>
  <tag k="barrier" v="retaining_wall"/>
  <tag k="description" v="There is a fence attached to the top of this barrier to prevent people from falling into the ramp and steps."/>
  <tag k="material" v="concrete"/>
 </way>
 <way id="1337611051" visible="true" version="1" changeset="159554292" timestamp="2024-11-25T01:18:15Z" user="mapper377" uid="2052336">
  <nd ref="5615366250"/>
  <nd ref="5615366249"/>
  <nd ref="12372690517"/>
  <tag k="barrier" v="fence"/>
 </way>
 <way id="1337611052" visible="true" version="2" changeset="159588367" timestamp="2024-11-25T20:19:27Z" user="mapper377" uid="2052336">
  <nd ref="1667934400"/>
  <nd ref="5615366248"/>
  <nd ref="12374425685"/>
  <nd ref="12372690514"/>
  <nd ref="12374425683"/>
  <nd ref="5615366247"/>
  <nd ref="12372690516"/>
  <nd ref="12372690515"/>
  <nd ref="12372690521"/>
  <nd ref="5615366246"/>
  <nd ref="5615366245"/>
  <nd ref="5615366244"/>
  <nd ref="5615366243"/>
  <nd ref="5615366254"/>
  <nd ref="5615366251"/>
  <tag k="barrier" v="fence"/>
 </way>
 <way id="1337794535" visible="true" version="2" changeset="159886451" timestamp="2024-12-03T15:36:14Z" user="mapper377" uid="2052336">
  <nd ref="12374425679"/>
  <nd ref="12374425677"/>
  <nd ref="12374425678"/>
  <nd ref="12374425675"/>
  <nd ref="12374425676"/>
  <nd ref="12372690514"/>
  <tag k="highway" v="service"/>
  <tag k="incline" v="up"/>
  <tag k="lit" v="yes"/>
  <tag k="oneway" v="no"/>
  <tag k="service" v="driveway"/>
  <tag k="tiger:cfcc" v="A41"/>
  <tag k="tiger:county" v="Washtenaw, MI"/>
  <tag k="tiger:reviewed" v="no"/>
  <tag k="width" v="24'"/>
 </way>
 <way id="1337794537" visible="true" version="3" changeset="159999250" timestamp="2024-12-06T15:29:10Z" user="mapper377" uid="2052336">
  <nd ref="1667725321"/>
  <nd ref="12374425683"/>
  <nd ref="12372690514"/>
  <nd ref="12374425685"/>
  <nd ref="12374425695"/>
  <nd ref="12374425684"/>
  <nd ref="12374425694"/>
  <nd ref="12374425693"/>
  <nd ref="12374425692"/>
  <nd ref="12374425691"/>
  <nd ref="12374425690"/>
  <nd ref="12374425689"/>
  <nd ref="12374425688"/>
  <nd ref="12374425687"/>
  <nd ref="12374425686"/>
  <nd ref="12374425682"/>
  <nd ref="1456878060"/>
  <nd ref="12374425681"/>
  <nd ref="12394068311"/>
  <nd ref="12374425680"/>
  <nd ref="12394068313"/>
  <nd ref="12394068306"/>
  <nd ref="1667725321"/>
  <tag k="access" v="private"/>
  <tag k="amenity" v="parking"/>
  <tag k="capacity" v="11"/>
  <tag k="description" v="U of M Service Center Lot N7. Permit required; enforced 24 hours, 7 days. Access to Power Center loading docks."/>
  <tag k="lit" v="yes"/>
  <tag k="name" v="U of M Lot N7 Service Center"/>
  <tag k="operator" v="University of Michigan"/>
  <tag k="parking" v="surface"/>
  <tag k="ref" v="N7"/>
  <tag k="surface" v="asphalt"/>
 </way>
 <way id="1337794538" visible="true" version="1" changeset="159588367" timestamp="2024-11-25T20:19:27Z" user="mapper377" uid="2052336">
  <nd ref="12374425695"/>
  <nd ref="12374425685"/>
  <nd ref="5615366248"/>
  <nd ref="1667934400"/>
  <nd ref="12374425686"/>
  <nd ref="12374425687"/>
  <nd ref="12374425688"/>
  <nd ref="12374425689"/>
  <nd ref="12374425690"/>
  <nd ref="12374425691"/>
  <nd ref="12374425692"/>
  <nd ref="12374425693"/>
  <nd ref="12374425694"/>
  <nd ref="12374425684"/>
  <nd ref="12374425695"/>
  <tag k="area" v="yes"/>
  <tag k="highway" v="pedestrian"/>
  <tag k="noname" v="yes"/>
  <tag k="surface" v="concrete"/>
 </way>
 <way id="1339864360" visible="true" version="1" changeset="159886451" timestamp="2024-12-03T15:36:14Z" user="mapper377" uid="2052336">
  <nd ref="12394068302"/>
  <nd ref="12394068316"/>
  <nd ref="12394068315"/>
  <tag k="highway" v="footway"/>
  <tag k="lit" v="yes"/>
  <tag k="surface" v="concrete"/>
 </way>
 <way id="1339864361" visible="true" version="1" changeset="159886451" timestamp="2024-12-03T15:36:14Z" user="mapper377" uid="2052336">
  <nd ref="12394068303"/>
  <nd ref="12394068306"/>
  <tag k="footway" v="link"/>
  <tag k="highway" v="footway"/>
  <tag k="lit" v="yes"/>
  <tag k="surface" v="asphalt"/>
 </way>
 <way id="1339864362" visible="true" version="1" changeset="159886451" timestamp="2024-12-03T15:36:14Z" user="mapper377" uid="2052336">
  <nd ref="12394068304"/>
  <nd ref="12394068307"/>
  <tag k="highway" v="footway"/>
  <tag k="lit" v="yes"/>
  <tag k="surface" v="concrete"/>
 </way>
 <way id="1339864363" visible="true" version="1" changeset="159886451" timestamp="2024-12-03T15:36:14Z" user="mapper377" uid="2052336">
  <nd ref="12394068306"/>
  <nd ref="12394068304"/>
  <tag k="handrail:left" v="no"/>
  <tag k="handrail:right" v="yes"/>
  <tag k="highway" v="steps"/>
  <tag k="incline" v="up"/>
  <tag k="lit" v="yes"/>
  <tag k="step_count" v="6"/>
  <tag k="surface" v="concrete"/>
  <tag k="width" v="4'"/>
 </way>
 <way id="1339864364" visible="true" version="1" changeset="159886451" timestamp="2024-12-03T15:36:14Z" user="mapper377" uid="2052336">
  <nd ref="12394068312"/>
  <nd ref="12394068311"/>
  <tag k="highway" v="service"/>
  <tag k="lit" v="yes"/>
  <tag k="service" v="driveway"/>
  <tag k="surface" v="asphalt"/>
  <tag k="width" v="24'"/>
 </way>
 <way id="1339864365" visible="true" version="1" changeset="159886451" timestamp="2024-12-03T15:36:14Z" user="mapper377" uid="2052336">
  <nd ref="12374425679"/>
  <nd ref="12394068305"/>
  <nd ref="12394068312"/>
  <nd ref="12394068313"/>
  <tag k="highway" v="service"/>
  <tag k="lit" v="yes"/>
  <tag k="service" v="driveway"/>
  <tag k="surface" v="asphalt"/>
  <tag k="width" v="24'"/>
 </way>
 <way id="1339864366" visible="true" version="1" changeset="159886451" timestamp="2024-12-03T15:36:14Z" user="mapper377" uid="2052336">
  <nd ref="12394068314"/>
  <nd ref="12394068318"/>
  <tag k="handrail:left" v="yes"/>
  <tag k="handrail:right" v="yes"/>
  <tag k="highway" v="steps"/>
  <tag k="incline" v="up"/>
  <tag k="lit" v="yes"/>
  <tag k="step_count" v="6"/>
  <tag k="surface" v="concrete"/>
 </way>
 <way id="1339864367" visible="true" version="1" changeset="159886451" timestamp="2024-12-03T15:36:14Z" user="mapper377" uid="2052336">
  <nd ref="12372630252"/>
  <nd ref="12394068314"/>
  <tag k="highway" v="footway"/>
  <tag k="lit" v="yes"/>
  <tag k="surface" v="concrete"/>
 </way>
 <way id="1339864368" visible="true" version="1" changeset="159886451" timestamp="2024-12-03T15:36:14Z" user="mapper377" uid="2052336">
  <nd ref="12394068318"/>
  <nd ref="12394068317"/>
  <nd ref="12394068302"/>
  <tag k="highway" v="footway"/>
  <tag k="lit" v="yes"/>
  <tag k="surface" v="concrete"/>
 </way>
 <way id="1339864371" visible="true" version="2" changeset="160285165" timestamp="2024-12-14T16:34:05Z" user="mapper377" uid="2052336">
  <nd ref="12394068322"/>
  <nd ref="12422943607"/>
  <tag k="description" v="Step count will vary from two to six because the Huron Street sidewalk slopes downward going east. There is no wheelchair ramp."/>
  <tag k="handrail" v="no"/>
  <tag k="highway" v="steps"/>
  <tag k="incline" v="up"/>
  <tag k="lit" v="yes"/>
  <tag k="ramp" v="no"/>
  <tag k="step_count" v="6"/>
  <tag k="surface" v="concrete"/>
  <tag k="width" v="40'"/>
 </way>
 <way id="1339864372" visible="true" version="1" changeset="159886451" timestamp="2024-12-03T15:36:14Z" user="mapper377" uid="2052336">
  <nd ref="12394068323"/>
  <nd ref="12394068322"/>
  <tag k="highway" v="footway"/>
  <tag k="lit" v="yes"/>
  <tag k="surface" v="concrete"/>
  <tag k="width" v="40'"/>
 </way>
 <way id="1340663938" visible="true" version="1" changeset="160013521" timestamp="2024-12-07T01:44:21Z" user="mapper377" uid="2052336">
  <nd ref="8932349660"/>
  <nd ref="12401269382"/>
  <nd ref="12401269373"/>
  <tag k="access" v="private"/>
  <tag k="highway" v="service"/>
  <tag k="service" v="driveway"/>
  <tag k="surface" v="concrete"/>
 </way>
 <way id="1340663939" visible="true" version="1" changeset="160013521" timestamp="2024-12-07T01:44:21Z" user="mapper377" uid="2052336">
  <nd ref="3913128954"/>
  <nd ref="12373976664"/>
  <nd ref="8932349660"/>
  <nd ref="12373976665"/>
  <nd ref="12373976666"/>
  <nd ref="12401269371"/>
  <nd ref="12373976667"/>
  <nd ref="12373976668"/>
  <nd ref="12373976669"/>
  <nd ref="12373976670"/>
  <nd ref="1667934307"/>
  <nd ref="12401269377"/>
  <nd ref="12401269380"/>
  <nd ref="8932349656"/>
  <nd ref="12401269379"/>
  <nd ref="12401269378"/>
  <nd ref="3913128953"/>
  <nd ref="3913128956"/>
  <nd ref="3913128954"/>
  <tag k="access" v="private"/>
  <tag k="addr:street" v="Palmer Drive"/>
  <tag k="amenity" v="parking"/>
  <tag k="description" v="U of M Service Center parking permit required. Enforcement 24 hours 7 days."/>
  <tag k="lit" v="yes"/>
  <tag k="name" v="U of M Lot N23 Service Center"/>
  <tag k="operator" v="University of Michigan"/>
  <tag k="parking" v="surface"/>
  <tag k="ref" v="N23"/>
  <tag k="surface" v="concrete"/>
 </way>
 <way id="1342699266" visible="true" version="1" changeset="160285165" timestamp="2024-12-14T16:34:05Z" user="mapper377" uid="2052336">
  <nd ref="12422943607"/>
  <nd ref="12372630258"/>
  <tag k="handrail" v="no"/>
  <tag k="highway" v="footway"/>
  <tag k="lit" v="yes"/>
  <tag k="surface" v="concrete"/>
  <tag k="width" v="40'"/>
 </way>
 <way id="1342699267" visible="true" version="1" changeset="160285165" timestamp="2024-12-14T16:34:05Z" user="mapper377" uid="2052336">
  <nd ref="12422943615"/>
  <nd ref="12422943613"/>
  <nd ref="12372630258"/>
  <nd ref="12422943612"/>
  <nd ref="12394068321"/>
  <nd ref="3416867985"/>
  <nd ref="12422943611"/>
  <nd ref="12422943610"/>
  <nd ref="12422943609"/>
  <nd ref="3416867978"/>
  <nd ref="12422943608"/>
  <nd ref="12422943614"/>
  <nd ref="1667724864"/>
  <nd ref="1667726359"/>
  <nd ref="12422943615"/>
  <tag k="building:part" v="roof"/>
  <tag k="layer" v="2"/>
 </way>
 <way id="1357844893" visible="true" version="3" changeset="179239525" timestamp="2026-03-02T07:20:07Z" user="CurlConnoisseur" uid="21683308">
  <nd ref="12566074871"/>
  <nd ref="12566074872"/>
  <nd ref="12566074873"/>
  <nd ref="12566074874"/>
  <nd ref="12566074871"/>
  <tag k="addr:city" v="Ann Arbor"/>
  <tag k="addr:postcode" v="48104"/>
  <tag k="addr:state" v="MI"/>
  <tag k="addr:street" v="East Huron Street"/>
  <tag k="building" v="university"/>
  <tag k="building:levels" v="5"/>
  <tag k="check_date" v="2025-09-10"/>
  <tag k="name" v="New Building for the College of Pharmacy"/>
 </way>
 <relation id="307168" visible="true" version="87" changeset="178748357" timestamp="2026-02-19T00:46:32Z" user="ChrisBessert" uid="1346422">
  <member type="way" ref="513575819" role=""/>
  <member type="way" ref="12388869" role=""/>
  <member type="way" ref="513575820" role=""/>
  <member type="way" ref="512264996" role=""/>
  <member type="way" ref="1172436055" role=""/>
  <member type="way" ref="1172436055" role="west"/>
  <member type="way" ref="512264996" role="west"/>
  <member type="way" ref="394732361" role="west"/>
  <member type="way" ref="394732330" role="west"/>
  <member type="way" ref="1172436050" role="west"/>
  <member type="way" ref="1172436049" role=""/>
  <member type="way" ref="441598650" role=""/>
  <member type="way" ref="1172436052" role=""/>
  <member type="way" ref="225623130" role=""/>
  <member type="way" ref="441598649" role="west"/>
  <member type="way" ref="394732317" role="west"/>
  <member type="way" ref="394732349" role="west"/>
  <member type="way" ref="441598580" role="west"/>
  <member type="way" ref="608385950" role="west"/>
  <member type="way" ref="8726969" role="west"/>
  <member type="way" ref="441598579" role=""/>
  <member type="way" ref="220169073" role=""/>
  <member type="way" ref="220171725" role=""/>
  <member type="way" ref="412683889" role=""/>
  <member type="way" ref="411632944" role=""/>
  <member type="way" ref="441448150" role=""/>
  <member type="way" ref="441448151" role=""/>
  <member type="way" ref="441448147" role=""/>
  <member type="way" ref="215452367" role=""/>
  <member type="way" ref="441448148" role=""/>
  <member type="way" ref="215452368" role=""/>
  <member type="way" ref="8726968" role=""/>
  <member type="way" ref="441448149" role=""/>
  <member type="way" ref="8725713" role=""/>
  <member type="way" ref="1357265307" role=""/>
  <member type="way" ref="441448236" role=""/>
  <member type="way" ref="441448237" role=""/>
  <member type="way" ref="409824817" role=""/>
  <member type="way" ref="409824814" role=""/>
  <member type="way" ref="395449272" role=""/>
  <member type="way" ref="725348034" role=""/>
  <member type="way" ref="395449273" role=""/>
  <member type="way" ref="395449274" role=""/>
  <member type="way" ref="234811370" role=""/>
  <member type="way" ref="1353905083" role=""/>
  <member type="way" ref="8721932" role="east"/>
  <member type="way" ref="442179665" role=""/>
  <member type="way" ref="442179666" role=""/>
  <member type="way" ref="442179664" role=""/>
  <member type="way" ref="412049950" role=""/>
  <member type="way" ref="508015219" role="east"/>
  <member type="way" ref="508015218" role="east"/>
  <member type="way" ref="9146894" role="east"/>
  <member type="way" ref="43423805" role="east"/>
  <member type="way" ref="1360833216" role="forward"/>
  <member type="way" ref="441398313" role="forward"/>
  <member type="way" ref="396761551" role="forward"/>
  <member type="way" ref="441398314" role="forward"/>
  <member type="way" ref="396761550" role="forward"/>
  <member type="way" ref="1074654820" role="forward"/>
  <member type="way" ref="9146897" role="forward"/>
  <member type="way" ref="8720930" role="west"/>
  <member type="way" ref="1074654821" role=""/>
  <member type="way" ref="441415198" role=""/>
  <member type="way" ref="396761552" role=""/>
  <member type="way" ref="409826828" role=""/>
  <member type="way" ref="441415196" role=""/>
  <member type="way" ref="1074654822" role=""/>
  <member type="way" ref="43423802" role=""/>
  <member type="way" ref="233593615" role=""/>
  <member type="way" ref="493913498" role=""/>
  <member type="way" ref="441415197" role=""/>
  <member type="way" ref="1074654819" role=""/>
  <member type="way" ref="409826512" role=""/>
  <member type="way" ref="12388871" role="west"/>
  <member type="way" ref="509868066" role="east"/>
  <member type="way" ref="512264997" role="east"/>
  <member type="way" ref="442031973" role="east"/>
  <member type="way" ref="12388869" role="east"/>
  <member type="way" ref="394732323" role="east"/>
  <member type="way" ref="394732367" role="east"/>
  <member type="way" ref="441598648" role="east"/>
  <member type="way" ref="394732319" role="east"/>
  <member type="way" ref="1172413644" role="east"/>
  <member type="way" ref="394732338" role="east"/>
  <member type="way" ref="220169084" role="east"/>
  <member type="way" ref="9250770" role="east"/>
  <member type="way" ref="509868072" role="forward"/>
  <member type="way" ref="234811371" role=""/>
  <member type="way" ref="1122219140" role=""/>
  <member type="way" ref="442031975" role=""/>
  <member type="way" ref="412664219" role=""/>
  <member type="way" ref="131932658" role=""/>
  <member type="way" ref="508182583" role=""/>
  <member type="way" ref="412666257" role=""/>
  <member type="way" ref="783536432" role=""/>
  <member type="way" ref="508183006" role=""/>
  <member type="way" ref="508183005" role=""/>
  <member type="way" ref="394208940" role=""/>
  <member type="way" ref="508213686" role="east"/>
  <member type="way" ref="4618350" role="east"/>
  <member type="way" ref="412050395" role="east"/>
  <member type="way" ref="412044507" role="east"/>
  <member type="way" ref="393041603" role="west"/>
  <member type="way" ref="393041602" role="west"/>
  <member type="way" ref="508213683" role="west"/>
  <member type="way" ref="4618351" role="west"/>
  <member type="way" ref="442179663" role=""/>
  <member type="way" ref="412049942" role=""/>
  <member type="way" ref="193610569" role=""/>
  <member type="way" ref="442179667" role=""/>
  <member type="way" ref="442179669" role=""/>
  <member type="way" ref="611433440" role=""/>
  <member type="way" ref="611433441" role=""/>
  <member type="way" ref="365215815" role="west"/>
  <member type="way" ref="393041604" role=""/>
  <member type="way" ref="442183102" role=""/>
  <member type="way" ref="442183103" role=""/>
  <member type="way" ref="8721797" role="east"/>
  <member type="way" ref="1046836908" role="east"/>
  <member type="way" ref="23142565" role="east"/>
  <member type="way" ref="23142553" role="east"/>
  <member type="way" ref="43423791" role="east"/>
  <member type="way" ref="193610573" role="east"/>
  <member type="way" ref="510946766" role="east"/>
  <member type="way" ref="412459348" role="east"/>
  <member type="way" ref="411716614" role="east"/>
  <member type="way" ref="393038020" role="east"/>
  <member type="way" ref="193610570" role="east"/>
  <member type="way" ref="1008474432" role="west"/>
  <member type="way" ref="193610572" role="west"/>
  <member type="way" ref="442183100" role="west"/>
  <member type="way" ref="411716616" role="west"/>
  <member type="way" ref="530465297" role="west"/>
  <member type="way" ref="412045776" role="west"/>
  <member type="way" ref="23079503" role="west"/>
  <member type="way" ref="1046847170" role="west"/>
  <member type="way" ref="23142559" role="west"/>
  <member type="way" ref="23142555" role="west"/>
  <member type="way" ref="43423794" role="west"/>
  <member type="way" ref="365215814" role="east"/>
  <member type="way" ref="520428810" role="east"/>
  <member type="way" ref="8720795" role="east"/>
  <member type="way" ref="365215812" role="east"/>
  <member type="way" ref="1202953965" role="east"/>
  <member type="way" ref="21063845" role="east"/>
  <member type="way" ref="1202953967" role="east"/>
  <member type="way" ref="21063859" role="east"/>
  <member type="way" ref="387050284" role="west"/>
  <member type="way" ref="41442084" role="west"/>
  <member type="way" ref="393038019" role="west"/>
  <member type="way" ref="8721711" role="west"/>
  <member type="way" ref="23079502" role="west"/>
  <member type="way" ref="518854095" role="west"/>
  <member type="way" ref="518854100" role="west"/>
  <member type="way" ref="365215813" role="west"/>
  <member type="way" ref="8720865" role="west"/>
  <member type="way" ref="515384447" role="west"/>
  <member type="way" ref="515384448" role="west"/>
  <tag k="modifier" v="Business"/>
  <tag k="name" v="I 94 Business (Ann Arbor, MI)"/>
  <tag k="network" v="US:I:Business:Loop"/>
  <tag k="ref" v="94"/>
  <tag k="route" v="road"/>
  <tag k="type" v="route"/>
  <tag k="wikipedia" v="en:Business routes of Interstate 94#Ann Arbor business loop"/>
 </relation>
 <relation id="308345" visible="true" version="90" changeset="178748357" timestamp="2026-02-19T00:46:32Z" user="ChrisBessert" uid="1346422">
  <member type="way" ref="513575819" role=""/>
  <member type="way" ref="12388869" role="south"/>
  <member type="way" ref="441598648" role="south"/>
  <member type="way" ref="394732319" role="south"/>
  <member type="way" ref="1172413644" role="south"/>
  <member type="way" ref="394732367" role="south"/>
  <member type="way" ref="394732323" role="south"/>
  <member type="way" ref="394732338" role="south"/>
  <member type="way" ref="220169084" role="south"/>
  <member type="way" ref="9250770" role="south"/>
  <member type="way" ref="8726969" role="north"/>
  <member type="way" ref="608385950" role="north"/>
  <member type="way" ref="441598580" role="north"/>
  <member type="way" ref="394732349" role="north"/>
  <member type="way" ref="394732317" role="north"/>
  <member type="way" ref="441598649" role="north"/>
  <member type="way" ref="225623130" role=""/>
  <member type="way" ref="1172436052" role=""/>
  <member type="way" ref="441598650" role=""/>
  <member type="way" ref="1172436049" role=""/>
  <member type="way" ref="1172436050" role="north"/>
  <member type="way" ref="394732330" role="north"/>
  <member type="way" ref="394732361" role="north"/>
  <member type="way" ref="513575820" role=""/>
  <member type="way" ref="442183100" role="north"/>
  <member type="way" ref="411716616" role="north"/>
  <member type="way" ref="1008474432" role="north"/>
  <member type="way" ref="193610570" role="south"/>
  <member type="way" ref="393038020" role="south"/>
  <member type="way" ref="411716614" role="south"/>
  <member type="way" ref="412459348" role="south"/>
  <member type="way" ref="510946766" role="south"/>
  <member type="way" ref="233593058" role="south"/>
  <member type="way" ref="519487556" role="south"/>
  <member type="way" ref="387050283" role="south"/>
  <member type="way" ref="387050285" role="south"/>
  <member type="way" ref="1059757628" role="south"/>
  <member type="way" ref="387050286" role="north"/>
  <member type="way" ref="387050284" role="north"/>
  <member type="way" ref="41442084" role="north"/>
  <member type="way" ref="393038019" role="north"/>
  <member type="way" ref="412045776" role="north"/>
  <member type="way" ref="530465297" role="north"/>
  <member type="way" ref="193610572" role="north"/>
  <member type="way" ref="399812451" role=""/>
  <member type="way" ref="393041604" role=""/>
  <member type="way" ref="442183102" role=""/>
  <member type="way" ref="442183103" role=""/>
  <member type="way" ref="442179669" role=""/>
  <member type="way" ref="442179667" role=""/>
  <member type="way" ref="193610569" role=""/>
  <member type="way" ref="611433440" role=""/>
  <member type="way" ref="611433441" role=""/>
  <member type="way" ref="442179665" role=""/>
  <member type="way" ref="442179666" role=""/>
  <member type="way" ref="442179664" role=""/>
  <member type="way" ref="412049950" role=""/>
  <member type="way" ref="442179663" role=""/>
  <member type="way" ref="412049942" role=""/>
  <member type="way" ref="393041603" role="north"/>
  <member type="way" ref="393041602" role="north"/>
  <member type="way" ref="508213683" role="north"/>
  <member type="way" ref="4618351" role="north"/>
  <member type="way" ref="412044507" role="south"/>
  <member type="way" ref="412050395" role="south"/>
  <member type="way" ref="4618350" role="south"/>
  <member type="way" ref="508213686" role="south"/>
  <member type="way" ref="394208940" role=""/>
  <member type="way" ref="131932658" role=""/>
  <member type="way" ref="508182583" role=""/>
  <member type="way" ref="412666257" role=""/>
  <member type="way" ref="783536432" role=""/>
  <member type="way" ref="508183006" role=""/>
  <member type="way" ref="508183005" role=""/>
  <member type="way" ref="412664219" role=""/>
  <member type="way" ref="442031975" role=""/>
  <member type="way" ref="1122219140" role=""/>
  <member type="way" ref="234811371" role=""/>
  <member type="way" ref="509868072" role=""/>
  <member type="way" ref="12388871" role="north"/>
  <member type="way" ref="1172436055" role="north"/>
  <member type="way" ref="512264996" role="north"/>
  <member type="way" ref="512264997" role="south"/>
  <member type="way" ref="509868066" role="south"/>
  <member type="way" ref="442031973" role="south"/>
  <member type="way" ref="441598579" role=""/>
  <member type="way" ref="220169073" role=""/>
  <member type="way" ref="220171725" role=""/>
  <member type="way" ref="412683889" role=""/>
  <member type="way" ref="411632944" role=""/>
  <member type="way" ref="441448150" role=""/>
  <member type="way" ref="441448151" role=""/>
  <member type="way" ref="441448147" role=""/>
  <member type="way" ref="215452367" role=""/>
  <member type="way" ref="441448148" role=""/>
  <member type="way" ref="215452368" role=""/>
  <member type="way" ref="8726968" role=""/>
  <member type="way" ref="441448149" role=""/>
  <member type="way" ref="8728047" role=""/>
  <member type="way" ref="441448174" role=""/>
  <member type="way" ref="412697592" role=""/>
  <member type="way" ref="441448171" role=""/>
  <member type="way" ref="441448170" role=""/>
  <member type="way" ref="441448173" role=""/>
  <member type="way" ref="398995919" role=""/>
  <member type="way" ref="409822218" role=""/>
  <member type="way" ref="441448172" role=""/>
  <member type="way" ref="215876722" role=""/>
  <member type="way" ref="623295238" role=""/>
  <member type="way" ref="398995918" role=""/>
  <member type="way" ref="409821760" role=""/>
  <member type="way" ref="395310411" role=""/>
  <member type="way" ref="395310410" role=""/>
  <member type="way" ref="215876721" role=""/>
  <member type="way" ref="640524291" role=""/>
  <member type="way" ref="640524292" role=""/>
  <member type="way" ref="9749266" role="north"/>
  <member type="way" ref="174334865" role="north"/>
  <member type="way" ref="518455969" role="north"/>
  <member type="way" ref="25938192" role="north"/>
  <member type="way" ref="43554575" role="north"/>
  <member type="way" ref="9146847" role="north"/>
  <member type="way" ref="21060942" role="north"/>
  <member type="way" ref="1046868168" role="north"/>
  <member type="way" ref="517289035" role="north"/>
  <member type="way" ref="1046839604" role="north"/>
  <member type="way" ref="8720658" role="north"/>
  <member type="way" ref="9146836" role="north"/>
  <member type="way" ref="9146840" role="north"/>
  <member type="way" ref="8720660" role="south"/>
  <member type="way" ref="413907598" role="south"/>
  <member type="way" ref="517178059" role="south"/>
  <member type="way" ref="43554577" role="south"/>
  <member type="way" ref="1043658039" role="south"/>
  <member type="way" ref="9146850" role="south"/>
  <member type="way" ref="477942131" role="south"/>
  <member type="way" ref="884924777" role="south"/>
  <member type="way" ref="193495709" role="south"/>
  <member type="way" ref="490517756" role="south"/>
  <member type="way" ref="490517755" role="south"/>
  <member type="way" ref="25938193" role="south"/>
  <member type="way" ref="8721711" role="north"/>
  <tag k="description" v="US 23 Business (Ann Arbor, MI)"/>
  <tag k="modifier" v="Business"/>
  <tag k="name" v="US 23 Business (Ann Arbor, MI)"/>
  <tag k="network" v="US:US:Business"/>
  <tag k="ref" v="23"/>
  <tag k="route" v="road"/>
  <tag k="type" v="route"/>
  <tag k="wikipedia" v="en:Bannered routes of U.S. Route 23#Ann Arbor.2C Michigan"/>
 </relation>
 <relation id="2327549" visible="true" version="329" changeset="179687405" timestamp="2026-03-11T10:23:13Z" user="tkotnala_lyft" uid="21672285">
  <member type="way" ref="930600455" role=""/>
  <member type="way" ref="930951327" role=""/>
  <member type="way" ref="738961260" role=""/>
  <member type="way" ref="930951321" role=""/>
  <member type="way" ref="930600456" role=""/>
  <member type="way" ref="930959015" role=""/>
  <member type="way" ref="930951322" role=""/>
  <member type="way" ref="886246393" role=""/>
  <member type="way" ref="653830167" role=""/>
  <member type="way" ref="425982156" role=""/>
  <member type="way" ref="425982155" role=""/>
  <member type="way" ref="265843799" role=""/>
  <member type="way" ref="738957085" role=""/>
  <member type="way" ref="425982154" role=""/>
  <member type="way" ref="653830166" role=""/>
  <member type="way" ref="425982180" role=""/>
  <member type="way" ref="425982182" role=""/>
  <member type="way" ref="265839502" role=""/>
  <member type="way" ref="738955407" role=""/>
  <member type="way" ref="738957583" role=""/>
  <member type="way" ref="738957582" role=""/>
  <member type="way" ref="265843606" role=""/>
  <member type="way" ref="265843607" role=""/>
  <member type="way" ref="930957642" role=""/>
  <member type="way" ref="930600453" role=""/>
  <member type="way" ref="930951325" role=""/>
  <member type="way" ref="930951324" role=""/>
  <member type="way" ref="930600454" role=""/>
  <member type="way" ref="738958314" role=""/>
  <member type="way" ref="930951323" role=""/>
  <member type="way" ref="265847443" role=""/>
  <member type="way" ref="738961259" role=""/>
  <member type="way" ref="738957086" role=""/>
  <member type="way" ref="653830163" role=""/>
  <member type="way" ref="244777326" role=""/>
  <member type="way" ref="653830164" role=""/>
  <member type="way" ref="1479424011" role=""/>
  <member type="way" ref="244777324" role=""/>
  <member type="way" ref="1479424012" role=""/>
  <member type="way" ref="50191979" role=""/>
  <member type="way" ref="243782790" role=""/>
  <member type="way" ref="205699504" role=""/>
  <member type="way" ref="219122589" role=""/>
  <member type="way" ref="219122588" role=""/>
  <member type="way" ref="224404787" role=""/>
  <member type="way" ref="771727155" role=""/>
  <member type="way" ref="17896610" role=""/>
  <member type="way" ref="1085111408" role=""/>
  <member type="way" ref="1085111407" role=""/>
  <member type="way" ref="174334854" role=""/>
  <member type="way" ref="174334839" role=""/>
  <member type="way" ref="17900019" role=""/>
  <member type="way" ref="195785883" role=""/>
  <member type="way" ref="17902596" role=""/>
  <member type="way" ref="195785882" role=""/>
  <member type="way" ref="17899029" role=""/>
  <member type="way" ref="491461357" role=""/>
  <member type="way" ref="491461353" role=""/>
  <member type="way" ref="491460593" role=""/>
  <member type="way" ref="799242180" role=""/>
  <member type="way" ref="799242179" role=""/>
  <member type="way" ref="289074026" role=""/>
  <member type="way" ref="605460366" role=""/>
  <member type="way" ref="605460367" role=""/>
  <member type="way" ref="17896037" role=""/>
  <member type="way" ref="513575819" role=""/>
  <member type="way" ref="12388869" role=""/>
  <member type="way" ref="12388869" role=""/>
  <member type="way" ref="442031973" role="forward"/>
  <member type="way" ref="512264997" role="forward"/>
  <member type="way" ref="509868066" role="forward"/>
  <member type="way" ref="12388871" role="forward"/>
  <member type="way" ref="1172436055" role="forward"/>
  <member type="way" ref="512264996" role="forward"/>
  <member type="way" ref="394732361" role="forward"/>
  <member type="way" ref="394732330" role="forward"/>
  <member type="way" ref="1172436050" role="forward"/>
  <member type="way" ref="1172436049" role=""/>
  <member type="way" ref="441598650" role=""/>
  <member type="way" ref="1172436052" role=""/>
  <member type="way" ref="225623130" role=""/>
  <member type="way" ref="441598649" role="forward"/>
  <member type="way" ref="394732317" role="forward"/>
  <member type="way" ref="394732349" role="forward"/>
  <member type="way" ref="441598580" role="forward"/>
  <member type="way" ref="608385950" role="forward"/>
  <member type="way" ref="8726969" role="forward"/>
  <member type="way" ref="9250770" role="forward"/>
  <member type="way" ref="220169084" role="forward"/>
  <member type="way" ref="394732338" role="forward"/>
  <member type="way" ref="394732323" role="forward"/>
  <member type="way" ref="394732367" role="forward"/>
  <member type="way" ref="1172413644" role="forward"/>
  <member type="way" ref="394732319" role="forward"/>
  <member type="way" ref="441598648" role="forward"/>
  <member type="way" ref="513575820" role=""/>
  <member type="way" ref="513575820" role=""/>
  <member type="way" ref="12388869" role="forward"/>
  <member type="way" ref="441598579" role=""/>
  <member type="way" ref="220169073" role=""/>
  <member type="way" ref="220171725" role=""/>
  <member type="way" ref="412683889" role=""/>
  <member type="way" ref="411632944" role=""/>
  <member type="way" ref="441448150" role=""/>
  <member type="way" ref="441448151" role=""/>
  <member type="way" ref="441448147" role=""/>
  <member type="way" ref="215452367" role=""/>
  <member type="way" ref="441448148" role=""/>
  <member type="way" ref="215452368" role=""/>
  <member type="way" ref="8726968" role=""/>
  <member type="way" ref="441448149" role=""/>
  <member type="way" ref="8728047" role=""/>
  <member type="way" ref="441448174" role=""/>
  <member type="way" ref="412697592" role=""/>
  <member type="way" ref="441448171" role=""/>
  <member type="way" ref="441448170" role=""/>
  <member type="way" ref="441448173" role=""/>
  <member type="way" ref="398995919" role=""/>
  <member type="way" ref="409822218" role=""/>
  <member type="way" ref="838810485" role=""/>
  <member type="way" ref="838810490" role=""/>
  <member type="way" ref="838810486" role=""/>
  <member type="way" ref="838810489" role=""/>
  <member type="way" ref="317017228" role=""/>
  <member type="way" ref="55468416" role=""/>
  <member type="way" ref="292132724" role=""/>
  <member type="way" ref="1305738987" role=""/>
  <member type="way" ref="838810481" role=""/>
  <member type="way" ref="838810483" role=""/>
  <member type="way" ref="838810482" role=""/>
  <member type="way" ref="17726503" role=""/>
  <member type="way" ref="838810478" role=""/>
  <member type="way" ref="567182611" role=""/>
  <member type="way" ref="567182608" role=""/>
  <member type="way" ref="17731171" role=""/>
  <member type="way" ref="909345395" role=""/>
  <member type="way" ref="838810480" role=""/>
  <member type="way" ref="838810479" role=""/>
  <member type="way" ref="17728325" role=""/>
  <member type="way" ref="838810472" role=""/>
  <member type="way" ref="838810476" role=""/>
  <member type="way" ref="838810477" role=""/>
  <member type="way" ref="17730287" role=""/>
  <member type="way" ref="17731470" role=""/>
  <member type="way" ref="17729647" role=""/>
  <member type="way" ref="17731476" role=""/>
  <member type="way" ref="173091247" role=""/>
  <member type="way" ref="173091244" role=""/>
  <member type="way" ref="173091180" role="forward"/>
  <member type="way" ref="173091181" role="forward"/>
  <member type="way" ref="173091182" role=""/>
  <member type="way" ref="909345392" role=""/>
  <member type="way" ref="480422036" role=""/>
  <member type="way" ref="909376112" role=""/>
  <member type="way" ref="909376111" role=""/>
  <member type="way" ref="937922823" role=""/>
  <member type="way" ref="909376113" role=""/>
  <member type="way" ref="909516106" role=""/>
  <member type="way" ref="27828678" role=""/>
  <member type="way" ref="17729735" role=""/>
  <member type="way" ref="909516108" role=""/>
  <member type="way" ref="17726748" role=""/>
  <member type="way" ref="153703972" role=""/>
  <member type="way" ref="1391032107" role=""/>
  <member type="way" ref="153703968" role=""/>
  <member type="way" ref="204313922" role=""/>
  <member type="way" ref="17729243" role=""/>
  <member type="way" ref="17723551" role=""/>
  <member type="way" ref="27828683" role=""/>
  <member type="way" ref="909350890" role=""/>
  <member type="way" ref="17730566" role=""/>
  <member type="way" ref="399518648" role=""/>
  <member type="way" ref="933174817" role=""/>
  <member type="way" ref="933174815" role=""/>
  <member type="way" ref="44225923" role=""/>
  <member type="way" ref="44225924" role=""/>
  <member type="way" ref="8637204" role=""/>
  <member type="way" ref="884366734" role=""/>
  <member type="way" ref="412550032" role=""/>
  <member type="way" ref="174334870" role=""/>
  <member type="way" ref="8661588" role=""/>
  <member type="way" ref="44768140" role=""/>
  <member type="way" ref="8661587" role=""/>
  <member type="way" ref="17959218" role=""/>
  <member type="way" ref="41410164" role=""/>
  <member type="way" ref="17956222" role="forward"/>
  <member type="way" ref="41410162" role="forward"/>
  <member type="way" ref="576614845" role="forward"/>
  <member type="way" ref="406049636" role=""/>
  <member type="way" ref="895140940" role=""/>
  <member type="way" ref="17962326" role=""/>
  <member type="way" ref="576613934" role=""/>
  <member type="way" ref="895178384" role=""/>
  <member type="way" ref="895133968" role=""/>
  <member type="way" ref="576613918" role=""/>
  <member type="way" ref="895508025" role=""/>
  <member type="way" ref="576613929" role=""/>
  <member type="way" ref="895178380" role=""/>
  <member type="way" ref="895149989" role=""/>
  <member type="way" ref="68314241" role=""/>
  <member type="way" ref="895149983" role=""/>
  <member type="way" ref="895508029" role=""/>
  <member type="way" ref="17955773" role=""/>
  <member type="way" ref="836162191" role=""/>
  <member type="way" ref="401514307" role=""/>
  <member type="way" ref="836162194" role=""/>
  <member type="way" ref="231870052" role=""/>
  <member type="way" ref="1365028155" role=""/>
  <member type="way" ref="1365028156" role=""/>
  <member type="way" ref="231870053" role=""/>
  <member type="way" ref="8637568" role=""/>
  <member type="way" ref="41782376" role=""/>
  <member type="way" ref="970832946" role=""/>
  <member type="way" ref="41782375" role=""/>
  <member type="way" ref="1162690335" role=""/>
  <member type="way" ref="1162704438" role=""/>
  <member type="way" ref="1162704437" role=""/>
  <member type="way" ref="700758872" role=""/>
  <member type="way" ref="238858003" role=""/>
  <member type="way" ref="483459080" role=""/>
  <member type="way" ref="1067336432" role=""/>
  <member type="way" ref="483459077" role=""/>
  <member type="way" ref="238858017" role=""/>
  <member type="way" ref="221148244" role=""/>
  <member type="way" ref="1163102961" role=""/>
  <member type="way" ref="518218980" role=""/>
  <member type="way" ref="518218974" role=""/>
  <member type="way" ref="8637398" role=""/>
  <member type="way" ref="224041376" role=""/>
  <member type="way" ref="518218985" role=""/>
  <member type="way" ref="483230124" role=""/>
  <member type="way" ref="483230120" role=""/>
  <member type="way" ref="174334797" role=""/>
  <member type="way" ref="1455370043" role=""/>
  <member type="way" ref="8662050" role=""/>
  <member type="way" ref="1455370044" role=""/>
  <member type="way" ref="1169440538" role=""/>
  <member type="way" ref="701204516" role=""/>
  <member type="way" ref="1165952605" role=""/>
  <member type="way" ref="701204508" role=""/>
  <member type="way" ref="701204506" role=""/>
  <member type="way" ref="701204498" role=""/>
  <member type="way" ref="933174816" role=""/>
  <member type="way" ref="1196091406" role=""/>
  <member type="way" ref="39369207" role=""/>
  <member type="way" ref="1163053054" role=""/>
  <member type="way" ref="1202695482" role=""/>
  <member type="way" ref="8662051" role=""/>
  <member type="way" ref="282410836" role=""/>
  <member type="way" ref="282410842" role=""/>
  <member type="way" ref="1162849243" role=""/>
  <member type="way" ref="1196202492" role=""/>
  <member type="way" ref="1196202486" role=""/>
  <member type="way" ref="8662298" role=""/>
  <member type="way" ref="1119575767" role=""/>
  <member type="way" ref="483674010" role=""/>
  <member type="way" ref="483674011" role=""/>
  <member type="way" ref="1162849244" role=""/>
  <member type="way" ref="8662297" role=""/>
  <member type="way" ref="8637407" role=""/>
  <member type="way" ref="1163102962" role=""/>
  <member type="way" ref="1163102960" role=""/>
  <member type="way" ref="134989233" role=""/>
  <member type="way" ref="395310411" role=""/>
  <member type="way" ref="9749266" role=""/>
  <member type="way" ref="640524292" role=""/>
  <member type="way" ref="640524291" role=""/>
  <member type="way" ref="441616870" role=""/>
  <member type="way" ref="215876722" role=""/>
  <member type="way" ref="623295238" role=""/>
  <member type="way" ref="8637466" role=""/>
  <member type="way" ref="886977588" role=""/>
  <member type="way" ref="886977592" role=""/>
  <member type="way" ref="1428802479" role=""/>
  <member type="way" ref="886977590" role=""/>
  <member type="way" ref="886977589" role=""/>
  <member type="way" ref="886977591" role=""/>
  <member type="way" ref="168610884" role=""/>
  <member type="way" ref="884366735" role=""/>
  <member type="way" ref="412550031" role=""/>
  <member type="way" ref="174334805" role=""/>
  <member type="way" ref="8645012" role=""/>
  <member type="way" ref="1430671612" role=""/>
  <member type="way" ref="441616872" role=""/>
  <member type="way" ref="441616875" role=""/>
  <member type="way" ref="713335786" role=""/>
  <member type="way" ref="8645900" role=""/>
  <member type="way" ref="8786671" role=""/>
  <member type="way" ref="8790114" role=""/>
  <member type="way" ref="174334899" role=""/>
  <member type="way" ref="174334896" role=""/>
  <member type="way" ref="174334898" role=""/>
  <member type="way" ref="8786656" role=""/>
  <member type="way" ref="200197785" role=""/>
  <member type="way" ref="653830136" role=""/>
  <member type="way" ref="430080805" role=""/>
  <member type="way" ref="430080925" role=""/>
  <member type="way" ref="822095095" role=""/>
  <member type="way" ref="200197279" role=""/>
  <member type="way" ref="329068843" role=""/>
  <member type="way" ref="200199443" role=""/>
  <member type="way" ref="16934683" role="forward"/>
  <member type="way" ref="1487592793" role=""/>
  <member type="way" ref="1487592794" role=""/>
  <member type="way" ref="8645899" role=""/>
  <member type="way" ref="1430671624" role=""/>
  <member type="way" ref="8644996" role=""/>
  <member type="way" ref="713335800" role=""/>
  <member type="way" ref="1430671625" role=""/>
  <member type="way" ref="441616874" role=""/>
  <member type="way" ref="1482180198" role=""/>
  <member type="way" ref="441616873" role=""/>
  <member type="way" ref="683043927" role=""/>
  <member type="way" ref="441616883" role=""/>
  <member type="way" ref="441616878" role=""/>
  <member type="way" ref="441616881" role=""/>
  <member type="way" ref="441616884" role=""/>
  <member type="way" ref="441616882" role=""/>
  <member type="way" ref="1482180200" role=""/>
  <member type="way" ref="1482180199" role=""/>
  <member type="way" ref="441443803" role=""/>
  <member type="way" ref="441443806" role=""/>
  <member type="way" ref="441443838" role=""/>
  <member type="way" ref="441443811" role=""/>
  <member type="way" ref="441443808" role=""/>
  <member type="way" ref="441443814" role=""/>
  <member type="way" ref="441443833" role=""/>
  <member type="way" ref="441383576" role=""/>
  <member type="way" ref="441443819" role=""/>
  <member type="way" ref="441443807" role=""/>
  <member type="way" ref="441443815" role=""/>
  <member type="way" ref="441443818" role=""/>
  <member type="way" ref="441443823" role=""/>
  <member type="way" ref="441443812" role=""/>
  <member type="way" ref="441443805" role=""/>
  <member type="way" ref="441443809" role=""/>
  <member type="way" ref="441443813" role=""/>
  <member type="way" ref="441383578" role=""/>
  <member type="way" ref="412376571" role=""/>
  <member type="way" ref="441383577" role=""/>
  <member type="way" ref="412376570" role=""/>
  <member type="way" ref="412376569" role=""/>
  <member type="way" ref="725802327" role=""/>
  <member type="way" ref="8641479" role=""/>
  <member type="way" ref="441110601" role=""/>
  <member type="way" ref="441110603" role=""/>
  <member type="way" ref="441110602" role=""/>
  <member type="way" ref="441110604" role=""/>
  <member type="way" ref="8635884" role=""/>
  <member type="way" ref="1377380017" role=""/>
  <member type="way" ref="1377380020" role=""/>
  <member type="way" ref="325355128" role=""/>
  <member type="way" ref="500810072" role=""/>
  <member type="way" ref="500810071" role=""/>
  <member type="way" ref="174334799" role=""/>
  <member type="way" ref="432924199" role=""/>
  <member type="way" ref="442079661" role=""/>
  <member type="way" ref="1433860529" role=""/>
  <member type="way" ref="442079679" role=""/>
  <member type="way" ref="442079673" role=""/>
  <member type="way" ref="442079666" role=""/>
  <member type="way" ref="442079677" role=""/>
  <member type="way" ref="412365663" role=""/>
  <member type="way" ref="442079681" role=""/>
  <member type="way" ref="412365668" role=""/>
  <member type="way" ref="442079664" role=""/>
  <member type="way" ref="442079668" role=""/>
  <member type="way" ref="412365670" role=""/>
  <member type="way" ref="442079675" role=""/>
  <member type="way" ref="442079671" role=""/>
  <member type="way" ref="341075195" role=""/>
  <member type="way" ref="442056009" role=""/>
  <member type="way" ref="407043393" role=""/>
  <member type="way" ref="407043392" role=""/>
  <member type="way" ref="100767831" role=""/>
  <member type="way" ref="132148189" role=""/>
  <member type="way" ref="830930904" role=""/>
  <member type="way" ref="830930903" role=""/>
  <member type="way" ref="830930902" role=""/>
  <member type="way" ref="517295643" role=""/>
  <member type="way" ref="517295642" role=""/>
  <member type="way" ref="517295646" role=""/>
  <member type="way" ref="517295644" role=""/>
  <member type="way" ref="517295641" role=""/>
  <member type="way" ref="174334830" role=""/>
  <member type="way" ref="517295640" role=""/>
  <member type="way" ref="517295649" role=""/>
  <member type="way" ref="8721477" role=""/>
  <member type="way" ref="174334887" role=""/>
  <member type="way" ref="17898763" role=""/>
  <member type="way" ref="1049951326" role=""/>
  <member type="way" ref="982084200" role=""/>
  <member type="way" ref="733706890" role=""/>
  <member type="way" ref="1083234131" role=""/>
  <member type="way" ref="1083234132" role=""/>
  <member type="way" ref="733706891" role=""/>
  <member type="way" ref="1083234133" role=""/>
  <member type="way" ref="398995918" role=""/>
  <member type="way" ref="409821760" role=""/>
  <member type="way" ref="836162192" role=""/>
  <member type="way" ref="441448172" role=""/>
  <member type="way" ref="395310410" role=""/>
  <member type="way" ref="215876721" role=""/>
  <member type="way" ref="200199444" role=""/>
  <member type="way" ref="431554530" role=""/>
  <member type="way" ref="8785600" role=""/>
  <member type="way" ref="1137234446" role=""/>
  <member type="way" ref="1137234447" role=""/>
  <member type="way" ref="964802801" role=""/>
  <member type="way" ref="430080764" role=""/>
  <member type="way" ref="430080804" role=""/>
  <member type="way" ref="265847446" role=""/>
  <member type="way" ref="568543416" role=""/>
  <member type="way" ref="830430615" role=""/>
  <member type="way" ref="1471912574" role=""/>
  <member type="way" ref="174284931" role=""/>
  <member type="way" ref="1471912564" role=""/>
  <member type="way" ref="1471912569" role=""/>
  <member type="way" ref="1471912563" role=""/>
  <member type="way" ref="1471912562" role=""/>
  <member type="way" ref="174284932" role=""/>
  <member type="way" ref="263505439" role=""/>
  <member type="way" ref="1199665572" role=""/>
  <member type="way" ref="263505440" role=""/>
  <member type="way" ref="750366602" role=""/>
  <member type="way" ref="16934543" role=""/>
  <member type="way" ref="442399472" role=""/>
  <member type="way" ref="4608978" role="forward"/>
  <member type="way" ref="555940688" role="forward"/>
  <member type="way" ref="8642599" role=""/>
  <member type="way" ref="8639909" role=""/>
  <member type="way" ref="174334857" role=""/>
  <member type="way" ref="653039698" role=""/>
  <member type="way" ref="1301134524" role=""/>
  <member type="way" ref="1301134523" role=""/>
  <member type="way" ref="725818552" role=""/>
  <member type="way" ref="772348844" role=""/>
  <member type="way" ref="772348843" role=""/>
  <member type="way" ref="767428484" role=""/>
  <member type="way" ref="174334862" role=""/>
  <member type="way" ref="174334894" role=""/>
  <member type="way" ref="854915350" role=""/>
  <member type="way" ref="8729973" role=""/>
  <member type="way" ref="660066951" role=""/>
  <member type="way" ref="660066950" role=""/>
  <member type="way" ref="660066949" role=""/>
  <member type="way" ref="8734744" role=""/>
  <member type="way" ref="442556516" role=""/>
  <member type="way" ref="442556515" role=""/>
  <member type="way" ref="8725433" role=""/>
  <member type="way" ref="442556514" role=""/>
  <member type="way" ref="442556522" role=""/>
  <member type="way" ref="492959608" role=""/>
  <member type="way" ref="492959609" role=""/>
  <member type="way" ref="25783873" role=""/>
  <member type="way" ref="1180579345" role=""/>
  <member type="way" ref="25783872" role=""/>
  <member type="way" ref="386571296" role=""/>
  <member type="way" ref="1063413000" role=""/>
  <member type="way" ref="442556520" role=""/>
  <member type="way" ref="442556519" role=""/>
  <member type="way" ref="442556521" role=""/>
  <member type="way" ref="1076467226" role=""/>
  <member type="way" ref="442556517" role=""/>
  <member type="way" ref="442556518" role=""/>
  <member type="way" ref="442553478" role=""/>
  <member type="way" ref="442553480" role=""/>
  <member type="way" ref="442553477" role=""/>
  <member type="way" ref="442553479" role=""/>
  <member type="way" ref="369698462" role=""/>
  <member type="way" ref="514725132" role=""/>
  <member type="way" ref="442552963" role=""/>
  <member type="way" ref="442552968" role=""/>
  <member type="way" ref="530709492" role=""/>
  <member type="way" ref="234850881" role=""/>
  <member type="way" ref="442552961" role=""/>
  <member type="way" ref="1063413001" role=""/>
  <member type="way" ref="442552962" role=""/>
  <member type="way" ref="189887242" role=""/>
  <member type="way" ref="442183086" role=""/>
  <member type="way" ref="442183087" role=""/>
  <member type="way" ref="492960757" role=""/>
  <member type="way" ref="492960763" role=""/>
  <member type="way" ref="492960762" role=""/>
  <member type="way" ref="386571295" role=""/>
  <member type="way" ref="442183088" role=""/>
  <member type="way" ref="176844800" role=""/>
  <member type="way" ref="363492587" role=""/>
  <member type="way" ref="1355049583" role=""/>
  <member type="way" ref="1355049585" role=""/>
  <member type="way" ref="399812451" role=""/>
  <member type="way" ref="387050286" role=""/>
  <member type="way" ref="387050284" role=""/>
  <member type="way" ref="41442084" role=""/>
  <member type="way" ref="393038019" role=""/>
  <member type="way" ref="412045776" role=""/>
  <member type="way" ref="530465297" role=""/>
  <member type="way" ref="193610572" role=""/>
  <member type="way" ref="442183100" role=""/>
  <member type="way" ref="411716616" role=""/>
  <member type="way" ref="1008474432" role=""/>
  <member type="way" ref="393041604" role=""/>
  <member type="way" ref="442183102" role=""/>
  <member type="way" ref="442183103" role=""/>
  <member type="way" ref="442179669" role=""/>
  <member type="way" ref="442179667" role=""/>
  <member type="way" ref="193610569" role=""/>
  <member type="way" ref="611433440" role=""/>
  <member type="way" ref="611433441" role=""/>
  <member type="way" ref="442179665" role=""/>
  <member type="way" ref="442179666" role=""/>
  <member type="way" ref="442179664" role=""/>
  <member type="way" ref="412049950" role=""/>
  <member type="way" ref="442179663" role=""/>
  <member type="way" ref="412049942" role=""/>
  <member type="way" ref="393041603" role="forward"/>
  <member type="way" ref="393041602" role="forward"/>
  <member type="way" ref="508213683" role="forward"/>
  <member type="way" ref="4618351" role="forward"/>
  <member type="way" ref="508213686" role="forward"/>
  <member type="way" ref="4618350" role="forward"/>
  <member type="way" ref="412050395" role="forward"/>
  <member type="way" ref="412044507" role="forward"/>
  <member type="way" ref="17731479" role="forward"/>
  <member type="way" ref="188174334" role="forward"/>
  <member type="way" ref="1362697160" role="forward"/>
  <member type="way" ref="41410161" role="forward"/>
  <member type="way" ref="17952332" role="forward"/>
  <member type="way" ref="394208940" role=""/>
  <member type="way" ref="509868072" role="forward"/>
  <member type="way" ref="234811371" role=""/>
  <member type="way" ref="1122219140" role=""/>
  <member type="way" ref="442031975" role=""/>
  <member type="way" ref="412664219" role=""/>
  <member type="way" ref="508183005" role=""/>
  <member type="way" ref="508183006" role=""/>
  <member type="way" ref="783536432" role=""/>
  <member type="way" ref="412666257" role=""/>
  <member type="way" ref="508182583" role=""/>
  <member type="way" ref="131932658" role=""/>
  <member type="way" ref="8785693" role=""/>
  <member type="way" ref="964802802" role=""/>
  <member type="way" ref="113626413" role=""/>
  <member type="way" ref="561395149" role=""/>
  <member type="way" ref="203656575" role=""/>
  <member type="way" ref="930951318" role=""/>
  <member type="way" ref="598656594" role=""/>
  <member type="way" ref="1452583323" role=""/>
  <member type="way" ref="174334846" role=""/>
  <member type="way" ref="174334821" role=""/>
  <member type="way" ref="205715231" role=""/>
  <member type="way" ref="205693143" role=""/>
  <member type="way" ref="460438339" role=""/>
  <member type="way" ref="205501042" role=""/>
  <member type="way" ref="931658911" role=""/>
  <member type="way" ref="460438337" role=""/>
  <member type="way" ref="205501263" role=""/>
  <member type="way" ref="1190221918" role=""/>
  <member type="way" ref="931658916" role=""/>
  <member type="way" ref="50191647" role=""/>
  <member type="way" ref="203780710" role=""/>
  <member type="way" ref="186948700" role=""/>
  <member type="way" ref="186948696" role=""/>
  <member type="way" ref="930322826" role=""/>
  <member type="way" ref="939566223" role=""/>
  <member type="way" ref="923413068" role=""/>
  <member type="way" ref="203756790" role=""/>
  <member type="way" ref="930514743" role=""/>
  <member type="way" ref="653793542" role=""/>
  <member type="way" ref="244899807" role=""/>
  <member type="way" ref="572940291" role=""/>
  <member type="way" ref="653777941" role=""/>
  <member type="way" ref="244901970" role=""/>
  <member type="way" ref="203757375" role=""/>
  <member type="way" ref="561392072" role=""/>
  <member type="way" ref="19313455" role=""/>
  <member type="way" ref="944255496" role=""/>
  <member type="way" ref="19309126" role=""/>
  <member type="way" ref="1234909046" role=""/>
  <member type="way" ref="1234909049" role=""/>
  <member type="way" ref="19315664" role=""/>
  <member type="way" ref="50266934" role=""/>
  <member type="way" ref="1117986985" role=""/>
  <member type="way" ref="1117986987" role=""/>
  <member type="way" ref="1117986986" role=""/>
  <member type="way" ref="1346538185" role=""/>
  <member type="way" ref="172339476" role=""/>
  <member type="way" ref="572481164" role=""/>
  <member type="way" ref="713666083" role=""/>
  <member type="way" ref="572481168" role=""/>
  <member type="way" ref="19309647" role=""/>
  <member type="way" ref="1123477686" role=""/>
  <member type="way" ref="1123477687" role=""/>
  <member type="way" ref="1458831255" role=""/>
  <member type="way" ref="19319057" role=""/>
  <member type="way" ref="1123477688" role=""/>
  <member type="way" ref="759047556" role=""/>
  <member type="way" ref="759047557" role=""/>
  <member type="way" ref="1356978895" role=""/>
  <member type="way" ref="1356978897" role=""/>
  <member type="way" ref="1356978896" role=""/>
  <member type="way" ref="19319116" role=""/>
  <member type="way" ref="371939770" role=""/>
  <member type="way" ref="1123477684" role=""/>
  <member type="way" ref="1123477685" role=""/>
  <member type="way" ref="19317516" role=""/>
  <member type="way" ref="19314099" role=""/>
  <member type="way" ref="423111386" role=""/>
  <member type="way" ref="423111395" role=""/>
  <member type="way" ref="409652481" role=""/>
  <member type="way" ref="409652482" role=""/>
  <member type="way" ref="788676667" role=""/>
  <member type="way" ref="788676668" role=""/>
  <member type="way" ref="788676670" role=""/>
  <member type="way" ref="788676669" role=""/>
  <member type="way" ref="19311813" role=""/>
  <member type="way" ref="572481167" role=""/>
  <member type="way" ref="572479575" role=""/>
  <member type="way" ref="572481165" role=""/>
  <member type="way" ref="244777323" role=""/>
  <member type="way" ref="244777366" role=""/>
  <member type="way" ref="244777325" role=""/>
  <member type="way" ref="244899805" role=""/>
  <member type="way" ref="568520264" role=""/>
  <member type="way" ref="442399469" role="forward"/>
  <member type="way" ref="884784826" role="forward"/>
  <member type="way" ref="884784825" role="forward"/>
  <member type="way" ref="555940686" role="forward"/>
  <member type="way" ref="555940687" role="forward"/>
  <member type="way" ref="969441473" role=""/>
  <member type="way" ref="517178057" role=""/>
  <member type="way" ref="40941527" role=""/>
  <member type="way" ref="511568598" role=""/>
  <member type="way" ref="511568599" role=""/>
  <member type="way" ref="40941528" role=""/>
  <member type="way" ref="174334891" role=""/>
  <member type="way" ref="1342437225" role=""/>
  <member type="way" ref="1306151275" role=""/>
  <member type="way" ref="1306151261" role=""/>
  <member type="way" ref="1342437614" role=""/>
  <member type="way" ref="1306151273" role=""/>
  <tag k="old_ref" v="US 23"/>
  <tag k="route" v="road"/>
  <tag k="source" v="old USGS topos"/>
  <tag k="type" v="route"/>
 </relation>
 <relation id="2911546" visible="true" version="51" changeset="162647665" timestamp="2025-02-18T07:14:47Z" user="skumarchandela_lyft" uid="18783563">
  <member type="node" ref="4961795619" role="stop"/>
  <member type="node" ref="2874522985" role="stop"/>
  <member type="node" ref="5003417191" role="stop"/>
  <member type="node" ref="5003417192" role="stop"/>
  <member type="node" ref="1458141596" role="stop"/>
  <member type="node" ref="1455616872" role="stop"/>
  <member type="node" ref="1455616873" role="stop"/>
  <member type="node" ref="4919630425" role="stop"/>
  <member type="node" ref="4919630432" role="stop"/>
  <member type="way" ref="441598583" role=""/>
  <member type="way" ref="441598588" role=""/>
  <member type="way" ref="441598597" role=""/>
  <member type="way" ref="9257821" role=""/>
  <member type="way" ref="441598584" role=""/>
  <member type="way" ref="441598590" role=""/>
  <member type="way" ref="441598582" role=""/>
  <member type="way" ref="441598592" role=""/>
  <member type="way" ref="441598596" role=""/>
  <member type="way" ref="441598587" role=""/>
  <member type="way" ref="441598594" role=""/>
  <member type="way" ref="441598600" role=""/>
  <member type="way" ref="441598598" role=""/>
  <member type="way" ref="441598586" role=""/>
  <member type="way" ref="441598585" role=""/>
  <member type="way" ref="441598633" role=""/>
  <member type="way" ref="441598632" role=""/>
  <member type="way" ref="213562887" role=""/>
  <member type="way" ref="441598634" role=""/>
  <member type="way" ref="441598631" role=""/>
  <member type="way" ref="441598636" role=""/>
  <member type="way" ref="8724149" role=""/>
  <member type="way" ref="441598593" role=""/>
  <member type="way" ref="8728449" role=""/>
  <member type="way" ref="608385949" role=""/>
  <member type="way" ref="115812718" role=""/>
  <member type="way" ref="12388875" role="backward"/>
  <member type="way" ref="4691873" role="forward"/>
  <member type="way" ref="132301470" role="backward"/>
  <member type="way" ref="441598573" role=""/>
  <member type="way" ref="220169085" role=""/>
  <member type="way" ref="52305487" role="backward"/>
  <member type="way" ref="441598574" role="backward"/>
  <member type="way" ref="8727270" role="backward"/>
  <member type="way" ref="9250770" role="forward"/>
  <member type="way" ref="8721845" role="forward"/>
  <member type="way" ref="441598652" role="forward"/>
  <member type="way" ref="8733366" role="forward"/>
  <member type="way" ref="115812716" role="forward"/>
  <member type="way" ref="220169083" role="forward"/>
  <member type="way" ref="115812712" role="forward"/>
  <member type="way" ref="441448155" role=""/>
  <member type="way" ref="220171726" role=""/>
  <member type="way" ref="441448154" role="forward"/>
  <member type="way" ref="441448153" role="forward"/>
  <member type="way" ref="220171730" role="forward"/>
  <member type="way" ref="8734732" role="forward"/>
  <member type="way" ref="215452367" role="forward"/>
  <member type="way" ref="441448147" role="forward"/>
  <member type="way" ref="441448151" role="forward"/>
  <member type="way" ref="441448150" role="forward"/>
  <member type="way" ref="220171727" role="forward"/>
  <member type="way" ref="441448214" role="forward"/>
  <member type="way" ref="213222771" role=""/>
  <member type="way" ref="441448152" role=""/>
  <member type="way" ref="441598602" role=""/>
  <member type="way" ref="8734730" role=""/>
  <member type="way" ref="220169073" role=""/>
  <member type="way" ref="441598579" role=""/>
  <member type="way" ref="441448148" role=""/>
  <member type="way" ref="215452368" role=""/>
  <member type="way" ref="8726968" role=""/>
  <member type="way" ref="441448149" role=""/>
  <member type="way" ref="8725713" role=""/>
  <member type="way" ref="1357265307" role=""/>
  <member type="way" ref="441448236" role=""/>
  <member type="way" ref="441448237" role=""/>
  <member type="way" ref="409824817" role=""/>
  <member type="way" ref="409824814" role=""/>
  <member type="way" ref="395449272" role=""/>
  <member type="way" ref="725348034" role=""/>
  <member type="way" ref="395449273" role=""/>
  <member type="way" ref="395449274" role=""/>
  <member type="way" ref="234811370" role=""/>
  <member type="way" ref="1353905083" role=""/>
  <member type="way" ref="409826512" role=""/>
  <member type="way" ref="1074654821" role=""/>
  <member type="way" ref="441415198" role=""/>
  <member type="way" ref="396761552" role=""/>
  <member type="way" ref="409826828" role=""/>
  <member type="way" ref="441415196" role=""/>
  <member type="way" ref="1074654822" role=""/>
  <member type="way" ref="43423802" role=""/>
  <member type="way" ref="233593615" role=""/>
  <member type="way" ref="493913498" role=""/>
  <member type="way" ref="441415197" role=""/>
  <member type="way" ref="1074654819" role=""/>
  <member type="way" ref="516506319" role="forward"/>
  <member type="way" ref="516506318" role="forward"/>
  <member type="way" ref="516506317" role="forward"/>
  <member type="way" ref="516506316" role="forward"/>
  <member type="way" ref="124433726" role="forward"/>
  <member type="way" ref="516608892" role="forward"/>
  <member type="way" ref="516608891" role="forward"/>
  <member type="way" ref="508015219" role="forward"/>
  <member type="way" ref="508015218" role="forward"/>
  <member type="way" ref="9146894" role="forward"/>
  <member type="way" ref="43423805" role="forward"/>
  <member type="way" ref="1360833216" role="forward"/>
  <member type="way" ref="441398313" role="forward"/>
  <member type="way" ref="396761551" role="forward"/>
  <member type="way" ref="441398314" role="forward"/>
  <member type="way" ref="396761550" role="forward"/>
  <member type="way" ref="1074654820" role="forward"/>
  <member type="way" ref="9146897" role="forward"/>
  <member type="way" ref="8720930" role="forward"/>
  <member type="way" ref="220171728" role="forward"/>
  <member type="way" ref="124433724" role="forward"/>
  <member type="way" ref="517433895" role="forward"/>
  <member type="way" ref="1084034264" role="forward"/>
  <member type="way" ref="1084034263" role="forward"/>
  <member type="way" ref="517433891" role="forward"/>
  <member type="way" ref="124433728" role="forward"/>
  <member type="way" ref="1082812632" role="forward"/>
  <member type="way" ref="1082812631" role="forward"/>
  <member type="way" ref="516604208" role="forward"/>
  <member type="way" ref="516604207" role="forward"/>
  <member type="way" ref="516508046" role="forward"/>
  <member type="way" ref="1047093055" role="forward"/>
  <member type="way" ref="1047093054" role="forward"/>
  <member type="way" ref="516508045" role="forward"/>
  <member type="way" ref="517662124" role="forward"/>
  <member type="way" ref="77965453" role="forward"/>
  <member type="way" ref="1183623651" role="forward"/>
  <member type="way" ref="1183623650" role="forward"/>
  <member type="way" ref="517662122" role="forward"/>
  <member type="way" ref="517662123" role="forward"/>
  <member type="way" ref="124433727" role="forward"/>
  <member type="way" ref="9906129" role="forward"/>
  <member type="way" ref="9906126" role="forward"/>
  <member type="way" ref="9906120" role="forward"/>
  <member type="way" ref="9906131" role="forward"/>
  <member type="way" ref="9906130" role="forward"/>
  <member type="way" ref="9906121" role="forward"/>
  <member type="way" ref="9906119" role="forward"/>
  <member type="way" ref="32058108" role="forward"/>
  <member type="way" ref="8721912" role="forward"/>
  <member type="way" ref="8721913" role="forward"/>
  <member type="way" ref="1081318913" role=""/>
  <member type="way" ref="8724739" role=""/>
  <member type="way" ref="220172329" role=""/>
  <member type="way" ref="220172560" role=""/>
  <member type="way" ref="220172561" role="forward"/>
  <member type="way" ref="220172558" role="forward"/>
  <member type="way" ref="8720982" role="forward"/>
  <member type="way" ref="220172327" role="forward"/>
  <member type="way" ref="220172563" role=""/>
  <member type="way" ref="396228500" role="forward"/>
  <member type="way" ref="396228499" role="forward"/>
  <member type="way" ref="1081318911" role="forward"/>
  <member type="way" ref="60723987" role="forward"/>
  <member type="way" ref="60723982" role="forward"/>
  <member type="way" ref="396228498" role="forward"/>
  <member type="way" ref="1081318912" role="forward"/>
  <member type="way" ref="220172335" role="forward"/>
  <tag k="name" v="Expressride Chelsea"/>
  <tag k="network" v="AAATA"/>
  <tag k="network:wikidata" v="Q4766233"/>
  <tag k="network:wikipedia" v="en:Ann Arbor Area Transportation Authority"/>
  <tag k="operator" v="AAATA"/>
  <tag k="ref" v="91"/>
  <tag k="route" v="bus"/>
  <tag k="type" v="route"/>
 </relation>
 <relation id="2961936" visible="true" version="48" changeset="123295556" timestamp="2022-07-06T22:49:19Z" user="EllieNyaa" uid="14448454">
  <member type="relation" ref="14317048" role=""/>
  <member type="relation" ref="14317046" role=""/>
  <tag k="name" v="Bus 3: Huron River"/>
  <tag k="network" v="AAATA"/>
  <tag k="network:wikidata" v="Q4766233"/>
  <tag k="official_name" v="Huron River"/>
  <tag k="operator" v="AAATA"/>
  <tag k="public_transport:version" v="2"/>
  <tag k="ref" v="3"/>
  <tag k="route_master" v="bus"/>
  <tag k="type" v="route_master"/>
 </relation>
 <relation id="2998132" visible="true" version="39" changeset="176635788" timestamp="2025-12-30T16:10:27Z" user="bjanevic" uid="21821241">
  <member type="node" ref="4964930145" role="stop"/>
  <member type="node" ref="5763980405" role="stop"/>
  <member type="node" ref="2343810594" role="stop"/>
  <member type="way" ref="225622116" role="forward"/>
  <member type="way" ref="413189666" role=""/>
  <member type="way" ref="441448162" role="forward"/>
  <member type="way" ref="61508808" role="forward"/>
  <member type="way" ref="441448163" role="forward"/>
  <member type="way" ref="441566047" role="forward"/>
  <member type="way" ref="222787431" role="forward"/>
  <member type="way" ref="410027434" role="forward"/>
  <member type="way" ref="160964165" role="forward"/>
  <member type="way" ref="8734192" role="forward"/>
  <member type="way" ref="1462865405" role="forward"/>
  <member type="way" ref="412448863" role=""/>
  <member type="way" ref="412448865" role=""/>
  <member type="way" ref="441142722" role=""/>
  <member type="way" ref="414845168" role=""/>
  <member type="way" ref="414845169" role=""/>
  <member type="way" ref="1395130849" role=""/>
  <member type="way" ref="1395130850" role=""/>
  <member type="way" ref="222784532" role=""/>
  <member type="way" ref="222784531" role=""/>
  <member type="way" ref="225622117" role=""/>
  <member type="way" ref="410015012" role=""/>
  <member type="way" ref="1182141378" role=""/>
  <member type="way" ref="441448159" role=""/>
  <member type="way" ref="1396194426" role=""/>
  <member type="way" ref="8727887" role=""/>
  <member type="way" ref="9257816" role=""/>
  <member type="way" ref="441598630" role=""/>
  <member type="way" ref="9257818" role=""/>
  <member type="way" ref="9257819" role="forward"/>
  <member type="way" ref="641843556" role="forward"/>
  <member type="way" ref="220171724" role="forward"/>
  <member type="way" ref="441598589" role="forward"/>
  <member type="way" ref="9257821" role="forward"/>
  <member type="way" ref="9257821" role="backward"/>
  <member type="way" ref="213562887" role="backward"/>
  <member type="way" ref="441598632" role="backward"/>
  <member type="way" ref="441598633" role="backward"/>
  <member type="way" ref="441598585" role="backward"/>
  <member type="way" ref="441598586" role="backward"/>
  <member type="way" ref="441598581" role="forward"/>
  <member type="way" ref="441598596" role="forward"/>
  <member type="way" ref="441598592" role="forward"/>
  <member type="way" ref="441598582" role="forward"/>
  <member type="way" ref="441598590" role="forward"/>
  <member type="way" ref="441598584" role="forward"/>
  <member type="way" ref="441598634" role="backward"/>
  <member type="way" ref="8728449" role="backward"/>
  <member type="way" ref="213562888" role="forward"/>
  <member type="way" ref="1209957168" role="forward"/>
  <member type="way" ref="213562890" role="forward"/>
  <member type="way" ref="441598622" role="forward"/>
  <member type="way" ref="225623131" role="backward"/>
  <member type="way" ref="9257798" role="backward"/>
  <member type="way" ref="441598621" role="forward"/>
  <member type="way" ref="4618337" role="forward"/>
  <member type="way" ref="222821828" role="forward"/>
  <member type="way" ref="441598640" role="forward"/>
  <member type="way" ref="9257804" role="forward"/>
  <member type="way" ref="220169074" role="backward"/>
  <member type="way" ref="441598602" role="backward"/>
  <member type="way" ref="8734730" role="backward"/>
  <member type="way" ref="220169073" role="forward"/>
  <member type="way" ref="441598579" role="forward"/>
  <member type="way" ref="8727270" role="forward"/>
  <member type="way" ref="441598625" role="forward"/>
  <member type="way" ref="1316745045" role="forward"/>
  <member type="way" ref="441598627" role="forward"/>
  <member type="way" ref="8722107" role="forward"/>
  <member type="way" ref="9257827" role="forward"/>
  <member type="way" ref="9257812" role="forward"/>
  <member type="way" ref="441598619" role="forward"/>
  <member type="way" ref="9257814" role="forward"/>
  <member type="way" ref="8724149" role="backward"/>
  <member type="way" ref="441598636" role="backward"/>
  <member type="way" ref="441598631" role="backward"/>
  <member type="way" ref="441598593" role="backward"/>
  <member type="way" ref="504121174" role=""/>
  <member type="way" ref="441598599" role="forward"/>
  <member type="way" ref="441598591" role="forward"/>
  <member type="way" ref="441598583" role="forward"/>
  <member type="way" ref="441598588" role="forward"/>
  <member type="way" ref="441598597" role="forward"/>
  <tag k="name" v="U-M Pontiac"/>
  <tag k="network" v="AAATA"/>
  <tag k="network:wikidata" v="Q4766233"/>
  <tag k="network:wikipedia" v="en:Ann Arbor Area Transportation Authority"/>
  <tag k="operator" v="AAATA"/>
  <tag k="public_transport:version" v="1"/>
  <tag k="ref" v="63"/>
  <tag k="route" v="bus"/>
  <tag k="type" v="route"/>
 </relation>
 <relation id="2998155" visible="true" version="55" changeset="174484501" timestamp="2025-11-10T21:41:41Z" user="bjanevic" uid="21821241">
  <member type="node" ref="5003417192" role="stop"/>
  <member type="node" ref="2343844176" role=""/>
  <member type="node" ref="2343844167" role=""/>
  <member type="way" ref="225624380" role="forward"/>
  <member type="way" ref="193613755" role="backward"/>
  <member type="way" ref="193613753" role="backward"/>
  <member type="way" ref="225624367" role="forward"/>
  <member type="way" ref="225624382" role=""/>
  <member type="way" ref="43230460" role="backward"/>
  <member type="way" ref="441612478" role="forward"/>
  <member type="way" ref="441612479" role="forward"/>
  <member type="way" ref="1298253874" role="forward"/>
  <member type="way" ref="1298253877" role=""/>
  <member type="way" ref="1298253876" role=""/>
  <member type="way" ref="225624377" role="forward"/>
  <member type="way" ref="441612493" role=""/>
  <member type="way" ref="414746781" role=""/>
  <member type="way" ref="225624372" role=""/>
  <member type="way" ref="413139434" role=""/>
  <member type="way" ref="225624376" role=""/>
  <member type="way" ref="413139429" role=""/>
  <member type="way" ref="225624369" role="forward"/>
  <member type="way" ref="225624368" role="backward"/>
  <member type="way" ref="225624379" role="forward"/>
  <member type="way" ref="1079855716" role="forward"/>
  <member type="way" ref="82246875" role="backward"/>
  <member type="way" ref="441386536" role=""/>
  <member type="way" ref="225624374" role=""/>
  <member type="way" ref="441386535" role=""/>
  <member type="way" ref="411728065" role=""/>
  <member type="way" ref="411672987" role=""/>
  <member type="way" ref="441386542" role=""/>
  <member type="way" ref="553146928" role=""/>
  <member type="way" ref="553146929" role=""/>
  <member type="way" ref="441190750" role=""/>
  <member type="way" ref="222786843" role=""/>
  <member type="way" ref="412646493" role=""/>
  <member type="way" ref="897491920" role=""/>
  <member type="way" ref="897491918" role=""/>
  <member type="way" ref="897491919" role=""/>
  <member type="way" ref="441190747" role=""/>
  <member type="way" ref="412647185" role=""/>
  <member type="way" ref="441190754" role=""/>
  <member type="way" ref="441142719" role=""/>
  <member type="way" ref="412647186" role=""/>
  <member type="way" ref="412646494" role=""/>
  <member type="way" ref="782013194" role=""/>
  <member type="way" ref="441142720" role=""/>
  <member type="way" ref="441142718" role=""/>
  <member type="way" ref="222786838" role=""/>
  <member type="way" ref="441142715" role=""/>
  <member type="way" ref="441142716" role=""/>
  <member type="way" ref="406019854" role=""/>
  <member type="way" ref="441142717" role=""/>
  <member type="way" ref="897491921" role=""/>
  <member type="way" ref="441142721" role=""/>
  <member type="way" ref="897491922" role=""/>
  <member type="way" ref="8733979" role=""/>
  <member type="way" ref="441448139" role=""/>
  <member type="way" ref="222784526" role=""/>
  <member type="way" ref="441566047" role=""/>
  <member type="way" ref="222787431" role=""/>
  <member type="way" ref="410027434" role=""/>
  <member type="way" ref="9686979" role=""/>
  <member type="way" ref="9686978" role=""/>
  <member type="way" ref="9686976" role=""/>
  <member type="way" ref="176797301" role=""/>
  <member type="way" ref="9686977" role="forward"/>
  <member type="way" ref="1074654808" role="forward"/>
  <member type="way" ref="213222777" role="forward"/>
  <member type="way" ref="416814322" role="forward"/>
  <member type="way" ref="1054544750" role="forward"/>
  <member type="way" ref="1055555015" role="forward"/>
  <member type="way" ref="1054544761" role="forward"/>
  <member type="way" ref="1055555013" role="forward"/>
  <member type="way" ref="176803324" role="forward"/>
  <member type="way" ref="1055555016" role="forward"/>
  <member type="way" ref="441448168" role="forward"/>
  <member type="way" ref="441448167" role="forward"/>
  <member type="way" ref="215876717" role="forward"/>
  <member type="way" ref="8734732" role="forward"/>
  <member type="way" ref="220171730" role="forward"/>
  <member type="way" ref="441448153" role="forward"/>
  <member type="way" ref="441448154" role="forward"/>
  <member type="way" ref="220171726" role="forward"/>
  <member type="way" ref="441448155" role="forward"/>
  <member type="way" ref="213222768" role="forward"/>
  <member type="way" ref="1449490715" role="forward"/>
  <member type="way" ref="216972936" role="forward"/>
  <member type="way" ref="1449490714" role="forward"/>
  <member type="way" ref="8727105" role="forward"/>
  <member type="way" ref="4618339" role="forward"/>
  <member type="way" ref="1059958488" role="forward"/>
  <member type="way" ref="608385951" role="forward"/>
  <member type="way" ref="1316743031" role="forward"/>
  <member type="way" ref="1316745046" role="forward"/>
  <member type="way" ref="9257802" role="forward"/>
  <member type="way" ref="222821816" role="forward"/>
  <member type="way" ref="9257798" role="forward"/>
  <member type="way" ref="394732361" role="forward"/>
  <member type="way" ref="394732330" role="forward"/>
  <member type="way" ref="225623130" role="forward"/>
  <member type="way" ref="394732317" role="forward"/>
  <member type="way" ref="394732349" role="forward"/>
  <member type="way" ref="8726969" role="forward"/>
  <member type="way" ref="220169073" role="backward"/>
  <member type="way" ref="220171725" role="backward"/>
  <member type="way" ref="412683889" role="backward"/>
  <member type="way" ref="411632944" role="backward"/>
  <member type="way" ref="8722115" role="forward"/>
  <member type="way" ref="419325995" role="forward"/>
  <member type="way" ref="1381050424" role="forward"/>
  <member type="way" ref="1381050425" role="forward"/>
  <member type="way" ref="213222769" role="forward"/>
  <member type="way" ref="419325994" role="forward"/>
  <member type="way" ref="441448166" role="forward"/>
  <member type="way" ref="213222783" role="forward"/>
  <member type="way" ref="1074654807" role="forward"/>
  <member type="way" ref="122396035" role="forward"/>
  <member type="way" ref="504121174" role=""/>
  <tag k="name" v="U-M Downtown - Green"/>
  <tag k="network" v="AAATA"/>
  <tag k="network:wikidata" v="Q4766233"/>
  <tag k="network:wikipedia" v="en:Ann Arbor Area Transportation Authority"/>
  <tag k="operator" v="AAATA"/>
  <tag k="ref" v="65"/>
  <tag k="route" v="bus"/>
  <tag k="type" v="route"/>
 </relation>
 <relation id="3990210" visible="true" version="27" changeset="174878512" timestamp="2025-11-19T20:44:27Z" user="CurlConnoisseur" uid="21683308">
  <member type="way" ref="674010649" role="outer"/>
  <member type="way" ref="40976143" role="outer"/>
  <member type="way" ref="224110372" role="outer"/>
  <member type="way" ref="300065677" role="outer"/>
  <member type="way" ref="381594465" role="outer"/>
  <member type="way" ref="300067732" role="outer"/>
  <member type="way" ref="443277789" role="inner"/>
  <member type="way" ref="673891570" role="outer"/>
  <member type="way" ref="673891571" role="outer"/>
  <member type="way" ref="673894481" role="outer"/>
  <member type="way" ref="673905828" role="outer"/>
  <member type="way" ref="673922106" role="outer"/>
  <tag k="addr:city" v="Ann Arbor"/>
  <tag k="addr:housenumber" v="500"/>
  <tag k="addr:postcode" v="48109"/>
  <tag k="addr:state" v="MI"/>
  <tag k="addr:street" v="South State Street"/>
  <tag k="amenity" v="university"/>
  <tag k="education" v="university"/>
  <tag k="internet_access" v="yes"/>
  <tag k="landuse" v="education"/>
  <tag k="name" v="University of Michigan"/>
  <tag k="operator" v="University of Michigan"/>
  <tag k="operator:type" v="public"/>
  <tag k="phone" v="+1-734-764-1817"/>
  <tag k="short_name" v="UM"/>
  <tag k="type" v="multipolygon"/>
  <tag k="website" v="https://www.umich.edu/"/>
  <tag k="wikidata" v="Q230492"/>
  <tag k="wikipedia" v="en:University of Michigan"/>
 </relation>
 <relation id="6160007" visible="true" version="2" changeset="42022866" timestamp="2016-09-09T11:39:33Z" user="bogdan_andrei" uid="4433679">
  <member type="node" ref="62514388" role="via"/>
  <member type="way" ref="441598574" role="from"/>
  <member type="way" ref="441598574" role="to"/>
  <tag k="restriction" v="no_u_turn"/>
  <tag k="type" v="restriction"/>
 </relation>
 <relation id="6160025" visible="true" version="2" changeset="42022866" timestamp="2016-09-09T11:39:33Z" user="bogdan_andrei" uid="4433679">
  <member type="way" ref="8727270" role="from"/>
  <member type="node" ref="62542029" role="via"/>
  <member type="way" ref="8727270" role="to"/>
  <tag k="restriction" v="no_u_turn"/>
  <tag k="type" v="restriction"/>
 </relation>
 <relation id="7251284" visible="true" version="1" changeset="48727473" timestamp="2017-05-16T12:35:24Z" user="hoream_telenav" uid="4437318">
  <member type="way" ref="441598579" role="from"/>
  <member type="node" ref="62542029" role="via"/>
  <member type="way" ref="441598579" role="to"/>
  <tag k="restriction" v="no_u_turn"/>
  <tag k="type" v="restriction"/>
 </relation>
 <relation id="7353523" visible="true" version="18" changeset="123295556" timestamp="2022-07-06T22:49:19Z" user="EllieNyaa" uid="14448454">
  <member type="relation" ref="14321828" role=""/>
  <member type="relation" ref="14321824" role=""/>
  <tag k="name" v="Bus 4: Washtenaw"/>
  <tag k="network" v="AAATA"/>
  <tag k="network:wikidata" v="Q4766233"/>
  <tag k="official_name" v="Washtenaw"/>
  <tag k="operator" v="AAATA"/>
  <tag k="public_transport:version" v="2"/>
  <tag k="ref" v="4"/>
  <tag k="route_master" v="bus"/>
  <tag k="type" v="route_master"/>
 </relation>
 <relation id="8451577" visible="true" version="9" changeset="156833364" timestamp="2024-09-19T17:58:54Z" user="Technotion" uid="21326676">
  <member type="node" ref="5763980405" role="stop"/>
  <member type="node" ref="5763980406" role="stop"/>
  <member type="node" ref="1458141596" role="stop"/>
  <member type="node" ref="1455616873" role="stop"/>
  <member type="way" ref="504121174" role="platform"/>
  <member type="node" ref="1455616872" role="stop"/>
  <member type="way" ref="441598581" role=""/>
  <member type="way" ref="441598586" role=""/>
  <member type="way" ref="441598585" role=""/>
  <member type="way" ref="441598633" role=""/>
  <member type="way" ref="441598632" role=""/>
  <member type="way" ref="213562887" role=""/>
  <member type="way" ref="441598634" role=""/>
  <member type="way" ref="441598631" role=""/>
  <member type="way" ref="441598636" role=""/>
  <member type="way" ref="8724149" role=""/>
  <member type="way" ref="441598593" role=""/>
  <member type="way" ref="441598599" role=""/>
  <member type="way" ref="115812718" role=""/>
  <member type="way" ref="12388875" role=""/>
  <member type="way" ref="4691873" role=""/>
  <member type="way" ref="132301470" role=""/>
  <member type="way" ref="441598573" role=""/>
  <member type="way" ref="220169085" role=""/>
  <member type="way" ref="8733366" role=""/>
  <member type="way" ref="441598653" role=""/>
  <member type="way" ref="608385950" role=""/>
  <member type="way" ref="8726969" role=""/>
  <member type="way" ref="441598579" role=""/>
  <member type="way" ref="220169073" role=""/>
  <member type="way" ref="8734730" role=""/>
  <member type="way" ref="441598602" role=""/>
  <member type="way" ref="220169074" role=""/>
  <member type="way" ref="225622297" role=""/>
  <member type="way" ref="608385951" role=""/>
  <member type="way" ref="1316743031" role=""/>
  <member type="way" ref="1316745046" role=""/>
  <member type="way" ref="9257802" role=""/>
  <member type="way" ref="441598591" role=""/>
  <tag k="name" v="Commuter South"/>
  <tag k="operator" v="University of Michigan"/>
  <tag k="route" v="bus"/>
  <tag k="type" v="route"/>
 </relation>
 <relation id="14317046" visible="true" version="20" changeset="179818549" timestamp="2026-03-13T16:12:22Z" user="mapper377" uid="2052336">
  <member type="node" ref="9863081083" role="platform_entry_only"/>
  <member type="node" ref="9863081085" role="platform"/>
  <member type="node" ref="9863081086" role="platform"/>
  <member type="node" ref="9863081087" role="platform"/>
  <member type="node" ref="9863081088" role="platform"/>
  <member type="node" ref="9863081100" role="platform"/>
  <member type="node" ref="9863081104" role="platform_exit_only"/>
  <member type="way" ref="1075434858" role=""/>
  <member type="way" ref="213222775" role=""/>
  <member type="way" ref="8728584" role=""/>
  <member type="way" ref="215452368" role=""/>
  <member type="way" ref="441448148" role=""/>
  <member type="way" ref="215452367" role=""/>
  <member type="way" ref="441448147" role=""/>
  <member type="way" ref="441448151" role=""/>
  <member type="way" ref="441448150" role=""/>
  <member type="way" ref="411632944" role=""/>
  <member type="way" ref="412683889" role=""/>
  <member type="way" ref="220171725" role=""/>
  <member type="way" ref="220169073" role=""/>
  <member type="way" ref="441598579" role=""/>
  <member type="way" ref="8727270" role=""/>
  <member type="way" ref="441598625" role=""/>
  <member type="way" ref="1316745045" role=""/>
  <member type="way" ref="441598627" role=""/>
  <member type="way" ref="8722107" role=""/>
  <member type="way" ref="9257827" role=""/>
  <member type="way" ref="9257812" role=""/>
  <member type="way" ref="441598619" role=""/>
  <member type="way" ref="9257814" role=""/>
  <member type="way" ref="441598604" role=""/>
  <member type="way" ref="530480505" role=""/>
  <member type="way" ref="8728383" role=""/>
  <member type="way" ref="441598616" role=""/>
  <member type="way" ref="9257823" role=""/>
  <member type="way" ref="441598606" role=""/>
  <member type="way" ref="441598608" role=""/>
  <member type="way" ref="441598605" role=""/>
  <member type="way" ref="1316745044" role=""/>
  <member type="way" ref="1316745043" role=""/>
  <member type="way" ref="441598610" role=""/>
  <member type="way" ref="9257825" role=""/>
  <member type="way" ref="441598607" role=""/>
  <member type="way" ref="441598617" role=""/>
  <member type="way" ref="411638815" role=""/>
  <member type="way" ref="265955833" role=""/>
  <member type="way" ref="441604087" role=""/>
  <member type="way" ref="265955834" role=""/>
  <member type="way" ref="441604087" role=""/>
  <member type="way" ref="265955833" role=""/>
  <member type="way" ref="412677458" role=""/>
  <member type="way" ref="441604077" role=""/>
  <member type="way" ref="8723817" role=""/>
  <member type="way" ref="1165104013" role=""/>
  <member type="way" ref="1165104012" role=""/>
  <member type="way" ref="1007860385" role=""/>
  <member type="way" ref="1421965236" role=""/>
  <member type="way" ref="1007860386" role=""/>
  <member type="way" ref="1007860387" role=""/>
  <member type="way" ref="1488633854" role=""/>
  <member type="way" ref="1174366018" role=""/>
  <member type="way" ref="1488633855" role=""/>
  <member type="way" ref="441604079" role=""/>
  <member type="way" ref="223282997" role=""/>
  <member type="way" ref="441604080" role=""/>
  <member type="way" ref="441604081" role=""/>
  <member type="way" ref="441604085" role=""/>
  <member type="way" ref="431477749" role=""/>
  <member type="way" ref="223283001" role=""/>
  <member type="way" ref="411717985" role=""/>
  <member type="way" ref="441604074" role=""/>
  <member type="way" ref="223283003" role=""/>
  <member type="way" ref="442050506" role=""/>
  <member type="way" ref="478191869" role=""/>
  <member type="way" ref="361355222" role=""/>
  <member type="way" ref="1075434859" role=""/>
  <member type="way" ref="193043951" role=""/>
  <member type="way" ref="193043948" role=""/>
  <member type="way" ref="442050486" role=""/>
  <member type="way" ref="220169457" role=""/>
  <member type="way" ref="220169456" role=""/>
  <member type="way" ref="442050489" role=""/>
  <member type="way" ref="81959750" role=""/>
  <member type="way" ref="1203330531" role=""/>
  <member type="way" ref="25783875" role=""/>
  <member type="way" ref="1076440810" role=""/>
  <member type="way" ref="1203330530" role=""/>
  <member type="way" ref="25783876" role=""/>
  <member type="way" ref="220169460" role=""/>
  <member type="way" ref="442050702" role=""/>
  <member type="way" ref="413670643" role=""/>
  <member type="way" ref="81957827" role=""/>
  <member type="way" ref="25584430" role=""/>
  <member type="way" ref="442062895" role=""/>
  <member type="way" ref="25584429" role=""/>
  <member type="way" ref="8733180" role=""/>
  <member type="way" ref="413778090" role=""/>
  <member type="way" ref="442062877" role=""/>
  <member type="way" ref="442062881" role=""/>
  <member type="way" ref="442062875" role=""/>
  <member type="way" ref="442062882" role=""/>
  <member type="way" ref="442062873" role=""/>
  <member type="way" ref="442062870" role=""/>
  <member type="way" ref="1075434861" role=""/>
  <member type="way" ref="1075434864" role=""/>
  <member type="way" ref="198945986" role=""/>
  <member type="way" ref="442062872" role=""/>
  <member type="way" ref="442062879" role=""/>
  <member type="way" ref="223284594" role=""/>
  <member type="way" ref="1075434874" role=""/>
  <member type="way" ref="442062893" role=""/>
  <member type="way" ref="1346920229" role=""/>
  <member type="way" ref="1075434865" role=""/>
  <member type="way" ref="1075434869" role=""/>
  <member type="way" ref="93921335" role=""/>
  <member type="way" ref="442062897" role=""/>
  <member type="way" ref="94028711" role=""/>
  <member type="way" ref="1282702852" role=""/>
  <member type="way" ref="94028713" role=""/>
  <member type="way" ref="442062896" role=""/>
  <member type="way" ref="1075434866" role=""/>
  <member type="way" ref="1075434869" role=""/>
  <member type="way" ref="442062883" role=""/>
  <member type="way" ref="8730978" role=""/>
  <member type="way" ref="8721483" role=""/>
  <member type="way" ref="1348295051" role=""/>
  <member type="way" ref="1348295050" role=""/>
  <member type="way" ref="414034737" role=""/>
  <member type="way" ref="8722977" role=""/>
  <member type="way" ref="442062884" role=""/>
  <member type="way" ref="1075434870" role=""/>
  <member type="way" ref="442383698" role=""/>
  <member type="way" ref="517285778" role=""/>
  <member type="way" ref="442383724" role=""/>
  <member type="way" ref="1075434873" role=""/>
  <member type="way" ref="1063427829" role=""/>
  <member type="way" ref="1063427830" role=""/>
  <member type="way" ref="141556105" role=""/>
  <member type="way" ref="1063427831" role=""/>
  <member type="way" ref="670033569" role=""/>
  <member type="way" ref="1415717065" role=""/>
  <member type="way" ref="211142858" role=""/>
  <member type="way" ref="1063427832" role=""/>
  <member type="way" ref="1414308266" role=""/>
  <member type="way" ref="141556099" role=""/>
  <member type="way" ref="670032042" role=""/>
  <member type="way" ref="670032043" role=""/>
  <member type="way" ref="670032044" role=""/>
  <member type="way" ref="8732025" role=""/>
  <member type="way" ref="648498666" role=""/>
  <member type="way" ref="104429461" role=""/>
  <member type="way" ref="442720060" role=""/>
  <member type="way" ref="442720062" role=""/>
  <member type="way" ref="104429470" role=""/>
  <member type="way" ref="442720061" role=""/>
  <member type="way" ref="442720073" role=""/>
  <member type="way" ref="669450797" role=""/>
  <member type="way" ref="442720075" role=""/>
  <member type="way" ref="560970370" role=""/>
  <member type="way" ref="225012169" role=""/>
  <member type="way" ref="1075434871" role=""/>
  <member type="way" ref="8725561" role=""/>
  <member type="way" ref="8727067" role=""/>
  <member type="way" ref="156035009" role=""/>
  <member type="way" ref="442720081" role=""/>
  <member type="way" ref="442720082" role=""/>
  <member type="way" ref="1414215355" role=""/>
  <member type="way" ref="223284597" role=""/>
  <member type="way" ref="223284595" role=""/>
  <member type="way" ref="442720084" role=""/>
  <member type="way" ref="41442078" role=""/>
  <member type="way" ref="140381242" role=""/>
  <member type="way" ref="442728432" role=""/>
  <member type="way" ref="216974418" role=""/>
  <member type="way" ref="216970385" role=""/>
  <member type="way" ref="216970389" role=""/>
  <member type="way" ref="1076467225" role=""/>
  <member type="way" ref="1075814378" role=""/>
  <tag k="duration" v="00:57"/>
  <tag k="from" v="Blake Transit Center"/>
  <tag k="interval" v="30"/>
  <tag k="interval:conditional" v="60 @ (Mo-Fr 18:45-22:42; Sa 08:45-22:42; Su 08:45-19:42)"/>
  <tag k="name" v="Bus 3: Huron River to Ypsilanti Transit Center"/>
  <tag k="network" v="AAATA"/>
  <tag k="network:wikidata" v="Q4766233"/>
  <tag k="note" v="All seven major stops from https://www.theride.org/media/926/download have been mapped. Minor stops need to be surveyed."/>
  <tag k="opening_hours" v="Mo-Fr 06:45-22:42; Sa 08:45-22:42; Su 08:45-19:42; PH off"/>
  <tag k="operator" v="AAATA"/>
  <tag k="public_transport:version" v="2"/>
  <tag k="ref" v="3"/>
  <tag k="route" v="bus"/>
  <tag k="to" v="Ypsilanti Transit Center"/>
  <tag k="type" v="route"/>
 </relation>
 <relation id="14317048" visible="true" version="21" changeset="178705838" timestamp="2026-02-18T03:36:11Z" user="mapper377" uid="2052336">
  <member type="node" ref="9863081104" role="platform_entry_only"/>
  <member type="node" ref="9863081108" role="platform"/>
  <member type="node" ref="9863081088" role="platform"/>
  <member type="node" ref="9863081087" role="platform"/>
  <member type="node" ref="9863081109" role="platform"/>
  <member type="node" ref="9863081085" role="platform"/>
  <member type="node" ref="9863081083" role="platform_exit_only"/>
  <member type="way" ref="1075434872" role=""/>
  <member type="way" ref="1076635964" role=""/>
  <member type="way" ref="223284603" role=""/>
  <member type="way" ref="1075814380" role=""/>
  <member type="way" ref="211142862" role=""/>
  <member type="way" ref="223284597" role=""/>
  <member type="way" ref="1414215355" role=""/>
  <member type="way" ref="442720082" role=""/>
  <member type="way" ref="442720081" role=""/>
  <member type="way" ref="156035009" role=""/>
  <member type="way" ref="8727067" role=""/>
  <member type="way" ref="8725561" role=""/>
  <member type="way" ref="1075434871" role=""/>
  <member type="way" ref="225012169" role=""/>
  <member type="way" ref="560970370" role=""/>
  <member type="way" ref="442720075" role=""/>
  <member type="way" ref="669450797" role=""/>
  <member type="way" ref="442720073" role=""/>
  <member type="way" ref="442720061" role=""/>
  <member type="way" ref="104429470" role=""/>
  <member type="way" ref="442720062" role=""/>
  <member type="way" ref="442720060" role=""/>
  <member type="way" ref="104429461" role=""/>
  <member type="way" ref="648498666" role=""/>
  <member type="way" ref="8732025" role=""/>
  <member type="way" ref="670032044" role=""/>
  <member type="way" ref="670032043" role=""/>
  <member type="way" ref="670032042" role=""/>
  <member type="way" ref="141556099" role=""/>
  <member type="way" ref="1414308266" role=""/>
  <member type="way" ref="1063427832" role=""/>
  <member type="way" ref="211142858" role=""/>
  <member type="way" ref="1415717065" role=""/>
  <member type="way" ref="670033569" role=""/>
  <member type="way" ref="1063427831" role=""/>
  <member type="way" ref="141556105" role=""/>
  <member type="way" ref="1063427830" role=""/>
  <member type="way" ref="1063427829" role=""/>
  <member type="way" ref="442383848" role=""/>
  <member type="way" ref="517285777" role=""/>
  <member type="way" ref="442383698" role=""/>
  <member type="way" ref="1075434870" role=""/>
  <member type="way" ref="442062884" role=""/>
  <member type="way" ref="8722977" role=""/>
  <member type="way" ref="414034737" role=""/>
  <member type="way" ref="1348295050" role=""/>
  <member type="way" ref="1348295051" role=""/>
  <member type="way" ref="8721483" role=""/>
  <member type="way" ref="8730978" role=""/>
  <member type="way" ref="442062883" role=""/>
  <member type="way" ref="1075434869" role=""/>
  <member type="way" ref="93921335" role=""/>
  <member type="way" ref="442062897" role=""/>
  <member type="way" ref="94028711" role=""/>
  <member type="way" ref="1282702852" role=""/>
  <member type="way" ref="94028713" role=""/>
  <member type="way" ref="442062896" role=""/>
  <member type="way" ref="1075434866" role=""/>
  <member type="way" ref="1075434869" role=""/>
  <member type="way" ref="1075434865" role=""/>
  <member type="way" ref="1346920229" role=""/>
  <member type="way" ref="442062890" role=""/>
  <member type="way" ref="223284594" role=""/>
  <member type="way" ref="442062879" role=""/>
  <member type="way" ref="442062872" role=""/>
  <member type="way" ref="442062874" role=""/>
  <member type="way" ref="1075434861" role=""/>
  <member type="way" ref="1075434864" role=""/>
  <member type="way" ref="198945986" role=""/>
  <member type="way" ref="442062874" role=""/>
  <member type="way" ref="442062870" role=""/>
  <member type="way" ref="442062873" role=""/>
  <member type="way" ref="442062882" role=""/>
  <member type="way" ref="442062875" role=""/>
  <member type="way" ref="442062881" role=""/>
  <member type="way" ref="442062877" role=""/>
  <member type="way" ref="413778090" role=""/>
  <member type="way" ref="8733180" role=""/>
  <member type="way" ref="25584429" role=""/>
  <member type="way" ref="442062895" role=""/>
  <member type="way" ref="25584430" role=""/>
  <member type="way" ref="81957827" role=""/>
  <member type="way" ref="435210406" role=""/>
  <member type="way" ref="442050503" role=""/>
  <member type="way" ref="1076440808" role=""/>
  <member type="way" ref="81950449" role=""/>
  <member type="way" ref="442050500" role=""/>
  <member type="way" ref="1203330530" role=""/>
  <member type="way" ref="1076440810" role=""/>
  <member type="way" ref="25783875" role=""/>
  <member type="way" ref="1203330531" role=""/>
  <member type="way" ref="81959750" role=""/>
  <member type="way" ref="442050492" role=""/>
  <member type="way" ref="81959739" role=""/>
  <member type="way" ref="442050498" role=""/>
  <member type="way" ref="193043948" role=""/>
  <member type="way" ref="81961042" role=""/>
  <member type="way" ref="81961053" role=""/>
  <member type="way" ref="442050495" role=""/>
  <member type="way" ref="478191869" role=""/>
  <member type="way" ref="442050506" role=""/>
  <member type="way" ref="223283003" role=""/>
  <member type="way" ref="441604074" role=""/>
  <member type="way" ref="411717985" role=""/>
  <member type="way" ref="478957699" role=""/>
  <member type="way" ref="1421486296" role=""/>
  <member type="way" ref="1421486297" role=""/>
  <member type="way" ref="441604078" role=""/>
  <member type="way" ref="223285093" role=""/>
  <member type="way" ref="441604084" role=""/>
  <member type="way" ref="1479957111" role=""/>
  <member type="way" ref="441604086" role=""/>
  <member type="way" ref="431477752" role=""/>
  <member type="way" ref="441604082" role=""/>
  <member type="way" ref="5107850" role=""/>
  <member type="way" ref="441604083" role=""/>
  <member type="way" ref="223285095" role=""/>
  <member type="way" ref="1165104012" role=""/>
  <member type="way" ref="1165104013" role=""/>
  <member type="way" ref="8723817" role=""/>
  <member type="way" ref="441604077" role=""/>
  <member type="way" ref="412677458" role=""/>
  <member type="way" ref="265955833" role=""/>
  <member type="way" ref="441604087" role=""/>
  <member type="way" ref="265955834" role=""/>
  <member type="way" ref="441604087" role=""/>
  <member type="way" ref="265955833" role=""/>
  <member type="way" ref="411638815" role=""/>
  <member type="way" ref="441598617" role=""/>
  <member type="way" ref="441598607" role=""/>
  <member type="way" ref="9257825" role=""/>
  <member type="way" ref="441598610" role=""/>
  <member type="way" ref="1316745043" role=""/>
  <member type="way" ref="1316745044" role=""/>
  <member type="way" ref="441598605" role=""/>
  <member type="way" ref="441598608" role=""/>
  <member type="way" ref="441598606" role=""/>
  <member type="way" ref="9257823" role=""/>
  <member type="way" ref="441598614" role=""/>
  <member type="way" ref="8728391" role=""/>
  <member type="way" ref="441598611" role=""/>
  <member type="way" ref="441598612" role=""/>
  <member type="way" ref="9257814" role=""/>
  <member type="way" ref="441598619" role=""/>
  <member type="way" ref="9257812" role=""/>
  <member type="way" ref="9257827" role=""/>
  <member type="way" ref="8722107" role=""/>
  <member type="way" ref="441598627" role=""/>
  <member type="way" ref="1316745045" role=""/>
  <member type="way" ref="441598625" role=""/>
  <member type="way" ref="8727270" role=""/>
  <member type="way" ref="441598579" role=""/>
  <member type="way" ref="220169073" role=""/>
  <member type="way" ref="220171725" role=""/>
  <member type="way" ref="412683889" role=""/>
  <member type="way" ref="411632944" role=""/>
  <member type="way" ref="441448150" role=""/>
  <member type="way" ref="441448151" role=""/>
  <member type="way" ref="441448147" role=""/>
  <member type="way" ref="215452367" role=""/>
  <member type="way" ref="8734732" role=""/>
  <member type="way" ref="220171729" role=""/>
  <member type="way" ref="142868318" role=""/>
  <member type="way" ref="510322921" role=""/>
  <member type="way" ref="1164896544" role=""/>
  <member type="way" ref="213222784" role=""/>
  <member type="way" ref="213879949" role=""/>
  <member type="way" ref="1075814377" role=""/>
  <member type="way" ref="213222776" role=""/>
  <member type="way" ref="1077352378" role=""/>
  <member type="way" ref="222822478" role=""/>
  <tag k="duration" v="00:57"/>
  <tag k="from" v="Ypsilanti Transit Center"/>
  <tag k="interval" v="30"/>
  <tag k="interval:conditional" v="60 @ (Mo-Fr 18:15-22:42; Sa 08:45-22:42; Su 08:45-19:42)"/>
  <tag k="name" v="Bus 3: Huron River to Blake Transit Center"/>
  <tag k="network" v="AAATA"/>
  <tag k="network:wikidata" v="Q4766233"/>
  <tag k="note" v="All seven major stops from https://www.theride.org/media/926/download have been mapped. Minor stops need to be surveyed."/>
  <tag k="opening_hours" v="Mo-Fr 06:15-22:42; Sa 08:45-22:42; Su 08:45-19:42; PH off"/>
  <tag k="operator" v="AAATA"/>
  <tag k="public_transport:version" v="2"/>
  <tag k="ref" v="3"/>
  <tag k="route" v="bus"/>
  <tag k="to" v="Blake Transit Center"/>
  <tag k="type" v="route"/>
 </relation>
 <relation id="14321824" visible="true" version="15" changeset="168433213" timestamp="2025-07-03T08:34:33Z" user="alokchauhan_Lyft" uid="21943149">
  <member type="node" ref="9866288240" role="platform_entry_only"/>
  <member type="node" ref="1458141597" role="platform"/>
  <member type="node" ref="1454515651" role="platform"/>
  <member type="node" ref="9866288242" role="platform"/>
  <member type="node" ref="9866288243" role="platform"/>
  <member type="node" ref="9863081102" role="platform_exit_only"/>
  <member type="way" ref="213222776" role=""/>
  <member type="way" ref="1077352378" role=""/>
  <member type="way" ref="222822478" role=""/>
  <member type="way" ref="1075434858" role=""/>
  <member type="way" ref="213222775" role=""/>
  <member type="way" ref="8728584" role=""/>
  <member type="way" ref="215452368" role=""/>
  <member type="way" ref="441448148" role=""/>
  <member type="way" ref="215452367" role=""/>
  <member type="way" ref="441448147" role=""/>
  <member type="way" ref="441448151" role=""/>
  <member type="way" ref="441448150" role=""/>
  <member type="way" ref="411632944" role=""/>
  <member type="way" ref="412683889" role=""/>
  <member type="way" ref="220171725" role=""/>
  <member type="way" ref="220169073" role=""/>
  <member type="way" ref="441598579" role=""/>
  <member type="way" ref="9250770" role=""/>
  <member type="way" ref="8721845" role=""/>
  <member type="way" ref="441598652" role=""/>
  <member type="way" ref="8733366" role=""/>
  <member type="way" ref="220169085" role=""/>
  <member type="way" ref="441598573" role=""/>
  <member type="way" ref="115812716" role=""/>
  <member type="way" ref="220169083" role=""/>
  <member type="way" ref="115812712" role=""/>
  <member type="way" ref="115812718" role=""/>
  <member type="way" ref="608385949" role=""/>
  <member type="way" ref="213562888" role=""/>
  <member type="way" ref="1209957168" role=""/>
  <member type="way" ref="213562890" role=""/>
  <member type="way" ref="441598622" role=""/>
  <member type="way" ref="225623131" role=""/>
  <member type="way" ref="9257798" role=""/>
  <member type="way" ref="442031973" role=""/>
  <member type="way" ref="512264997" role=""/>
  <member type="way" ref="509868066" role=""/>
  <member type="way" ref="509868072" role=""/>
  <member type="way" ref="234811371" role=""/>
  <member type="way" ref="1122219140" role=""/>
  <member type="way" ref="442031975" role=""/>
  <member type="way" ref="412664219" role=""/>
  <member type="way" ref="508183005" role=""/>
  <member type="way" ref="508183006" role=""/>
  <member type="way" ref="783536432" role=""/>
  <member type="way" ref="412666257" role=""/>
  <member type="way" ref="508182583" role=""/>
  <member type="way" ref="131932658" role=""/>
  <member type="way" ref="394208940" role=""/>
  <member type="way" ref="508213686" role=""/>
  <member type="way" ref="4618350" role=""/>
  <member type="way" ref="412050395" role=""/>
  <member type="way" ref="412044507" role=""/>
  <member type="way" ref="412049942" role=""/>
  <member type="way" ref="442179663" role=""/>
  <member type="way" ref="412049950" role=""/>
  <member type="way" ref="442179664" role=""/>
  <member type="way" ref="442179666" role=""/>
  <member type="way" ref="442179665" role=""/>
  <member type="way" ref="611433441" role=""/>
  <member type="way" ref="611433440" role=""/>
  <member type="way" ref="193610569" role=""/>
  <member type="way" ref="442179667" role=""/>
  <member type="way" ref="442179669" role=""/>
  <member type="way" ref="442183103" role=""/>
  <member type="way" ref="442183102" role=""/>
  <member type="way" ref="393041604" role=""/>
  <member type="way" ref="193610570" role=""/>
  <member type="way" ref="393038020" role=""/>
  <member type="way" ref="411716614" role=""/>
  <member type="way" ref="412459348" role=""/>
  <member type="way" ref="510946766" role=""/>
  <member type="way" ref="233593058" role=""/>
  <member type="way" ref="519487556" role=""/>
  <member type="way" ref="387050283" role=""/>
  <member type="way" ref="387050285" role=""/>
  <member type="way" ref="1059757628" role=""/>
  <member type="way" ref="399812451" role=""/>
  <member type="way" ref="1355049585" role=""/>
  <member type="way" ref="1355049583" role=""/>
  <member type="way" ref="363492587" role=""/>
  <member type="way" ref="176844800" role=""/>
  <member type="way" ref="412752110" role=""/>
  <member type="way" ref="442183101" role=""/>
  <member type="way" ref="442183099" role=""/>
  <member type="way" ref="776235906" role=""/>
  <member type="way" ref="776235904" role=""/>
  <member type="way" ref="776235905" role=""/>
  <member type="way" ref="1357789213" role=""/>
  <member type="way" ref="1357789214" role=""/>
  <member type="way" ref="1411776465" role=""/>
  <member type="way" ref="442195596" role=""/>
  <member type="way" ref="442195598" role=""/>
  <member type="way" ref="442195597" role=""/>
  <member type="way" ref="8733839" role=""/>
  <member type="way" ref="442195599" role=""/>
  <member type="way" ref="442195601" role=""/>
  <member type="way" ref="1068428666" role=""/>
  <member type="way" ref="442195600" role=""/>
  <member type="way" ref="1068428665" role=""/>
  <member type="way" ref="442195602" role=""/>
  <member type="way" ref="211142865" role=""/>
  <member type="way" ref="682840695" role=""/>
  <member type="way" ref="442383820" role=""/>
  <member type="way" ref="1368336738" role=""/>
  <member type="way" ref="1368336739" role=""/>
  <member type="way" ref="442383832" role=""/>
  <member type="way" ref="1368336737" role=""/>
  <member type="way" ref="417406069" role=""/>
  <member type="way" ref="1070006366" role=""/>
  <member type="way" ref="442383815" role=""/>
  <member type="way" ref="442383805" role=""/>
  <member type="way" ref="1070006364" role=""/>
  <member type="way" ref="1070006365" role=""/>
  <member type="way" ref="442383838" role=""/>
  <member type="way" ref="442383810" role=""/>
  <member type="way" ref="442383826" role=""/>
  <member type="way" ref="181254550" role=""/>
  <member type="way" ref="41442077" role=""/>
  <member type="way" ref="482460574" role=""/>
  <member type="way" ref="442720070" role=""/>
  <member type="way" ref="442720071" role=""/>
  <member type="way" ref="41442079" role=""/>
  <member type="way" ref="442728437" role=""/>
  <member type="way" ref="140381242" role=""/>
  <member type="way" ref="442728432" role=""/>
  <member type="way" ref="216974418" role=""/>
  <member type="way" ref="216970385" role=""/>
  <member type="way" ref="216970389" role=""/>
  <tag k="duration" v="00:37"/>
  <tag k="from" v="Blake Transit Center"/>
  <tag k="interval" v="15"/>
  <tag k="interval:conditional" v="30 @ (Mo-Fr 18:45-00:27; Sa 08:15-22:57; Su 08:45-19:27)"/>
  <tag k="name" v="Bus 4: Washtenaw to Ypsilanti Transit Center"/>
  <tag k="network" v="AAATA"/>
  <tag k="network:wikidata" v="Q4766233"/>
  <tag k="note" v="All six major stops from https://www.theride.org/media/926/download have been mapped. Minor stops need to be mapped."/>
  <tag k="opening_hours" v="Mo-Fr 06:45-00:27; Sa 08:15-22:57; Su 08:45-19:27; PH off"/>
  <tag k="operator" v="AAATA"/>
  <tag k="public_transport:version" v="2"/>
  <tag k="ref" v="4"/>
  <tag k="route" v="bus"/>
  <tag k="to" v="Ypsilanti Transit Center"/>
  <tag k="type" v="route"/>
 </relation>
 <relation id="14321828" visible="true" version="19" changeset="168433213" timestamp="2025-07-03T08:34:33Z" user="alokchauhan_Lyft" uid="21943149">
  <member type="node" ref="9863081102" role="platform_entry_only"/>
  <member type="node" ref="9866288244" role="platform"/>
  <member type="node" ref="3936436702" role="platform"/>
  <member type="node" ref="1454515650" role="platform"/>
  <member type="node" ref="1458141596" role="platform"/>
  <member type="node" ref="9866288240" role="platform_exit_only"/>
  <member type="way" ref="1076467225" role=""/>
  <member type="way" ref="1075814378" role=""/>
  <member type="way" ref="1075434872" role=""/>
  <member type="way" ref="1076635964" role=""/>
  <member type="way" ref="223284603" role=""/>
  <member type="way" ref="1075814380" role=""/>
  <member type="way" ref="41442082" role=""/>
  <member type="way" ref="211142856" role=""/>
  <member type="way" ref="432411229" role=""/>
  <member type="way" ref="1358972009" role=""/>
  <member type="way" ref="442720076" role=""/>
  <member type="way" ref="442720080" role=""/>
  <member type="way" ref="181254550" role=""/>
  <member type="way" ref="442383826" role=""/>
  <member type="way" ref="442383810" role=""/>
  <member type="way" ref="442383838" role=""/>
  <member type="way" ref="1070006365" role=""/>
  <member type="way" ref="1070006364" role=""/>
  <member type="way" ref="442383805" role=""/>
  <member type="way" ref="442383815" role=""/>
  <member type="way" ref="1070006366" role=""/>
  <member type="way" ref="417406069" role=""/>
  <member type="way" ref="1368336737" role=""/>
  <member type="way" ref="442383832" role=""/>
  <member type="way" ref="1368336739" role=""/>
  <member type="way" ref="1368336738" role=""/>
  <member type="way" ref="442383820" role=""/>
  <member type="way" ref="682840695" role=""/>
  <member type="way" ref="211142865" role=""/>
  <member type="way" ref="442195602" role=""/>
  <member type="way" ref="1068428665" role=""/>
  <member type="way" ref="442195600" role=""/>
  <member type="way" ref="1068428666" role=""/>
  <member type="way" ref="442195601" role=""/>
  <member type="way" ref="442195599" role=""/>
  <member type="way" ref="8733839" role=""/>
  <member type="way" ref="442195597" role=""/>
  <member type="way" ref="442195598" role=""/>
  <member type="way" ref="442195596" role=""/>
  <member type="way" ref="1411776465" role=""/>
  <member type="way" ref="1357789214" role=""/>
  <member type="way" ref="1357789213" role=""/>
  <member type="way" ref="776235905" role=""/>
  <member type="way" ref="776235904" role=""/>
  <member type="way" ref="776235906" role=""/>
  <member type="way" ref="442183099" role=""/>
  <member type="way" ref="442183101" role=""/>
  <member type="way" ref="412752110" role=""/>
  <member type="way" ref="176844800" role=""/>
  <member type="way" ref="363492587" role=""/>
  <member type="way" ref="1355049583" role=""/>
  <member type="way" ref="1355049585" role=""/>
  <member type="way" ref="399812451" role=""/>
  <member type="way" ref="387050286" role=""/>
  <member type="way" ref="387050284" role=""/>
  <member type="way" ref="41442084" role=""/>
  <member type="way" ref="393038019" role=""/>
  <member type="way" ref="412045776" role=""/>
  <member type="way" ref="530465297" role=""/>
  <member type="way" ref="193610572" role=""/>
  <member type="way" ref="442183100" role=""/>
  <member type="way" ref="411716616" role=""/>
  <member type="way" ref="1008474432" role=""/>
  <member type="way" ref="393041604" role=""/>
  <member type="way" ref="442183102" role=""/>
  <member type="way" ref="442183103" role=""/>
  <member type="way" ref="442179669" role=""/>
  <member type="way" ref="442179667" role=""/>
  <member type="way" ref="193610569" role=""/>
  <member type="way" ref="611433440" role=""/>
  <member type="way" ref="611433441" role=""/>
  <member type="way" ref="442179665" role=""/>
  <member type="way" ref="442179666" role=""/>
  <member type="way" ref="442179664" role=""/>
  <member type="way" ref="412049950" role=""/>
  <member type="way" ref="442179663" role=""/>
  <member type="way" ref="412049942" role=""/>
  <member type="way" ref="393041603" role=""/>
  <member type="way" ref="393041602" role=""/>
  <member type="way" ref="508213683" role=""/>
  <member type="way" ref="4618351" role=""/>
  <member type="way" ref="394208940" role=""/>
  <member type="way" ref="131932658" role=""/>
  <member type="way" ref="508182583" role=""/>
  <member type="way" ref="412666257" role=""/>
  <member type="way" ref="783536432" role=""/>
  <member type="way" ref="508183006" role=""/>
  <member type="way" ref="508183005" role=""/>
  <member type="way" ref="412664219" role=""/>
  <member type="way" ref="442031975" role=""/>
  <member type="way" ref="1122219140" role=""/>
  <member type="way" ref="234811371" role=""/>
  <member type="way" ref="213562889" role=""/>
  <member type="way" ref="442031968" role=""/>
  <member type="way" ref="225622305" role=""/>
  <member type="way" ref="213562890" role=""/>
  <member type="way" ref="1209957168" role=""/>
  <member type="way" ref="213562888" role=""/>
  <member type="way" ref="608385949" role=""/>
  <member type="way" ref="115812718" role=""/>
  <member type="way" ref="12388875" role=""/>
  <member type="way" ref="4691873" role=""/>
  <member type="way" ref="132301470" role=""/>
  <member type="way" ref="441598573" role=""/>
  <member type="way" ref="220169085" role=""/>
  <member type="way" ref="8733366" role=""/>
  <member type="way" ref="441598653" role=""/>
  <member type="way" ref="608385950" role=""/>
  <member type="way" ref="8726969" role=""/>
  <member type="way" ref="441598579" role=""/>
  <member type="way" ref="220169073" role=""/>
  <member type="way" ref="220171725" role=""/>
  <member type="way" ref="412683889" role=""/>
  <member type="way" ref="411632944" role=""/>
  <member type="way" ref="441448150" role=""/>
  <member type="way" ref="441448151" role=""/>
  <member type="way" ref="441448147" role=""/>
  <member type="way" ref="215452367" role=""/>
  <member type="way" ref="8734732" role=""/>
  <member type="way" ref="220171729" role=""/>
  <member type="way" ref="142868318" role=""/>
  <member type="way" ref="510322921" role=""/>
  <member type="way" ref="1164896544" role=""/>
  <member type="way" ref="213222784" role=""/>
  <member type="way" ref="213879949" role=""/>
  <member type="way" ref="1075814377" role=""/>
  <tag k="duration" v="00:41"/>
  <tag k="from" v="Ypsilanti Transit Center"/>
  <tag k="interval" v="30"/>
  <tag k="interval:conditional" v="15 @ (Mo-Fr 06:00-19:30)"/>
  <tag k="name" v="Bus 4: Washtenaw to Blake Transit Center"/>
  <tag k="network" v="AAATA"/>
  <tag k="network:wikidata" v="Q4766233"/>
  <tag k="note" v="All six major stops from https://www.theride.org/media/926/download have been mapped. Minor stops need to be mapped."/>
  <tag k="opening_hours" v="Mo-Fr 06:00-23:42; Sa 07:30-22:42; Su 08:00-19:12; PH off"/>
  <tag k="operator" v="AAATA"/>
  <tag k="public_transport:version" v="2"/>
  <tag k="ref" v="4"/>
  <tag k="route" v="bus"/>
  <tag k="to" v="Blake Transit Center"/>
  <tag k="type" v="route"/>
 </relation>
 <relation id="18064403" visible="true" version="4" changeset="156833364" timestamp="2024-09-19T17:58:54Z" user="Technotion" uid="21326676">
  <member type="node" ref="10906823487" role="platform"/>
  <member type="node" ref="2623016806" role="platform"/>
  <member type="node" ref="12185186591" role="platform"/>
  <member type="node" ref="12185186593" role="platform"/>
  <member type="node" ref="12185186597" role="platform"/>
  <member type="node" ref="12185209783" role="platform"/>
  <member type="node" ref="12185209455" role="platform"/>
  <member type="node" ref="12185235001" role="platform"/>
  <member type="way" ref="1316743028" role=""/>
  <member type="way" ref="1316743029" role=""/>
  <member type="way" ref="1306141278" role=""/>
  <member type="way" ref="8730916" role=""/>
  <member type="way" ref="1316745041" role=""/>
  <member type="way" ref="1316745042" role=""/>
  <member type="way" ref="222786837" role=""/>
  <member type="way" ref="441598567" role=""/>
  <member type="way" ref="441598568" role=""/>
  <member type="way" ref="9257825" role=""/>
  <member type="way" ref="441598610" role=""/>
  <member type="way" ref="1316745043" role=""/>
  <member type="way" ref="1316745044" role=""/>
  <member type="way" ref="441598605" role=""/>
  <member type="way" ref="441598608" role=""/>
  <member type="way" ref="441598606" role=""/>
  <member type="way" ref="9257823" role=""/>
  <member type="way" ref="441598614" role=""/>
  <member type="way" ref="8728391" role=""/>
  <member type="way" ref="441598611" role=""/>
  <member type="way" ref="441598612" role=""/>
  <member type="way" ref="9257814" role=""/>
  <member type="way" ref="441598619" role=""/>
  <member type="way" ref="9257812" role=""/>
  <member type="way" ref="9257827" role=""/>
  <member type="way" ref="8722107" role=""/>
  <member type="way" ref="441598627" role=""/>
  <member type="way" ref="1316745045" role=""/>
  <member type="way" ref="441598625" role=""/>
  <member type="way" ref="8727270" role=""/>
  <member type="way" ref="441598579" role=""/>
  <member type="way" ref="220169073" role=""/>
  <member type="way" ref="8734730" role=""/>
  <member type="way" ref="441598602" role=""/>
  <member type="way" ref="220169074" role=""/>
  <member type="way" ref="608385951" role=""/>
  <member type="way" ref="1316743031" role=""/>
  <member type="way" ref="1316551961" role=""/>
  <tag k="bicycle" v="no"/>
  <tag k="fee" v="no"/>
  <tag k="fee:conditional" v="no @ students/faculty"/>
  <tag k="from" v="Baits I"/>
  <tag k="interval" v="00:10:00"/>
  <tag k="name" v="Bursley-Baits to Central Campus"/>
  <tag k="network" v="University of Michigan Transit"/>
  <tag k="opening_hours" v="Mo-Fr 07:15-02:45; Sa-Su 08:30-02:30"/>
  <tag k="operator" v="University of Michigan - Logistics, Transportation &amp; Parking"/>
  <tag k="operator:wikidata" v="Q130321558"/>
  <tag k="public_transport:version" v="2"/>
  <tag k="ref" v="BB"/>
  <tag k="route" v="bus"/>
  <tag k="to" v="Central Campus Transit Center: Chemistry"/>
  <tag k="type" v="route"/>
  <tag k="wheelchair" v="yes"/>
 </relation>
 <relation id="18067956" visible="true" version="1" changeset="156831917" timestamp="2024-09-19T17:24:43Z" user="Technotion" uid="21326676">
  <member type="relation" ref="18064403" role=""/>
  <member type="relation" ref="18064364" role=""/>
  <member type="relation" ref="18064402" role=""/>
  <tag k="bicycle" v="no"/>
  <tag k="name" v="Bursley-Baits"/>
  <tag k="network" v="University of Michigan Transit"/>
  <tag k="official_name" v="Bursley-Baits"/>
  <tag k="operator" v="University of Michigan - Logistics, Transportation &amp; Parking"/>
  <tag k="ref" v="BB"/>
  <tag k="route_master" v="bus"/>
  <tag k="type" v="route_master"/>
  <tag k="wheelchair" v="yes"/>
 </relation>
</osm>
