<?xml version="1.0" encoding="UTF-8"?>
<osm version="0.6" generator="openstreetmap-cgimap 2.1.0 (2002081 spike-08.openstreetmap.org)" copyright="OpenStreetMap and contributors" attribution="http://www.openstreetmap.org/copyright" license="http://opendatacommons.org/licenses/odbl/1-0/">
 <bounds minlat="42.2846190" minlon="-83.7360330" maxlat="42.2860800" maxlon="-83.7340160"/>
 <node id="31039838" visible="true" version="2" changeset="44322183" timestamp="2016-12-11T12:57:27Z" user="DougPeterson" uid="1469704" lat="42.2778594" lon="-83.7073290"/>
 <node id="62484686" visible="true" version="6" changeset="111877462" timestamp="2021-09-29T17:03:26Z" user="ChaireMobiliteKaligrafy" uid="549389" lat="42.2865803" lon="-83.7405418">
  <tag k="highway" v="crossing"/>
 </node>
 <node id="62484688" visible="true" version="3" changeset="115999154" timestamp="2022-01-10T21:32:07Z" user="yamanq" uid="13624358" lat="42.2863231" lon="-83.7397124"/>
 <node id="62484693" visible="true" version="3" changeset="115999154" timestamp="2022-01-10T21:32:07Z" user="yamanq" uid="13624358" lat="42.2857291" lon="-83.7371497"/>
 <node id="62484695" visible="true" version="4" changeset="115999326" timestamp="2022-01-10T21:38:26Z" user="yamanq" uid="13624358" lat="42.2856563" lon="-83.7367373"/>
 <node id="62484697" visible="true" version="4" changeset="115999326" timestamp="2022-01-10T21:38:26Z" user="yamanq" uid="13624358" lat="42.2856243" lon="-83.7362899"/>
 <node id="62484700" visible="true" version="4" changeset="115999326" timestamp="2022-01-10T21:38:26Z" user="yamanq" uid="13624358" lat="42.2856246" lon="-83.7359125"/>
 <node id="62484701" visible="true" version="4" changeset="115999326" timestamp="2022-01-10T21:38:26Z" user="yamanq" uid="13624358" lat="42.2856190" lon="-83.7357504"/>
 <node id="62484702" visible="true" version="4" changeset="115999326" timestamp="2022-01-10T21:38:26Z" user="yamanq" uid="13624358" lat="42.2856121" lon="-83.7356636"/>
 <node id="62484703" visible="true" version="4" changeset="115999326" timestamp="2022-01-10T21:38:26Z" user="yamanq" uid="13624358" lat="42.2855740" lon="-83.7355001"/>
 <node id="62484707" visible="true" version="4" changeset="42022866" timestamp="2016-09-09T11:40:00Z" user="bogdan_andrei" uid="4433679" lat="42.2853564" lon="-83.7350677">
  <tag k="highway" v="traffic_signals"/>
 </node>
 <node id="62484708" visible="true" version="3" changeset="14067862" timestamp="2012-11-28T02:53:13Z" user="techlady" uid="104962" lat="42.2855422" lon="-83.7347596"/>
 <node id="62484721" visible="true" version="2" changeset="2887397" timestamp="2009-10-18T19:41:54Z" user="woodpeck_fixbot" uid="147510" lat="42.2851290" lon="-83.7353060"/>
 <node id="62508702" visible="true" version="4" changeset="174286458" timestamp="2025-11-06T12:45:19Z" user="Hypsometric" uid="3307068" lat="42.2852831" lon="-83.7338218"/>
 <node id="62508705" visible="true" version="2" changeset="2601410" timestamp="2009-09-24T04:36:51Z" user="woodpeck_fixbot" uid="147510" lat="42.2852650" lon="-83.7340090"/>
 <node id="62508707" visible="true" version="4" changeset="16531379" timestamp="2013-06-13T00:22:37Z" user="techlady" uid="104962" lat="42.2852002" lon="-83.7342967"/>
 <node id="62508710" visible="true" version="3" changeset="16531379" timestamp="2013-06-13T00:22:37Z" user="techlady" uid="104962" lat="42.2851001" lon="-83.7345598"/>
 <node id="62508712" visible="true" version="4" changeset="27304111" timestamp="2014-12-07T03:02:26Z" user="DougPeterson" uid="1469704" lat="42.2849935" lon="-83.7347624"/>
 <node id="62508714" visible="true" version="3" changeset="14113637" timestamp="2012-12-01T16:23:58Z" user="techlady" uid="104962" lat="42.2848371" lon="-83.7349574"/>
 <node id="62508716" visible="true" version="3" changeset="14113637" timestamp="2012-12-01T16:23:57Z" user="techlady" uid="104962" lat="42.2846507" lon="-83.7351355"/>
 <node id="62508720" visible="true" version="3" changeset="14113637" timestamp="2012-12-01T16:23:58Z" user="techlady" uid="104962" lat="42.2843672" lon="-83.7352996"/>
 <node id="62508721" visible="true" version="3" changeset="14113637" timestamp="2012-12-01T16:23:57Z" user="techlady" uid="104962" lat="42.2840754" lon="-83.7353560"/>
 <node id="62518003" visible="true" version="4" changeset="30506341" timestamp="2015-04-26T15:18:59Z" user="mapper377" uid="2052336" lat="42.2831528" lon="-83.7356647">
  <tag k="highway" v="traffic_signals"/>
 </node>
 <node id="62544538" visible="true" version="3" changeset="14113637" timestamp="2012-12-01T16:23:58Z" user="techlady" uid="104962" lat="42.2843533" lon="-83.7357398"/>
 <node id="62544539" visible="true" version="3" changeset="14113637" timestamp="2012-12-01T16:23:58Z" user="techlady" uid="104962" lat="42.2845345" lon="-83.7356933"/>
 <node id="62544540" visible="true" version="3" changeset="14113637" timestamp="2012-12-01T16:23:58Z" user="techlady" uid="104962" lat="42.2847297" lon="-83.7356001"/>
 <node id="62544542" visible="true" version="3" changeset="14113637" timestamp="2012-12-01T16:23:58Z" user="techlady" uid="104962" lat="42.2849370" lon="-83.7354641"/>
 <node id="62604487" visible="true" version="3" changeset="35938170" timestamp="2015-12-14T05:42:09Z" user="Joshua Garner" uid="2135234" lat="42.2858213" lon="-83.7279162"/>
 <node id="62604491" visible="true" version="4" changeset="35938170" timestamp="2015-12-14T05:42:09Z" user="Joshua Garner" uid="2135234" lat="42.2857958" lon="-83.7276181"/>
 <node id="62604494" visible="true" version="4" changeset="35938170" timestamp="2015-12-14T05:42:09Z" user="Joshua Garner" uid="2135234" lat="42.2857703" lon="-83.7273544"/>
 <node id="62604497" visible="true" version="4" changeset="35938170" timestamp="2015-12-14T05:42:09Z" user="Joshua Garner" uid="2135234" lat="42.2856767" lon="-83.7266527"/>
 <node id="62604500" visible="true" version="4" changeset="14066369" timestamp="2012-11-28T00:15:07Z" user="techlady" uid="104962" lat="42.2855479" lon="-83.7259621"/>
 <node id="62604838" visible="true" version="3" changeset="35938170" timestamp="2015-12-14T05:42:09Z" user="Joshua Garner" uid="2135234" lat="42.2858364" lon="-83.7281781"/>
 <node id="62604842" visible="true" version="4" changeset="35938170" timestamp="2015-12-14T05:42:09Z" user="Joshua Garner" uid="2135234" lat="42.2858246" lon="-83.7323332"/>
 <node id="62604844" visible="true" version="3" changeset="35938170" timestamp="2015-12-14T05:42:09Z" user="Joshua Garner" uid="2135234" lat="42.2858141" lon="-83.7334790"/>
 <node id="62604847" visible="true" version="3" changeset="14066369" timestamp="2012-11-28T00:15:07Z" user="techlady" uid="104962" lat="42.2858078" lon="-83.7338787"/>
 <node id="62604849" visible="true" version="3" changeset="14066369" timestamp="2012-11-28T00:15:07Z" user="techlady" uid="104962" lat="42.2857927" lon="-83.7355191"/>
 <node id="62604851" visible="true" version="4" changeset="35938170" timestamp="2015-12-14T05:42:09Z" user="Joshua Garner" uid="2135234" lat="42.2858063" lon="-83.7360449"/>
 <node id="62604853" visible="true" version="3" changeset="35938170" timestamp="2015-12-14T05:42:09Z" user="Joshua Garner" uid="2135234" lat="42.2858213" lon="-83.7363227"/>
 <node id="62604855" visible="true" version="3" changeset="35938170" timestamp="2015-12-14T05:42:09Z" user="Joshua Garner" uid="2135234" lat="42.2859189" lon="-83.7372226"/>
 <node id="62604858" visible="true" version="3" changeset="14066369" timestamp="2012-11-28T00:15:07Z" user="techlady" uid="104962" lat="42.2860398" lon="-83.7378523"/>
 <node id="62604859" visible="true" version="3" changeset="14066369" timestamp="2012-11-28T00:15:07Z" user="techlady" uid="104962" lat="42.2862047" lon="-83.7384592"/>
 <node id="62604861" visible="true" version="3" changeset="14066369" timestamp="2012-11-28T00:15:07Z" user="techlady" uid="104962" lat="42.2864093" lon="-83.7390686"/>
 <node id="62604862" visible="true" version="3" changeset="14066369" timestamp="2012-11-28T00:15:07Z" user="techlady" uid="104962" lat="42.2865000" lon="-83.7393142"/>
 <node id="62604864" visible="true" version="3" changeset="14066369" timestamp="2012-11-28T00:15:07Z" user="techlady" uid="104962" lat="42.2866708" lon="-83.7397744"/>
 <node id="62604866" visible="true" version="4" changeset="35938170" timestamp="2015-12-14T05:42:09Z" user="Joshua Garner" uid="2135234" lat="42.2871095" lon="-83.7409493"/>
 <node id="62604868" visible="true" version="3" changeset="14066369" timestamp="2012-11-28T00:15:07Z" user="techlady" uid="104962" lat="42.2874010" lon="-83.7417379"/>
 <node id="62621809" visible="true" version="5" changeset="63294633" timestamp="2018-10-08T03:36:38Z" user="ttwQbZ" uid="8919444" lat="42.2839954" lon="-83.7361857">
  <tag k="amenity" v="parking_entrance"/>
 </node>
 <node id="62621810" visible="true" version="3" changeset="16340355" timestamp="2013-05-29T16:54:41Z" user="miqrogroove" uid="713233" lat="42.2841300" lon="-83.7361868"/>
 <node id="62621811" visible="true" version="3" changeset="16340355" timestamp="2013-05-29T16:54:41Z" user="miqrogroove" uid="713233" lat="42.2842436" lon="-83.7361180"/>
 <node id="62621813" visible="true" version="3" changeset="115999154" timestamp="2022-01-10T21:32:07Z" user="yamanq" uid="13624358" lat="42.2847421" lon="-83.7358387"/>
 <node id="62621815" visible="true" version="4" changeset="115999326" timestamp="2022-01-10T21:38:26Z" user="yamanq" uid="13624358" lat="42.2849601" lon="-83.7357646"/>
 <node id="62621817" visible="true" version="4" changeset="115999326" timestamp="2022-01-10T21:38:26Z" user="yamanq" uid="13624358" lat="42.2850271" lon="-83.7357456"/>
 <node id="62621819" visible="true" version="4" changeset="115999326" timestamp="2022-01-10T21:38:26Z" user="yamanq" uid="13624358" lat="42.2851210" lon="-83.7357320"/>
 <node id="69371328" visible="true" version="4" changeset="64259207" timestamp="2018-11-07T11:32:59Z" user="mapper377" uid="2052336" lat="42.2860205" lon="-83.7337254"/>
 <node id="69371339" visible="true" version="3" changeset="64259207" timestamp="2018-11-07T11:32:59Z" user="mapper377" uid="2052336" lat="42.2856538" lon="-83.7345380"/>
 <node id="69371347" visible="true" version="3" changeset="64259207" timestamp="2018-11-07T11:32:59Z" user="mapper377" uid="2052336" lat="42.2858199" lon="-83.7341929"/>
 <node id="305090633" visible="true" version="3" changeset="41501458" timestamp="2016-08-16T23:33:12Z" user="Circuit_Rider" uid="602455" lat="42.2904916" lon="-83.7460263"/>
 <node id="353981389" visible="true" version="3" changeset="58346523" timestamp="2018-04-23T17:34:07Z" user="maxerickson" uid="360392" lat="42.2815199" lon="-83.7298000"/>
 <node id="354015071" visible="true" version="3" changeset="162258058" timestamp="2025-02-07T19:16:15Z" user="CurlConnoisseur" uid="21683308" lat="42.2815775" lon="-83.7268377"/>
 <node id="369022531" visible="true" version="3" changeset="28471032" timestamp="2015-01-28T18:09:48Z" user="bbmiller" uid="451048" lat="42.2858473" lon="-83.7298400"/>
 <node id="499329091" visible="true" version="5" changeset="43779368" timestamp="2016-11-18T21:15:21Z" user="mapper377" uid="2052336" lat="42.2810980" lon="-83.7407778"/>
 <node id="499329106" visible="true" version="5" changeset="19650109" timestamp="2013-12-26T19:40:02Z" user="AaronAsAChimp" uid="153711" lat="42.2734009" lon="-83.7405795"/>
 <node id="499329127" visible="true" version="4" changeset="19650109" timestamp="2013-12-26T19:40:02Z" user="AaronAsAChimp" uid="153711" lat="42.2733723" lon="-83.7381316"/>
 <node id="499329250" visible="true" version="5" changeset="152398874" timestamp="2024-06-08T04:34:57Z" user="Technotion" uid="21326676" lat="42.2721855" lon="-83.7346505"/>
 <node id="499329280" visible="true" version="4" changeset="58743968" timestamp="2018-05-07T02:20:58Z" user="Aaarbie" uid="7772397" lat="42.2737048" lon="-83.7346935"/>
 <node id="499329295" visible="true" version="4" changeset="58743968" timestamp="2018-05-07T02:20:58Z" user="Aaarbie" uid="7772397" lat="42.2736924" lon="-83.7358650"/>
 <node id="499329312" visible="true" version="4" changeset="19650109" timestamp="2013-12-26T19:40:02Z" user="AaronAsAChimp" uid="153711" lat="42.2750396" lon="-83.7358626"/>
 <node id="499329330" visible="true" version="4" changeset="19650109" timestamp="2013-12-26T19:40:03Z" user="AaronAsAChimp" uid="153711" lat="42.2750500" lon="-83.7347065"/>
 <node id="499329340" visible="true" version="4" changeset="19650109" timestamp="2013-12-26T19:40:03Z" user="AaronAsAChimp" uid="153711" lat="42.2774101" lon="-83.7347351"/>
 <node id="499329355" visible="true" version="3" changeset="19650109" timestamp="2013-12-26T19:40:03Z" user="AaronAsAChimp" uid="153711" lat="42.2777035" lon="-83.7344066"/>
 <node id="499329374" visible="true" version="3" changeset="19650109" timestamp="2013-12-26T19:40:03Z" user="AaronAsAChimp" uid="153711" lat="42.2775574" lon="-83.7341920"/>
 <node id="499329391" visible="true" version="4" changeset="46754982" timestamp="2017-03-11T04:45:39Z" user="IanH" uid="306962" lat="42.2775318" lon="-83.7335947"/>
 <node id="499329406" visible="true" version="3" changeset="19650109" timestamp="2013-12-26T19:40:03Z" user="AaronAsAChimp" uid="153711" lat="42.2775193" lon="-83.7322350"/>
 <node id="499329421" visible="true" version="4" changeset="80409917" timestamp="2020-02-01T13:36:18Z" user="lmum" uid="1084189" lat="42.2784314" lon="-83.7321838"/>
 <node id="499329451" visible="true" version="4" changeset="80409917" timestamp="2020-02-01T13:36:18Z" user="lmum" uid="1084189" lat="42.2784536" lon="-83.7311450"/>
 <node id="499329485" visible="true" version="5" changeset="25107400" timestamp="2014-08-29T22:07:53Z" user="nkorth" uid="1884025" lat="42.2806243" lon="-83.7268991"/>
 <node id="499329501" visible="true" version="4" changeset="19650109" timestamp="2013-12-26T19:40:03Z" user="AaronAsAChimp" uid="153711" lat="42.2812502" lon="-83.7266098"/>
 <node id="499329530" visible="true" version="4" changeset="19650109" timestamp="2013-12-26T19:40:03Z" user="AaronAsAChimp" uid="153711" lat="42.2814589" lon="-83.7266759"/>
 <node id="499329627" visible="true" version="4" changeset="19650109" timestamp="2013-12-26T19:40:03Z" user="AaronAsAChimp" uid="153711" lat="42.2817130" lon="-83.7263264"/>
 <node id="499329648" visible="true" version="4" changeset="19650109" timestamp="2013-12-26T19:40:03Z" user="AaronAsAChimp" uid="153711" lat="42.2822902" lon="-83.7260817"/>
 <node id="499329661" visible="true" version="5" changeset="49503668" timestamp="2017-06-13T15:16:44Z" user="zaizone" uid="1122708" lat="42.2847392" lon="-83.7273899"/>
 <node id="499329674" visible="true" version="5" changeset="64600016" timestamp="2018-11-17T16:15:43Z" user="mapper377" uid="2052336" lat="42.2851762" lon="-83.7278926"/>
 <node id="499329697" visible="true" version="5" changeset="64600016" timestamp="2018-11-17T16:15:43Z" user="mapper377" uid="2052336" lat="42.2854403" lon="-83.7287447"/>
 <node id="499329713" visible="true" version="5" changeset="19650109" timestamp="2013-12-26T19:40:03Z" user="AaronAsAChimp" uid="153711" lat="42.2854451" lon="-83.7310313"/>
 <node id="499329736" visible="true" version="5" changeset="19650109" timestamp="2013-12-26T19:40:03Z" user="AaronAsAChimp" uid="153711" lat="42.2854528" lon="-83.7318148"/>
 <node id="499329748" visible="true" version="4" changeset="19650109" timestamp="2013-12-26T19:40:03Z" user="AaronAsAChimp" uid="153711" lat="42.2852715" lon="-83.7321554"/>
 <node id="499329756" visible="true" version="5" changeset="19650109" timestamp="2013-12-26T19:40:03Z" user="AaronAsAChimp" uid="153711" lat="42.2852376" lon="-83.7338326"/>
 <node id="499329771" visible="true" version="5" changeset="19650109" timestamp="2013-12-26T19:40:03Z" user="AaronAsAChimp" uid="153711" lat="42.2849882" lon="-83.7347049"/>
 <node id="499329789" visible="true" version="5" changeset="43779368" timestamp="2016-11-18T21:15:21Z" user="mapper377" uid="2052336" lat="42.2831717" lon="-83.7384046"/>
 <node id="499329798" visible="true" version="4" changeset="43779368" timestamp="2016-11-18T21:15:21Z" user="mapper377" uid="2052336" lat="42.2832578" lon="-83.7351750"/>
 <node id="499329813" visible="true" version="5" changeset="43779368" timestamp="2016-11-18T21:15:21Z" user="mapper377" uid="2052336" lat="42.2821682" lon="-83.7351388"/>
 <node id="499329824" visible="true" version="5" changeset="43779368" timestamp="2016-11-18T21:15:21Z" user="mapper377" uid="2052336" lat="42.2821572" lon="-83.7353768"/>
 <node id="499329839" visible="true" version="6" changeset="179054121" timestamp="2026-02-25T19:25:23Z" user="CurlConnoisseur" uid="21683308" lat="42.2811734" lon="-83.7370455"/>
 <node id="499339528" visible="true" version="6" changeset="43779368" timestamp="2016-11-18T21:15:21Z" user="mapper377" uid="2052336" lat="42.2803416" lon="-83.7407506"/>
 <node id="499339549" visible="true" version="4" changeset="79453673" timestamp="2020-01-11T15:10:57Z" user="mapper377" uid="2052336" lat="42.2794852" lon="-83.7401812"/>
 <node id="499339566" visible="true" version="3" changeset="19650109" timestamp="2013-12-26T19:40:02Z" user="AaronAsAChimp" uid="153711" lat="42.2784984" lon="-83.7394826"/>
 <node id="499339580" visible="true" version="5" changeset="43691563" timestamp="2016-11-16T08:02:07Z" user="mapper377" uid="2052336" lat="42.2784500" lon="-83.7406155"/>
 <node id="499339595" visible="true" version="5" changeset="43691563" timestamp="2016-11-16T08:02:07Z" user="mapper377" uid="2052336" lat="42.2774340" lon="-83.7406056"/>
 <node id="499339674" visible="true" version="5" changeset="42845018" timestamp="2016-10-13T01:43:30Z" user="mapper377" uid="2052336" lat="42.2773785" lon="-83.7424663"/>
 <node id="499339699" visible="true" version="5" changeset="41468957" timestamp="2016-08-15T14:47:22Z" user="mapper377" uid="2052336" lat="42.2734933" lon="-83.7429914"/>
 <node id="499339748" visible="true" version="3" changeset="19650109" timestamp="2013-12-26T19:40:02Z" user="AaronAsAChimp" uid="153711" lat="42.2719560" lon="-83.7405435"/>
 <node id="499339775" visible="true" version="3" changeset="19650109" timestamp="2013-12-26T19:40:02Z" user="AaronAsAChimp" uid="153711" lat="42.2719687" lon="-83.7395392"/>
 <node id="499339786" visible="true" version="3" changeset="19650109" timestamp="2013-12-26T19:40:02Z" user="AaronAsAChimp" uid="153711" lat="42.2733659" lon="-83.7395564"/>
 <node id="499339889" visible="true" version="6" changeset="115999154" timestamp="2022-01-10T21:32:07Z" user="yamanq" uid="13624358" lat="42.2849478" lon="-83.7386445"/>
 <node id="666518079" visible="true" version="2" changeset="11408358" timestamp="2012-04-24T18:57:33Z" user="pvanwylen" uid="135435" lat="42.2900201" lon="-83.7447922"/>
 <node id="666518084" visible="true" version="2" changeset="11408358" timestamp="2012-04-24T18:57:33Z" user="pvanwylen" uid="135435" lat="42.2899993" lon="-83.7451440"/>
 <node id="666518085" visible="true" version="2" changeset="11408358" timestamp="2012-04-24T18:57:33Z" user="pvanwylen" uid="135435" lat="42.2900773" lon="-83.7458995"/>
 <node id="666518087" visible="true" version="3" changeset="93259519" timestamp="2020-10-29T22:48:23Z" user="BaddDadd" uid="11754416" lat="42.2899443" lon="-83.7454297"/>
 <node id="666518088" visible="true" version="2" changeset="11408358" timestamp="2012-04-24T18:57:34Z" user="pvanwylen" uid="135435" lat="42.2899536" lon="-83.7457369"/>
 <node id="666518089" visible="true" version="3" changeset="58276362" timestamp="2018-04-20T21:11:44Z" user="nkorth" uid="1884025" lat="42.2900262" lon="-83.7434308"/>
 <node id="666518091" visible="true" version="2" changeset="11408358" timestamp="2012-04-24T18:57:34Z" user="pvanwylen" uid="135435" lat="42.2900596" lon="-83.7441132"/>
 <node id="666518092" visible="true" version="3" changeset="139101842" timestamp="2023-07-27T18:34:03Z" user="Zol87" uid="1237170" lat="42.2900588" lon="-83.7444686"/>
 <node id="666518097" visible="true" version="2" changeset="58276362" timestamp="2018-04-20T21:11:44Z" user="nkorth" uid="1884025" lat="42.2890698" lon="-83.7409794"/>
 <node id="666518098" visible="true" version="2" changeset="58276362" timestamp="2018-04-20T21:11:44Z" user="nkorth" uid="1884025" lat="42.2889487" lon="-83.7407917"/>
 <node id="666518099" visible="true" version="2" changeset="58276362" timestamp="2018-04-20T21:11:43Z" user="nkorth" uid="1884025" lat="42.2888235" lon="-83.7406639"/>
 <node id="666518101" visible="true" version="4" changeset="16526727" timestamp="2013-06-12T17:21:42Z" user="techlady" uid="104962" lat="42.2871827" lon="-83.7395337"/>
 <node id="666518103" visible="true" version="4" changeset="44419098" timestamp="2016-12-15T10:03:14Z" user="DougPeterson" uid="1469704" lat="42.2875540" lon="-83.7400022"/>
 <node id="666518104" visible="true" version="4" changeset="16526727" timestamp="2013-06-12T17:21:42Z" user="techlady" uid="104962" lat="42.2873338" lon="-83.7397486"/>
 <node id="666518110" visible="true" version="2" changeset="76405524" timestamp="2019-10-30T16:26:45Z" user="lmum" uid="1084189" lat="42.2864680" lon="-83.7382690"/>
 <node id="666518111" visible="true" version="2" changeset="76405524" timestamp="2019-10-30T16:26:45Z" user="lmum" uid="1084189" lat="42.2865612" lon="-83.7384642"/>
 <node id="666518112" visible="true" version="3" changeset="44419098" timestamp="2016-12-15T10:03:14Z" user="DougPeterson" uid="1469704" lat="42.2867204" lon="-83.7388434"/>
 <node id="666518113" visible="true" version="4" changeset="44419098" timestamp="2016-12-15T10:03:14Z" user="DougPeterson" uid="1469704" lat="42.2868020" lon="-83.7389345"/>
 <node id="666518127" visible="true" version="4" changeset="44419098" timestamp="2016-12-15T10:03:14Z" user="DougPeterson" uid="1469704" lat="42.2877753" lon="-83.7401441"/>
 <node id="666518128" visible="true" version="2" changeset="11408358" timestamp="2012-04-24T18:57:35Z" user="pvanwylen" uid="135435" lat="42.2884081" lon="-83.7404587"/>
 <node id="666518129" visible="true" version="2" changeset="11408358" timestamp="2012-04-24T18:57:35Z" user="pvanwylen" uid="135435" lat="42.2881578" lon="-83.7402998"/>
 <node id="666518135" visible="true" version="3" changeset="16526727" timestamp="2013-06-12T17:21:42Z" user="techlady" uid="104962" lat="42.2886412" lon="-83.7405916"/>
 <node id="666518141" visible="true" version="2" changeset="58276362" timestamp="2018-04-20T21:11:44Z" user="nkorth" uid="1884025" lat="42.2892253" lon="-83.7412392"/>
 <node id="666518142" visible="true" version="2" changeset="58276362" timestamp="2018-04-20T21:11:44Z" user="nkorth" uid="1884025" lat="42.2891311" lon="-83.7410652"/>
 <node id="666518143" visible="true" version="3" changeset="58276362" timestamp="2018-04-20T21:11:44Z" user="nkorth" uid="1884025" lat="42.2896357" lon="-83.7420287"/>
 <node id="666518144" visible="true" version="3" changeset="58276362" timestamp="2018-04-20T21:11:44Z" user="nkorth" uid="1884025" lat="42.2897383" lon="-83.7423793"/>
 <node id="666518145" visible="true" version="2" changeset="58276362" timestamp="2018-04-20T21:11:44Z" user="nkorth" uid="1884025" lat="42.2893318" lon="-83.7414579"/>
 <node id="666518146" visible="true" version="2" changeset="58276362" timestamp="2018-04-20T21:11:44Z" user="nkorth" uid="1884025" lat="42.2894613" lon="-83.7416577"/>
 <node id="666518147" visible="true" version="3" changeset="58276362" timestamp="2018-04-20T21:11:44Z" user="nkorth" uid="1884025" lat="42.2898963" lon="-83.7425970"/>
 <node id="666518148" visible="true" version="3" changeset="58276362" timestamp="2018-04-20T21:11:44Z" user="nkorth" uid="1884025" lat="42.2899715" lon="-83.7429207"/>
 <node id="666518156" visible="true" version="2" changeset="11408358" timestamp="2012-04-24T18:57:36Z" user="pvanwylen" uid="135435" lat="42.2864143" lon="-83.7339494"/>
 <node id="666518157" visible="true" version="2" changeset="76405524" timestamp="2019-10-30T16:26:45Z" user="lmum" uid="1084189" lat="42.2862479" lon="-83.7343672"/>
 <node id="666518158" visible="true" version="2" changeset="44419098" timestamp="2016-12-15T10:03:14Z" user="DougPeterson" uid="1469704" lat="42.2861128" lon="-83.7347524"/>
 <node id="666518159" visible="true" version="3" changeset="76405524" timestamp="2019-10-30T16:26:45Z" user="lmum" uid="1084189" lat="42.2859776" lon="-83.7353387"/>
 <node id="666518160" visible="true" version="3" changeset="76405524" timestamp="2019-10-30T16:26:45Z" user="lmum" uid="1084189" lat="42.2859677" lon="-83.7356457"/>
 <node id="666518161" visible="true" version="3" changeset="76405524" timestamp="2019-10-30T16:26:45Z" user="lmum" uid="1084189" lat="42.2859825" lon="-83.7358690"/>
 <node id="666518162" visible="true" version="3" changeset="76405524" timestamp="2019-10-30T16:26:45Z" user="lmum" uid="1084189" lat="42.2859990" lon="-83.7361693"/>
 <node id="666518163" visible="true" version="4" changeset="76405524" timestamp="2019-10-30T16:26:45Z" user="lmum" uid="1084189" lat="42.2861006" lon="-83.7371442"/>
 <node id="666518164" visible="true" version="3" changeset="76405524" timestamp="2019-10-30T16:26:45Z" user="lmum" uid="1084189" lat="42.2862112" lon="-83.7376119"/>
 <node id="666518168" visible="true" version="2" changeset="27296817" timestamp="2014-12-06T18:58:05Z" user="DougPeterson" uid="1469704" lat="42.2834189" lon="-83.7255863"/>
 <node id="666518169" visible="true" version="1" changeset="4131390" timestamp="2010-03-15T01:41:31Z" user="Gone" uid="120468" lat="42.2832708" lon="-83.7250549"/>
 <node id="666518170" visible="true" version="1" changeset="4131390" timestamp="2010-03-15T01:41:31Z" user="Gone" uid="120468" lat="42.2831667" lon="-83.7245857"/>
 <node id="666518171" visible="true" version="1" changeset="4131390" timestamp="2010-03-15T01:41:31Z" user="Gone" uid="120468" lat="42.2830795" lon="-83.7242378"/>
 <node id="666518180" visible="true" version="1" changeset="4131390" timestamp="2010-03-15T01:41:31Z" user="Gone" uid="120468" lat="42.2829923" lon="-83.7239407"/>
 <node id="666518181" visible="true" version="1" changeset="4131390" timestamp="2010-03-15T01:41:32Z" user="Gone" uid="120468" lat="42.2828668" lon="-83.7235487"/>
 <node id="666518182" visible="true" version="1" changeset="4131390" timestamp="2010-03-15T01:41:32Z" user="Gone" uid="120468" lat="42.2827907" lon="-83.7230662"/>
 <node id="666518183" visible="true" version="1" changeset="4131390" timestamp="2010-03-15T01:41:32Z" user="Gone" uid="120468" lat="42.2827662" lon="-83.7222588"/>
 <node id="666518184" visible="true" version="1" changeset="4131390" timestamp="2010-03-15T01:41:32Z" user="Gone" uid="120468" lat="42.2827925" lon="-83.7217293"/>
 <node id="666518189" visible="true" version="2" changeset="14113637" timestamp="2012-12-01T16:47:29Z" user="techlady" uid="104962" lat="42.2842753" lon="-83.7261646"/>
 <node id="666518190" visible="true" version="2" changeset="14113637" timestamp="2012-12-01T16:47:29Z" user="techlady" uid="104962" lat="42.2839540" lon="-83.7260407"/>
 <node id="666518191" visible="true" version="4" changeset="34833347" timestamp="2015-10-24T01:50:31Z" user="DougPeterson" uid="1469704" lat="42.2837087" lon="-83.7259200"/>
 <node id="666518195" visible="true" version="2" changeset="14113637" timestamp="2012-12-01T16:47:29Z" user="techlady" uid="104962" lat="42.2844829" lon="-83.7262071"/>
 <node id="666518196" visible="true" version="3" changeset="78164186" timestamp="2019-12-09T17:31:35Z" user="lmum" uid="1084189" lat="42.2849623" lon="-83.7260342"/>
 <node id="666518197" visible="true" version="2" changeset="14113637" timestamp="2012-12-01T16:47:29Z" user="techlady" uid="104962" lat="42.2847601" lon="-83.7260669"/>
 <node id="666518198" visible="true" version="2" changeset="14113637" timestamp="2012-12-01T16:47:29Z" user="techlady" uid="104962" lat="42.2847256" lon="-83.7261422"/>
 <node id="666518199" visible="true" version="2" changeset="14113637" timestamp="2012-12-01T16:47:29Z" user="techlady" uid="104962" lat="42.2846866" lon="-83.7261905"/>
 <node id="666518201" visible="true" version="3" changeset="78164186" timestamp="2019-12-09T17:31:35Z" user="lmum" uid="1084189" lat="42.2854652" lon="-83.7259165"/>
 <node id="666518202" visible="true" version="2" changeset="78164186" timestamp="2019-12-09T17:31:35Z" user="lmum" uid="1084189" lat="42.2855621" lon="-83.7258861"/>
 <node id="666518203" visible="true" version="2" changeset="78164186" timestamp="2019-12-09T17:31:35Z" user="lmum" uid="1084189" lat="42.2856170" lon="-83.7258622"/>
 <node id="666518204" visible="true" version="2" changeset="78164186" timestamp="2019-12-09T17:31:35Z" user="lmum" uid="1084189" lat="42.2858224" lon="-83.7257719"/>
 <node id="666518205" visible="true" version="1" changeset="4131390" timestamp="2010-03-15T01:41:33Z" user="Gone" uid="120468" lat="42.2861623" lon="-83.7256009"/>
 <node id="666518206" visible="true" version="1" changeset="4131390" timestamp="2010-03-15T01:41:33Z" user="Gone" uid="120468" lat="42.2863496" lon="-83.7256251"/>
 <node id="666518222" visible="true" version="2" changeset="34832487" timestamp="2015-10-24T00:14:45Z" user="DougPeterson" uid="1469704" lat="42.2836294" lon="-83.7191258"/>
 <node id="666518223" visible="true" version="3" changeset="34832487" timestamp="2015-10-24T00:14:45Z" user="DougPeterson" uid="1469704" lat="42.2834248" lon="-83.7195194"/>
 <node id="666518224" visible="true" version="2" changeset="14113637" timestamp="2012-12-01T16:47:30Z" user="techlady" uid="104962" lat="42.2830154" lon="-83.7205815"/>
 <node id="666518225" visible="true" version="1" changeset="4131390" timestamp="2010-03-15T01:41:34Z" user="Gone" uid="120468" lat="42.2828426" lon="-83.7212787"/>
 <node id="666518226" visible="true" version="1" changeset="4131390" timestamp="2010-03-15T01:41:34Z" user="Gone" uid="120468" lat="42.2831904" lon="-83.7199766"/>
 <node id="666518227" visible="true" version="2" changeset="14113637" timestamp="2012-12-01T16:47:30Z" user="techlady" uid="104962" lat="42.2831739" lon="-83.7201262"/>
 <node id="666518233" visible="true" version="1" changeset="4131390" timestamp="2010-03-15T01:41:35Z" user="Gone" uid="120468" lat="42.2837451" lon="-83.7187042"/>
 <node id="666518251" visible="true" version="3" changeset="58797220" timestamp="2018-05-08T18:49:30Z" user="Aaarbie" uid="7772397" lat="42.2841317" lon="-83.7178808"/>
 <node id="666518252" visible="true" version="3" changeset="58797220" timestamp="2018-05-08T18:49:30Z" user="Aaarbie" uid="7772397" lat="42.2839547" lon="-83.7183922"/>
 <node id="666518253" visible="true" version="1" changeset="4131390" timestamp="2010-03-15T01:41:35Z" user="Gone" uid="120468" lat="42.2839176" lon="-83.7159838"/>
 <node id="666518254" visible="true" version="3" changeset="58797220" timestamp="2018-05-08T18:49:30Z" user="Aaarbie" uid="7772397" lat="42.2840447" lon="-83.7173530"/>
 <node id="666518265" visible="true" version="3" changeset="16526727" timestamp="2013-06-12T17:21:42Z" user="techlady" uid="104962" lat="42.2875570" lon="-83.7325255"/>
 <node id="666518266" visible="true" version="4" changeset="44419098" timestamp="2016-12-15T10:03:14Z" user="DougPeterson" uid="1469704" lat="42.2873199" lon="-83.7328302"/>
 <node id="666518267" visible="true" version="3" changeset="16526727" timestamp="2013-06-12T17:21:42Z" user="techlady" uid="104962" lat="42.2870637" lon="-83.7330846"/>
 <node id="666518268" visible="true" version="3" changeset="16526727" timestamp="2013-06-12T17:21:41Z" user="techlady" uid="104962" lat="42.2867747" lon="-83.7334082"/>
 <node id="666518285" visible="true" version="2" changeset="11408358" timestamp="2012-04-24T18:57:37Z" user="pvanwylen" uid="135435" lat="42.2888719" lon="-83.7308691"/>
 <node id="666518286" visible="true" version="2" changeset="11408358" timestamp="2012-04-24T18:57:38Z" user="pvanwylen" uid="135435" lat="42.2891010" lon="-83.7305506"/>
 <node id="666518287" visible="true" version="2" changeset="11408358" timestamp="2012-04-24T18:57:38Z" user="pvanwylen" uid="135435" lat="42.2884426" lon="-83.7314566"/>
 <node id="666518288" visible="true" version="1" changeset="4131390" timestamp="2010-03-15T01:41:37Z" user="Gone" uid="120468" lat="42.2886685" lon="-83.7311693"/>
 <node id="666518289" visible="true" version="3" changeset="16527016" timestamp="2013-06-12T17:45:39Z" user="techlady" uid="104962" lat="42.2880892" lon="-83.7319095"/>
 <node id="666518290" visible="true" version="2" changeset="11408358" timestamp="2012-04-24T18:57:38Z" user="pvanwylen" uid="135435" lat="42.2882493" lon="-83.7317115"/>
 <node id="666518291" visible="true" version="2" changeset="16527016" timestamp="2013-06-12T17:45:39Z" user="techlady" uid="104962" lat="42.2879221" lon="-83.7321032"/>
 <node id="666518299" visible="true" version="1" changeset="4131390" timestamp="2010-03-15T01:41:38Z" user="Gone" uid="120468" lat="42.2896115" lon="-83.7295634"/>
 <node id="666518300" visible="true" version="1" changeset="4131390" timestamp="2010-03-15T01:41:38Z" user="Gone" uid="120468" lat="42.2893004" lon="-83.7302065"/>
 <node id="666518301" visible="true" version="1" changeset="4131390" timestamp="2010-03-15T01:41:38Z" user="Gone" uid="120468" lat="42.2894893" lon="-83.7298363"/>
 <node id="666518304" visible="true" version="1" changeset="4131390" timestamp="2010-03-15T01:41:38Z" user="Gone" uid="120468" lat="42.2899673" lon="-83.7286274"/>
 <node id="666518305" visible="true" version="1" changeset="4131390" timestamp="2010-03-15T01:41:38Z" user="Gone" uid="120468" lat="42.2900727" lon="-83.7284134"/>
 <node id="666518306" visible="true" version="1" changeset="4131390" timestamp="2010-03-15T01:41:38Z" user="Gone" uid="120468" lat="42.2898169" lon="-83.7290841"/>
 <node id="666518307" visible="true" version="2" changeset="16527016" timestamp="2013-06-12T17:45:39Z" user="techlady" uid="104962" lat="42.2898847" lon="-83.7288365"/>
 <node id="666518308" visible="true" version="2" changeset="16527016" timestamp="2013-06-12T17:45:39Z" user="techlady" uid="104962" lat="42.2897329" lon="-83.7292917"/>
 <node id="666518309" visible="true" version="2" changeset="16527016" timestamp="2013-06-12T17:45:39Z" user="techlady" uid="104962" lat="42.2902450" lon="-83.7282244"/>
 <node id="666518310" visible="true" version="2" changeset="16527016" timestamp="2013-06-12T17:45:39Z" user="techlady" uid="104962" lat="42.2904390" lon="-83.7279809"/>
 <node id="666518320" visible="true" version="1" changeset="4131390" timestamp="2010-03-15T01:41:39Z" user="Gone" uid="120468" lat="42.2908717" lon="-83.7268203"/>
 <node id="666518321" visible="true" version="2" changeset="16527016" timestamp="2013-06-12T17:45:39Z" user="techlady" uid="104962" lat="42.2908192" lon="-83.7273144"/>
 <node id="666518322" visible="true" version="2" changeset="16527016" timestamp="2013-06-12T17:45:39Z" user="techlady" uid="104962" lat="42.2908700" lon="-83.7271003"/>
 <node id="666518323" visible="true" version="2" changeset="16527016" timestamp="2013-06-12T17:45:39Z" user="techlady" uid="104962" lat="42.2905682" lon="-83.7277347"/>
 <node id="666518324" visible="true" version="2" changeset="16527016" timestamp="2013-06-12T17:45:39Z" user="techlady" uid="104962" lat="42.2907202" lon="-83.7274965"/>
 <node id="666518357" visible="true" version="1" changeset="4131390" timestamp="2010-03-15T01:41:42Z" user="Gone" uid="120468" lat="42.2865147" lon="-83.7256926"/>
 <node id="666518358" visible="true" version="2" changeset="14066369" timestamp="2012-11-28T00:15:09Z" user="techlady" uid="104962" lat="42.2867144" lon="-83.7257902"/>
 <node id="666518359" visible="true" version="2" changeset="14066369" timestamp="2012-11-28T00:15:10Z" user="techlady" uid="104962" lat="42.2869593" lon="-83.7258384"/>
 <node id="666518360" visible="true" version="1" changeset="4131390" timestamp="2010-03-15T01:41:42Z" user="Gone" uid="120468" lat="42.2873081" lon="-83.7258379"/>
 <node id="666518361" visible="true" version="1" changeset="4131390" timestamp="2010-03-15T01:41:42Z" user="Gone" uid="120468" lat="42.2875232" lon="-83.7258391"/>
 <node id="666518362" visible="true" version="2" changeset="16527016" timestamp="2013-06-12T17:45:39Z" user="techlady" uid="104962" lat="42.2877894" lon="-83.7258193"/>
 <node id="666518371" visible="true" version="2" changeset="16527016" timestamp="2013-06-12T17:45:39Z" user="techlady" uid="104962" lat="42.2880578" lon="-83.7257603"/>
 <node id="666518374" visible="true" version="3" changeset="16531379" timestamp="2013-06-13T00:19:30Z" user="techlady" uid="104962" lat="42.2884219" lon="-83.7257087"/>
 <node id="666518376" visible="true" version="2" changeset="16527016" timestamp="2013-06-12T17:45:39Z" user="techlady" uid="104962" lat="42.2887100" lon="-83.7255184"/>
 <node id="666518379" visible="true" version="2" changeset="16527016" timestamp="2013-06-12T17:45:39Z" user="techlady" uid="104962" lat="42.2889704" lon="-83.7253333"/>
 <node id="666518387" visible="true" version="3" changeset="16531379" timestamp="2013-06-13T00:19:30Z" user="techlady" uid="104962" lat="42.2897432" lon="-83.7250729"/>
 <node id="666518388" visible="true" version="2" changeset="16527016" timestamp="2013-06-12T17:45:39Z" user="techlady" uid="104962" lat="42.2894408" lon="-83.7250627"/>
 <node id="666518389" visible="true" version="2" changeset="16527016" timestamp="2013-06-12T17:45:39Z" user="techlady" uid="104962" lat="42.2892287" lon="-83.7251450"/>
 <node id="666518390" visible="true" version="2" changeset="16527016" timestamp="2013-06-12T17:45:39Z" user="techlady" uid="104962" lat="42.2903498" lon="-83.7250997"/>
 <node id="666518391" visible="true" version="2" changeset="16527016" timestamp="2013-06-12T17:45:39Z" user="techlady" uid="104962" lat="42.2900813" lon="-83.7250216"/>
 <node id="666518398" visible="true" version="1" changeset="4131390" timestamp="2010-03-15T01:41:43Z" user="Gone" uid="120468" lat="42.2906607" lon="-83.7254553"/>
 <node id="666518399" visible="true" version="1" changeset="4131390" timestamp="2010-03-15T01:41:43Z" user="Gone" uid="120468" lat="42.2905344" lon="-83.7252696"/>
 <node id="666518400" visible="true" version="1" changeset="4131390" timestamp="2010-03-15T01:41:44Z" user="Gone" uid="120468" lat="42.2907857" lon="-83.7260415"/>
 <node id="666518401" visible="true" version="1" changeset="4131390" timestamp="2010-03-15T01:41:44Z" user="Gone" uid="120468" lat="42.2907370" lon="-83.7257680"/>
 <node id="666518402" visible="true" version="1" changeset="4131390" timestamp="2010-03-15T01:41:44Z" user="Gone" uid="120468" lat="42.2908784" lon="-83.7264947"/>
 <node id="666518616" visible="true" version="1" changeset="4131390" timestamp="2010-03-15T01:41:57Z" user="Gone" uid="120468" lat="42.2807792" lon="-83.7104686"/>
 <node id="666518623" visible="true" version="2" changeset="27885400" timestamp="2015-01-03T13:18:17Z" user="DougPeterson" uid="1469704" lat="42.2781592" lon="-83.7078270"/>
 <node id="666518624" visible="true" version="2" changeset="44322183" timestamp="2016-12-11T12:57:27Z" user="DougPeterson" uid="1469704" lat="42.2783493" lon="-83.7082193"/>
 <node id="666518625" visible="true" version="2" changeset="44322183" timestamp="2016-12-11T12:57:27Z" user="DougPeterson" uid="1469704" lat="42.2787299" lon="-83.7088483"/>
 <node id="666518626" visible="true" version="1" changeset="4131390" timestamp="2010-03-15T01:41:58Z" user="Gone" uid="120468" lat="42.2784585" lon="-83.7084625"/>
 <node id="666518627" visible="true" version="2" changeset="44322183" timestamp="2016-12-11T12:57:27Z" user="DougPeterson" uid="1469704" lat="42.2790244" lon="-83.7092637"/>
 <node id="666518628" visible="true" version="2" changeset="44322183" timestamp="2016-12-11T12:57:27Z" user="DougPeterson" uid="1469704" lat="42.2792379" lon="-83.7095009"/>
 <node id="666518632" visible="true" version="1" changeset="4131390" timestamp="2010-03-15T01:41:58Z" user="Gone" uid="120468" lat="42.2804492" lon="-83.7102367"/>
 <node id="666518633" visible="true" version="1" changeset="4131390" timestamp="2010-03-15T01:41:58Z" user="Gone" uid="120468" lat="42.2800310" lon="-83.7099458"/>
 <node id="666518634" visible="true" version="2" changeset="44322183" timestamp="2016-12-11T12:57:27Z" user="DougPeterson" uid="1469704" lat="42.2796430" lon="-83.7097841"/>
 <node id="666518642" visible="true" version="2" changeset="58797220" timestamp="2018-05-08T18:49:31Z" user="Aaarbie" uid="7772397" lat="42.2826863" lon="-83.7136145"/>
 <node id="666518643" visible="true" version="1" changeset="4131390" timestamp="2010-03-15T01:41:59Z" user="Gone" uid="120468" lat="42.2835852" lon="-83.7150983"/>
 <node id="666518644" visible="true" version="1" changeset="4131390" timestamp="2010-03-15T01:41:59Z" user="Gone" uid="120468" lat="42.2830024" lon="-83.7140301"/>
 <node id="666518645" visible="true" version="2" changeset="58797220" timestamp="2018-05-08T18:49:31Z" user="Aaarbie" uid="7772397" lat="42.2833193" lon="-83.7146561"/>
 <node id="666518648" visible="true" version="2" changeset="58797220" timestamp="2018-05-08T18:49:31Z" user="Aaarbie" uid="7772397" lat="42.2810514" lon="-83.7107013"/>
 <node id="666518649" visible="true" version="1" changeset="4131390" timestamp="2010-03-15T01:41:59Z" user="Gone" uid="120468" lat="42.2819716" lon="-83.7119343"/>
 <node id="666518650" visible="true" version="2" changeset="58797220" timestamp="2018-05-08T18:49:31Z" user="Aaarbie" uid="7772397" lat="42.2815300" lon="-83.7113350"/>
 <node id="666518651" visible="true" version="2" changeset="58797220" timestamp="2018-05-08T18:49:31Z" user="Aaarbie" uid="7772397" lat="42.2813516" lon="-83.7110401"/>
 <node id="666518652" visible="true" version="2" changeset="58797220" timestamp="2018-05-08T18:49:31Z" user="Aaarbie" uid="7772397" lat="42.2817247" lon="-83.7116429"/>
 <node id="666518653" visible="true" version="2" changeset="58797220" timestamp="2018-05-08T18:49:31Z" user="Aaarbie" uid="7772397" lat="42.2816340" lon="-83.7114707"/>
 <node id="666518655" visible="true" version="2" changeset="58797220" timestamp="2018-05-08T18:49:31Z" user="Aaarbie" uid="7772397" lat="42.2822277" lon="-83.7125192"/>
 <node id="666518656" visible="true" version="2" changeset="58797220" timestamp="2018-05-08T18:49:31Z" user="Aaarbie" uid="7772397" lat="42.2824696" lon="-83.7129721"/>
 <node id="666518660" visible="true" version="1" changeset="4131390" timestamp="2010-03-15T01:42:00Z" user="Gone" uid="120468" lat="42.2836768" lon="-83.7153307"/>
 <node id="1729302218" visible="true" version="1" changeset="11408358" timestamp="2012-04-24T18:57:04Z" user="pvanwylen" uid="135435" lat="42.2877181" lon="-83.7323019"/>
 <node id="1729302222" visible="true" version="1" changeset="11408358" timestamp="2012-04-24T18:57:04Z" user="pvanwylen" uid="135435" lat="42.2883174" lon="-83.7403918"/>
 <node id="1729302278" visible="true" version="2" changeset="150906140" timestamp="2024-05-05T06:45:37Z" user="TMoney79" uid="17814057" lat="42.2899010" lon="-83.7458903"/>
 <node id="1729302280" visible="true" version="2" changeset="150906140" timestamp="2024-05-05T06:45:37Z" user="TMoney79" uid="17814057" lat="42.2899558" lon="-83.7459323"/>
 <node id="1729302282" visible="true" version="1" changeset="11408358" timestamp="2012-04-24T18:57:06Z" user="pvanwylen" uid="135435" lat="42.2900203" lon="-83.7458949"/>
 <node id="1729302287" visible="true" version="1" changeset="11408358" timestamp="2012-04-24T18:57:06Z" user="pvanwylen" uid="135435" lat="42.2901460" lon="-83.7459469"/>
 <node id="1729302291" visible="true" version="1" changeset="11408358" timestamp="2012-04-24T18:57:06Z" user="pvanwylen" uid="135435" lat="42.2902241" lon="-83.7459745"/>
 <node id="2037527994" visible="true" version="1" changeset="14066369" timestamp="2012-11-28T00:15:06Z" user="techlady" uid="104962" lat="42.2857283" lon="-83.7270108"/>
 <node id="2037528001" visible="true" version="1" changeset="14066369" timestamp="2012-11-28T00:15:06Z" user="techlady" uid="104962" lat="42.2858684" lon="-83.7369155"/>
 <node id="2037528002" visible="true" version="1" changeset="14066369" timestamp="2012-11-28T00:15:06Z" user="techlady" uid="104962" lat="42.2858368" lon="-83.7365886"/>
 <node id="2037528005" visible="true" version="2" changeset="35938170" timestamp="2015-12-14T05:42:09Z" user="Joshua Garner" uid="2135234" lat="42.2858534" lon="-83.7288302"/>
 <node id="2037528006" visible="true" version="2" changeset="35938170" timestamp="2015-12-14T05:42:09Z" user="Joshua Garner" uid="2135234" lat="42.2858456" lon="-83.7284613"/>
 <node id="2037528010" visible="true" version="1" changeset="14066369" timestamp="2012-11-28T00:15:06Z" user="techlady" uid="104962" lat="42.2868948" lon="-83.7403830"/>
 <node id="2037528018" visible="true" version="1" changeset="14066369" timestamp="2012-11-28T00:15:07Z" user="techlady" uid="104962" lat="42.2863102" lon="-83.7387809"/>
 <node id="2038576084" visible="true" version="3" changeset="41468957" timestamp="2016-08-15T14:47:22Z" user="mapper377" uid="2052336" lat="42.2736723" lon="-83.7434387"/>
 <node id="2038576088" visible="true" version="3" changeset="41468957" timestamp="2016-08-15T14:47:22Z" user="mapper377" uid="2052336" lat="42.2736343" lon="-83.7430674"/>
 <node id="2038576110" visible="true" version="3" changeset="41468957" timestamp="2016-08-15T14:47:22Z" user="mapper377" uid="2052336" lat="42.2735611" lon="-83.7430628"/>
 <node id="2038576126" visible="true" version="3" changeset="56278356" timestamp="2018-02-12T00:49:35Z" user="tr_veler" uid="7120502" lat="42.2733656" lon="-83.7423147"/>
 <node id="2038576129" visible="true" version="2" changeset="19650109" timestamp="2013-12-26T19:40:02Z" user="AaronAsAChimp" uid="153711" lat="42.2734948" lon="-83.7427663"/>
 <node id="2038579339" visible="true" version="2" changeset="19650109" timestamp="2013-12-26T19:40:02Z" user="AaronAsAChimp" uid="153711" lat="42.2734133" lon="-83.7425602"/>
 <node id="2038620968" visible="true" version="3" changeset="43691563" timestamp="2016-11-16T08:02:08Z" user="mapper377" uid="2052336" lat="42.2784896" lon="-83.7405134"/>
 <node id="2038620971" visible="true" version="3" changeset="43691563" timestamp="2016-11-16T08:02:08Z" user="mapper377" uid="2052336" lat="42.2784799" lon="-83.7405729"/>
 <node id="2038620986" visible="true" version="3" changeset="43691563" timestamp="2016-11-16T08:02:08Z" user="mapper377" uid="2052336" lat="42.2784130" lon="-83.7406310"/>
 <node id="2038932893" visible="true" version="3" changeset="43779368" timestamp="2016-11-18T21:15:21Z" user="mapper377" uid="2052336" lat="42.2820816" lon="-83.7354809"/>
 <node id="2038932897" visible="true" version="3" changeset="43779368" timestamp="2016-11-18T21:15:21Z" user="mapper377" uid="2052336" lat="42.2821250" lon="-83.7354388"/>
 <node id="2038932902" visible="true" version="4" changeset="27192512" timestamp="2014-12-03T03:30:40Z" user="DougPeterson" uid="1469704" lat="42.2795857" lon="-83.7312039"/>
 <node id="2040284024" visible="true" version="3" changeset="42845018" timestamp="2016-10-13T01:43:29Z" user="mapper377" uid="2052336" lat="42.2775617" lon="-83.7421223"/>
 <node id="2040284032" visible="true" version="4" changeset="42845018" timestamp="2016-10-13T01:43:29Z" user="mapper377" uid="2052336" lat="42.2773745" lon="-83.7430842"/>
 <node id="2040284051" visible="true" version="2" changeset="19650109" timestamp="2013-12-26T19:40:02Z" user="AaronAsAChimp" uid="153711" lat="42.2774163" lon="-83.7421204"/>
 <node id="2040284054" visible="true" version="3" changeset="42845018" timestamp="2016-10-13T01:43:29Z" user="mapper377" uid="2052336" lat="42.2775566" lon="-83.7424661"/>
 <node id="2044154224" visible="true" version="3" changeset="19650109" timestamp="2013-12-26T19:40:03Z" user="AaronAsAChimp" uid="153711" lat="42.2848133" lon="-83.7349316"/>
 <node id="2044154234" visible="true" version="1" changeset="14113637" timestamp="2012-12-01T16:23:55Z" user="techlady" uid="104962" lat="42.2847588" lon="-83.7346954"/>
 <node id="2044154237" visible="true" version="1" changeset="14113637" timestamp="2012-12-01T16:23:55Z" user="techlady" uid="104962" lat="42.2845337" lon="-83.7352032"/>
 <node id="2044154280" visible="true" version="3" changeset="174286458" timestamp="2025-11-06T12:45:19Z" user="Hypsometric" uid="3307068" lat="42.2849653" lon="-83.7342696">
  <tag k="highway" v="turning_loop"/>
 </node>
 <node id="2044154287" visible="true" version="1" changeset="14113637" timestamp="2012-12-01T16:23:56Z" user="techlady" uid="104962" lat="42.2845703" lon="-83.7346927"/>
 <node id="2044154307" visible="true" version="2" changeset="27304111" timestamp="2014-12-07T03:02:26Z" user="DougPeterson" uid="1469704" lat="42.2845712" lon="-83.7348748"/>
 <node id="2044154326" visible="true" version="3" changeset="19650109" timestamp="2013-12-26T19:40:03Z" user="AaronAsAChimp" uid="153711" lat="42.2851398" lon="-83.7343982"/>
 <node id="2044154350" visible="true" version="1" changeset="14113637" timestamp="2012-12-01T16:23:56Z" user="techlady" uid="104962" lat="42.2846417" lon="-83.7348268"/>
 <node id="2044154369" visible="true" version="1" changeset="14113637" timestamp="2012-12-01T16:23:56Z" user="techlady" uid="104962" lat="42.2845266" lon="-83.7348697"/>
 <node id="2044154376" visible="true" version="1" changeset="14113637" timestamp="2012-12-01T16:23:56Z" user="techlady" uid="104962" lat="42.2849036" lon="-83.7344459"/>
 <node id="2044154392" visible="true" version="1" changeset="14113637" timestamp="2012-12-01T16:23:56Z" user="techlady" uid="104962" lat="42.2841577" lon="-83.7357561"/>
 <node id="2044154395" visible="true" version="1" changeset="14113637" timestamp="2012-12-01T16:23:56Z" user="techlady" uid="104962" lat="42.2845485" lon="-83.7347276"/>
 <node id="2044154446" visible="true" version="2" changeset="27304111" timestamp="2014-12-07T03:02:26Z" user="DougPeterson" uid="1469704" lat="42.2848555" lon="-83.7345565"/>
 <node id="2044154450" visible="true" version="1" changeset="14113637" timestamp="2012-12-01T16:23:57Z" user="techlady" uid="104962" lat="42.2845981" lon="-83.7346900"/>
 <node id="2044184825" visible="true" version="2" changeset="19650109" timestamp="2013-12-26T19:40:03Z" user="AaronAsAChimp" uid="153711" lat="42.2826540" lon="-83.7262153"/>
 <node id="2044184881" visible="true" version="2" changeset="19650109" timestamp="2013-12-26T19:40:03Z" user="AaronAsAChimp" uid="153711" lat="42.2838777" lon="-83.7269526"/>
 <node id="2044184884" visible="true" version="2" changeset="19650109" timestamp="2013-12-26T19:40:03Z" user="AaronAsAChimp" uid="153711" lat="42.2833065" lon="-83.7266228"/>
 <node id="2044184887" visible="true" version="2" changeset="19650109" timestamp="2013-12-26T19:40:03Z" user="AaronAsAChimp" uid="153711" lat="42.2815913" lon="-83.7264380"/>
 <node id="2044184893" visible="true" version="3" changeset="25107400" timestamp="2014-08-29T22:07:53Z" user="nkorth" uid="1884025" lat="42.2805503" lon="-83.7269948"/>
 <node id="2044184907" visible="true" version="2" changeset="19650109" timestamp="2013-12-26T19:40:03Z" user="AaronAsAChimp" uid="153711" lat="42.2810994" lon="-83.7266419"/>
 <node id="2044184914" visible="true" version="3" changeset="19650109" timestamp="2013-12-26T19:40:03Z" user="AaronAsAChimp" uid="153711" lat="42.2852627" lon="-83.7310977"/>
 <node id="2044184916" visible="true" version="2" changeset="19650109" timestamp="2013-12-26T19:40:03Z" user="AaronAsAChimp" uid="153711" lat="42.2820061" lon="-83.7261558"/>
 <node id="2262875487" visible="true" version="1" changeset="15691510" timestamp="2013-04-11T15:56:55Z" user="TimK UMSI MSU" uid="1222243" lat="42.2871454" lon="-83.7258381"/>
 <node id="2264452369" visible="true" version="3" changeset="77790875" timestamp="2019-12-01T20:43:11Z" user="clay_c" uid="119881" lat="42.2875478" lon="-83.7421459">
  <tag k="name" v="Ann Arbor"/>
  <tag k="network" v="Amtrak"/>
  <tag k="public_transport" v="stop_position"/>
  <tag k="railway" v="stop"/>
  <tag k="railway:ref" v="ARB"/>
  <tag k="train" v="yes"/>
 </node>
 <node id="2324516503" visible="true" version="1" changeset="16340355" timestamp="2013-05-29T16:51:18Z" user="miqrogroove" uid="713233" lat="42.2870314" lon="-83.7351590"/>
 <node id="2324517600" visible="true" version="1" changeset="16340355" timestamp="2013-05-29T16:53:21Z" user="miqrogroove" uid="713233" lat="42.2846919" lon="-83.7358108"/>
 <node id="2324517601" visible="true" version="1" changeset="16340355" timestamp="2013-05-29T16:53:21Z" user="miqrogroove" uid="713233" lat="42.2855253" lon="-83.7358644"/>
 <node id="2324517603" visible="true" version="1" changeset="16340355" timestamp="2013-05-29T16:53:21Z" user="miqrogroove" uid="713233" lat="42.2866425" lon="-83.7355144"/>
 <node id="2324517605" visible="true" version="1" changeset="16340355" timestamp="2013-05-29T16:53:21Z" user="miqrogroove" uid="713233" lat="42.2859586" lon="-83.7358252"/>
 <node id="2324517607" visible="true" version="1" changeset="16340355" timestamp="2013-05-29T16:53:21Z" user="miqrogroove" uid="713233" lat="42.2863518" lon="-83.7358014"/>
 <node id="2324517608" visible="true" version="1" changeset="16340355" timestamp="2013-05-29T16:53:21Z" user="miqrogroove" uid="713233" lat="42.2856751" lon="-83.7358497"/>
 <node id="2342170513" visible="true" version="4" changeset="49877094" timestamp="2017-06-28T02:00:02Z" user="IanH" uid="306962" lat="42.2859475" lon="-83.7342347"/>
 <node id="2342170516" visible="true" version="3" changeset="44419098" timestamp="2016-12-15T10:03:15Z" user="DougPeterson" uid="1469704" lat="42.2859170" lon="-83.7354816"/>
 <node id="2342170517" visible="true" version="3" changeset="44419098" timestamp="2016-12-15T10:03:15Z" user="DougPeterson" uid="1469704" lat="42.2859229" lon="-83.7360918"/>
 <node id="2342170523" visible="true" version="3" changeset="44419098" timestamp="2016-12-15T10:03:15Z" user="DougPeterson" uid="1469704" lat="42.2862703" lon="-83.7334711"/>
 <node id="2342170525" visible="true" version="3" changeset="44419098" timestamp="2016-12-15T10:03:15Z" user="DougPeterson" uid="1469704" lat="42.2859786" lon="-83.7367127"/>
 <node id="2342170528" visible="true" version="4" changeset="76405524" timestamp="2019-10-30T16:26:45Z" user="lmum" uid="1084189" lat="42.2860437" lon="-83.7373694"/>
 <node id="2342170530" visible="true" version="4" changeset="76405524" timestamp="2019-10-30T16:26:45Z" user="lmum" uid="1084189" lat="42.2862023" lon="-83.7379594"/>
 <node id="2342170531" visible="true" version="3" changeset="44419098" timestamp="2016-12-15T10:03:15Z" user="DougPeterson" uid="1469704" lat="42.2864334" lon="-83.7330651"/>
 <node id="2342170532" visible="true" version="4" changeset="76405524" timestamp="2019-10-30T16:26:45Z" user="lmum" uid="1084189" lat="42.2864238" lon="-83.7385677"/>
 <node id="2342170533" visible="true" version="3" changeset="44419098" timestamp="2016-12-15T10:03:15Z" user="DougPeterson" uid="1469704" lat="42.2865061" lon="-83.7328389"/>
 <node id="2342170535" visible="true" version="4" changeset="76405524" timestamp="2019-10-30T16:26:45Z" user="lmum" uid="1084189" lat="42.2866636" lon="-83.7392070"/>
 <node id="2342170536" visible="true" version="2" changeset="16526727" timestamp="2013-06-12T17:21:42Z" user="techlady" uid="104962" lat="42.2865450" lon="-83.7327695"/>
 <node id="2342170538" visible="true" version="3" changeset="44419098" timestamp="2016-12-15T10:03:15Z" user="DougPeterson" uid="1469704" lat="42.2865845" lon="-83.7327408"/>
 <node id="2342170543" visible="true" version="3" changeset="44419098" timestamp="2016-12-15T10:03:15Z" user="DougPeterson" uid="1469704" lat="42.2868362" lon="-83.7328528"/>
 <node id="2342170545" visible="true" version="3" changeset="154828702" timestamp="2024-08-04T20:03:08Z" user="mapper377" uid="2052336" lat="42.2869579" lon="-83.7329053"/>
 <node id="2342170547" visible="true" version="3" changeset="154828702" timestamp="2024-08-04T20:03:08Z" user="mapper377" uid="2052336" lat="42.2870616" lon="-83.7329741"/>
 <node id="2342170548" visible="true" version="3" changeset="39427477" timestamp="2016-05-19T15:23:32Z" user="mapper377" uid="2052336" lat="42.2871035" lon="-83.7330089"/>
 <node id="2342202462" visible="true" version="1" changeset="16526727" timestamp="2013-06-12T17:21:41Z" user="techlady" uid="104962" lat="42.2870178" lon="-83.7392517"/>
 <node id="2342819561" visible="true" version="1" changeset="16531379" timestamp="2013-06-13T00:19:30Z" user="techlady" uid="104962" lat="42.2903244" lon="-83.7281279"/>
 <node id="2342822254" visible="true" version="2" changeset="19650109" timestamp="2013-12-26T19:40:03Z" user="AaronAsAChimp" uid="153711" lat="42.2852611" lon="-83.7328946"/>
 <node id="2342822255" visible="true" version="2" changeset="19650109" timestamp="2013-12-26T19:40:03Z" user="AaronAsAChimp" uid="153711" lat="42.2853169" lon="-83.7320354"/>
 <node id="2342822256" visible="true" version="3" changeset="19650109" timestamp="2013-12-26T19:40:03Z" user="AaronAsAChimp" uid="153711" lat="42.2852115" lon="-83.7341109"/>
 <node id="2342822257" visible="true" version="2" changeset="19650109" timestamp="2013-12-26T19:40:03Z" user="AaronAsAChimp" uid="153711" lat="42.2853493" lon="-83.7315574"/>
 <node id="3049411094" visible="true" version="2" changeset="49877094" timestamp="2017-06-28T02:00:02Z" user="IanH" uid="306962" lat="42.2822494" lon="-83.7263139"/>
 <node id="3049411095" visible="true" version="2" changeset="49877094" timestamp="2017-06-28T02:00:02Z" user="IanH" uid="306962" lat="42.2821240" lon="-83.7263139"/>
 <node id="3049411096" visible="true" version="2" changeset="49877094" timestamp="2017-06-28T02:00:02Z" user="IanH" uid="306962" lat="42.2820264" lon="-83.7263403"/>
 <node id="3049411097" visible="true" version="2" changeset="49877094" timestamp="2017-06-28T02:00:02Z" user="IanH" uid="306962" lat="42.2819203" lon="-83.7263898"/>
 <node id="3049411098" visible="true" version="2" changeset="49877094" timestamp="2017-06-28T02:00:02Z" user="IanH" uid="306962" lat="42.2818286" lon="-83.7264571"/>
 <node id="3049411099" visible="true" version="2" changeset="49877094" timestamp="2017-06-28T02:00:02Z" user="IanH" uid="306962" lat="42.2817450" lon="-83.7265550"/>
 <node id="3049625728" visible="true" version="2" changeset="27192512" timestamp="2014-12-03T03:30:41Z" user="DougPeterson" uid="1469704" lat="42.2801743" lon="-83.7269629"/>
 <node id="3064171280" visible="true" version="2" changeset="41086250" timestamp="2016-07-28T13:41:04Z" user="y2h" uid="4323620" lat="42.2844232" lon="-83.7344646"/>
 <node id="3064171281" visible="true" version="2" changeset="41086250" timestamp="2016-07-28T13:41:04Z" user="y2h" uid="4323620" lat="42.2850792" lon="-83.7333762"/>
 <node id="3064171282" visible="true" version="2" changeset="41086250" timestamp="2016-07-28T13:41:04Z" user="y2h" uid="4323620" lat="42.2844103" lon="-83.7349595"/>
 <node id="3064171283" visible="true" version="2" changeset="41086250" timestamp="2016-07-28T13:41:04Z" user="y2h" uid="4323620" lat="42.2839770" lon="-83.7349673"/>
 <node id="3064171284" visible="true" version="2" changeset="41086250" timestamp="2016-07-28T13:41:04Z" user="y2h" uid="4323620" lat="42.2839773" lon="-83.7348099"/>
 <node id="3064171292" visible="true" version="2" changeset="41086250" timestamp="2016-07-28T13:41:04Z" user="y2h" uid="4323620" lat="42.2847437" lon="-83.7344656"/>
 <node id="3064171293" visible="true" version="2" changeset="41086250" timestamp="2016-07-28T13:41:04Z" user="y2h" uid="4323620" lat="42.2847513" lon="-83.7339777"/>
 <node id="3064171294" visible="true" version="2" changeset="41086250" timestamp="2016-07-28T13:41:04Z" user="y2h" uid="4323620" lat="42.2851320" lon="-83.7339812"/>
 <node id="3064171295" visible="true" version="2" changeset="41086250" timestamp="2016-07-28T13:41:04Z" user="y2h" uid="4323620" lat="42.2851415" lon="-83.7334420"/>
 <node id="3064171303" visible="true" version="2" changeset="41086250" timestamp="2016-07-28T13:41:04Z" user="y2h" uid="4323620" lat="42.2845863" lon="-83.7339150"/>
 <node id="3064171304" visible="true" version="2" changeset="41086250" timestamp="2016-07-28T13:41:04Z" user="y2h" uid="4323620" lat="42.2846708" lon="-83.7339139"/>
 <node id="3065664544" visible="true" version="1" changeset="25292981" timestamp="2014-09-07T18:45:01Z" user="nkorth" uid="1884025" lat="42.2831463" lon="-83.7334777"/>
 <node id="3065664545" visible="true" version="1" changeset="25292981" timestamp="2014-09-07T18:45:01Z" user="nkorth" uid="1884025" lat="42.2824095" lon="-83.7334614"/>
 <node id="3065664546" visible="true" version="2" changeset="58346523" timestamp="2018-04-23T17:34:07Z" user="maxerickson" uid="360392" lat="42.2824595" lon="-83.7315072"/>
 <node id="3065664547" visible="true" version="2" changeset="58346523" timestamp="2018-04-23T17:34:07Z" user="maxerickson" uid="360392" lat="42.2825508" lon="-83.7311853"/>
 <node id="3065664548" visible="true" version="1" changeset="25292981" timestamp="2014-09-07T18:45:01Z" user="nkorth" uid="1884025" lat="42.2825336" lon="-83.7310007"/>
 <node id="3065664549" visible="true" version="2" changeset="58346523" timestamp="2018-04-23T17:34:07Z" user="maxerickson" uid="360392" lat="42.2824311" lon="-83.7309066"/>
 <node id="3065664550" visible="true" version="2" changeset="57228135" timestamp="2018-03-16T00:43:51Z" user="Aaarbie" uid="7772397" lat="42.2823600" lon="-83.7308996"/>
 <node id="3065664551" visible="true" version="2" changeset="57228135" timestamp="2018-03-16T00:43:51Z" user="Aaarbie" uid="7772397" lat="42.2821447" lon="-83.7309944"/>
 <node id="3065664552" visible="true" version="3" changeset="63286993" timestamp="2018-10-07T18:57:44Z" user="ttwQbZ" uid="8919444" lat="42.2816639" lon="-83.7309722"/>
 <node id="3065664553" visible="true" version="3" changeset="63286993" timestamp="2018-10-07T18:57:44Z" user="ttwQbZ" uid="8919444" lat="42.2815436" lon="-83.7309106"/>
 <node id="3065664554" visible="true" version="4" changeset="63286993" timestamp="2018-10-07T18:57:44Z" user="ttwQbZ" uid="8919444" lat="42.2814935" lon="-83.7307027"/>
 <node id="3066931696" visible="true" version="1" changeset="25311408" timestamp="2014-09-08T16:49:51Z" user="nkorth" uid="1884025" lat="42.2850197" lon="-83.7355682"/>
 <node id="3066931697" visible="true" version="2" changeset="168474141" timestamp="2025-07-04T08:08:38Z" user="torapa" uid="5446055" lat="42.2849171" lon="-83.7363446"/>
 <node id="3066931698" visible="true" version="1" changeset="25311408" timestamp="2014-09-08T16:49:51Z" user="nkorth" uid="1884025" lat="42.2854850" lon="-83.7364067"/>
 <node id="3066931699" visible="true" version="1" changeset="25311408" timestamp="2014-09-08T16:49:51Z" user="nkorth" uid="1884025" lat="42.2857509" lon="-83.7377444"/>
 <node id="3066931700" visible="true" version="1" changeset="25311408" timestamp="2014-09-08T16:49:51Z" user="nkorth" uid="1884025" lat="42.2853816" lon="-83.7378342"/>
 <node id="3066931701" visible="true" version="2" changeset="80409917" timestamp="2020-02-01T13:36:18Z" user="lmum" uid="1084189" lat="42.2849561" lon="-83.7389659"/>
 <node id="3066931702" visible="true" version="1" changeset="25311408" timestamp="2014-09-08T16:49:51Z" user="nkorth" uid="1884025" lat="42.2859060" lon="-83.7386428"/>
 <node id="3066931703" visible="true" version="1" changeset="25311408" timestamp="2014-09-08T16:49:51Z" user="nkorth" uid="1884025" lat="42.2858690" lon="-83.7384432"/>
 <node id="3066931704" visible="true" version="1" changeset="25311408" timestamp="2014-09-08T16:49:51Z" user="nkorth" uid="1884025" lat="42.2855293" lon="-83.7385031"/>
 <node id="3196331789" visible="true" version="1" changeset="26897731" timestamp="2014-11-19T23:09:21Z" user="jcplantin" uid="364236" lat="42.2803435" lon="-83.7404305"/>
 <node id="3196331790" visible="true" version="2" changeset="43779368" timestamp="2016-11-18T21:15:21Z" user="mapper377" uid="2052336" lat="42.2803379" lon="-83.7407242"/>
 <node id="3216886665" visible="true" version="1" changeset="27192512" timestamp="2014-12-03T03:30:31Z" user="DougPeterson" uid="1469704" lat="42.2795985" lon="-83.7303243"/>
 <node id="3216886699" visible="true" version="1" changeset="27192512" timestamp="2014-12-03T03:30:31Z" user="DougPeterson" uid="1469704" lat="42.2800624" lon="-83.7303367"/>
 <node id="3222750872" visible="true" version="1" changeset="27304111" timestamp="2014-12-07T03:02:18Z" user="DougPeterson" uid="1469704" lat="42.2846020" lon="-83.7349730"/>
 <node id="3222750879" visible="true" version="1" changeset="27304111" timestamp="2014-12-07T03:02:18Z" user="DougPeterson" uid="1469704" lat="42.2847098" lon="-83.7348832"/>
 <node id="3222750884" visible="true" version="1" changeset="27304111" timestamp="2014-12-07T03:02:18Z" user="DougPeterson" uid="1469704" lat="42.2848131" lon="-83.7347727"/>
 <node id="3222750890" visible="true" version="1" changeset="27304111" timestamp="2014-12-07T03:02:18Z" user="DougPeterson" uid="1469704" lat="42.2849002" lon="-83.7346379"/>
 <node id="3222750893" visible="true" version="1" changeset="27304111" timestamp="2014-12-07T03:02:18Z" user="DougPeterson" uid="1469704" lat="42.2849685" lon="-83.7345031"/>
 <node id="3222750917" visible="true" version="6" changeset="167913625" timestamp="2025-06-21T13:16:54Z" user="lmum" uid="1084189" lat="42.2852502" lon="-83.7351723">
  <tag k="button_operated" v="yes"/>
  <tag k="crossing:island" v="no"/>
  <tag k="crossing:signals" v="yes"/>
  <tag k="highway" v="crossing"/>
  <tag k="tactile_paving" v="yes"/>
 </node>
 <node id="3266930128" visible="true" version="2" changeset="58797220" timestamp="2018-05-08T18:49:30Z" user="Aaarbie" uid="7772397" lat="42.2839625" lon="-83.7183808"/>
 <node id="3800100114" visible="true" version="1" changeset="34832487" timestamp="2015-10-24T00:14:27Z" user="DougPeterson" uid="1469704" lat="42.2837517" lon="-83.7188239"/>
 <node id="3891251592" visible="true" version="1" changeset="35938170" timestamp="2015-12-14T05:42:05Z" user="Joshua Garner" uid="2135234" lat="42.2859725" lon="-83.7375278"/>
 <node id="3891251594" visible="true" version="1" changeset="35938170" timestamp="2015-12-14T05:42:05Z" user="Joshua Garner" uid="2135234" lat="42.2856276" lon="-83.7263696"/>
 <node id="4325241097" visible="true" version="1" changeset="41086250" timestamp="2016-07-28T13:41:03Z" user="y2h" uid="4323620" lat="42.2845841" lon="-83.7340062"/>
 <node id="4325241098" visible="true" version="3" changeset="116003189" timestamp="2022-01-11T00:40:34Z" user="yamanq" uid="13624358" lat="42.2846769" lon="-83.7335599"/>
 <node id="4325241107" visible="true" version="1" changeset="41086250" timestamp="2016-07-28T13:41:04Z" user="y2h" uid="4323620" lat="42.2849337" lon="-83.7335677"/>
 <node id="4325241108" visible="true" version="1" changeset="41086250" timestamp="2016-07-28T13:41:04Z" user="y2h" uid="4323620" lat="42.2847702" lon="-83.7333505"/>
 <node id="4326923391" visible="true" version="1" changeset="41110712" timestamp="2016-07-29T14:19:34Z" user="y2h" uid="4323620" lat="42.2846786" lon="-83.7334588"/>
 <node id="4351262546" visible="true" version="1" changeset="41468957" timestamp="2016-08-15T14:47:18Z" user="mapper377" uid="2052336" lat="42.2736312" lon="-83.7433613"/>
 <node id="4351262559" visible="true" version="1" changeset="41468957" timestamp="2016-08-15T14:47:18Z" user="mapper377" uid="2052336" lat="42.2740887" lon="-83.7438843"/>
 <node id="4351262560" visible="true" version="1" changeset="41468957" timestamp="2016-08-15T14:47:18Z" user="mapper377" uid="2052336" lat="42.2742882" lon="-83.7440882"/>
 <node id="4351262561" visible="true" version="1" changeset="41468957" timestamp="2016-08-15T14:47:18Z" user="mapper377" uid="2052336" lat="42.2743715" lon="-83.7441753"/>
 <node id="4351262562" visible="true" version="2" changeset="42845688" timestamp="2016-10-13T02:55:45Z" user="mapper377" uid="2052336" lat="42.2759195" lon="-83.7440989"/>
 <node id="4351262563" visible="true" version="2" changeset="42845688" timestamp="2016-10-13T02:55:45Z" user="mapper377" uid="2052336" lat="42.2759275" lon="-83.7430501"/>
 <node id="4351262564" visible="true" version="1" changeset="41468957" timestamp="2016-08-15T14:47:18Z" user="mapper377" uid="2052336" lat="42.2762748" lon="-83.7441016"/>
 <node id="4351262565" visible="true" version="2" changeset="42845688" timestamp="2016-10-13T02:55:45Z" user="mapper377" uid="2052336" lat="42.2762728" lon="-83.7430582"/>
 <node id="4351262580" visible="true" version="1" changeset="41468957" timestamp="2016-08-15T14:47:19Z" user="mapper377" uid="2052336" lat="42.2771738" lon="-83.7440747"/>
 <node id="4351262581" visible="true" version="2" changeset="42845018" timestamp="2016-10-13T01:43:30Z" user="mapper377" uid="2052336" lat="42.2771867" lon="-83.7430790"/>
 <node id="4393371181" visible="true" version="3" changeset="115999326" timestamp="2022-01-10T21:38:26Z" user="yamanq" uid="13624358" lat="42.2855507" lon="-83.7354246"/>
 <node id="4393371182" visible="true" version="3" changeset="115999326" timestamp="2022-01-10T21:38:26Z" user="yamanq" uid="13624358" lat="42.2856022" lon="-83.7355898"/>
 <node id="4509271723" visible="true" version="2" changeset="179054121" timestamp="2026-02-25T19:25:23Z" user="CurlConnoisseur" uid="21683308" lat="42.2818210" lon="-83.7357068"/>
 <node id="4509271735" visible="true" version="1" changeset="43779368" timestamp="2016-11-18T21:15:15Z" user="mapper377" uid="2052336" lat="42.2821441" lon="-83.7354170"/>
 <node id="4509271736" visible="true" version="1" changeset="43779368" timestamp="2016-11-18T21:15:15Z" user="mapper377" uid="2052336" lat="42.2821104" lon="-83.7354626"/>
 <node id="4509271737" visible="true" version="2" changeset="179054121" timestamp="2026-02-25T19:25:23Z" user="CurlConnoisseur" uid="21683308" lat="42.2813972" lon="-83.7370573"/>
 <node id="4509271739" visible="true" version="2" changeset="179054121" timestamp="2026-02-25T19:25:23Z" user="CurlConnoisseur" uid="21683308" lat="42.2818213" lon="-83.7354626"/>
 <node id="4555402450" visible="true" version="2" changeset="76405524" timestamp="2019-10-30T16:26:45Z" user="lmum" uid="1084189" lat="42.2860183" lon="-83.7365142"/>
 <node id="4555402451" visible="true" version="1" changeset="44419098" timestamp="2016-12-15T10:03:09Z" user="DougPeterson" uid="1469704" lat="42.2871213" lon="-83.7330275"/>
 <node id="4636754022" visible="true" version="1" changeset="45542986" timestamp="2017-01-27T05:20:08Z" user="NateS" uid="5204667" lat="42.2854661" lon="-83.7362601"/>
 <node id="4636754023" visible="true" version="1" changeset="45542986" timestamp="2017-01-27T05:20:08Z" user="NateS" uid="5204667" lat="42.2853034" lon="-83.7362521"/>
 <node id="4636754024" visible="true" version="1" changeset="45542986" timestamp="2017-01-27T05:20:08Z" user="NateS" uid="5204667" lat="42.2853173" lon="-83.7359463"/>
 <node id="4636754025" visible="true" version="1" changeset="45542986" timestamp="2017-01-27T05:20:08Z" user="NateS" uid="5204667" lat="42.2854740" lon="-83.7359490"/>
 <node id="4636755100" visible="true" version="2" changeset="115999154" timestamp="2022-01-10T21:32:07Z" user="yamanq" uid="13624358" lat="42.2851176" lon="-83.7359016"/>
 <node id="4636755101" visible="true" version="2" changeset="115999154" timestamp="2022-01-10T21:32:07Z" user="yamanq" uid="13624358" lat="42.2851160" lon="-83.7360728"/>
 <node id="4636755102" visible="true" version="2" changeset="115999154" timestamp="2022-01-10T21:32:07Z" user="yamanq" uid="13624358" lat="42.2850703" lon="-83.7360720"/>
 <node id="4636755103" visible="true" version="2" changeset="115999154" timestamp="2022-01-10T21:32:07Z" user="yamanq" uid="13624358" lat="42.2850701" lon="-83.7361037"/>
 <node id="4636755104" visible="true" version="2" changeset="115999154" timestamp="2022-01-10T21:32:07Z" user="yamanq" uid="13624358" lat="42.2849902" lon="-83.7361889"/>
 <node id="4636755105" visible="true" version="2" changeset="115999154" timestamp="2022-01-10T21:32:07Z" user="yamanq" uid="13624358" lat="42.2849790" lon="-83.7361477"/>
 <node id="4636755106" visible="true" version="2" changeset="115999154" timestamp="2022-01-10T21:32:07Z" user="yamanq" uid="13624358" lat="42.2850537" lon="-83.7359380"/>
 <node id="4636755107" visible="true" version="2" changeset="115999154" timestamp="2022-01-10T21:32:07Z" user="yamanq" uid="13624358" lat="42.2850540" lon="-83.7359005"/>
 <node id="4646094456" visible="true" version="1" changeset="45667697" timestamp="2017-01-30T22:40:05Z" user="Johnny Mapperseed" uid="1723055" lat="42.2839210" lon="-83.7357346"/>
 <node id="4728721044" visible="true" version="1" changeset="46754982" timestamp="2017-03-11T04:45:26Z" user="IanH" uid="306962" lat="42.2775318" lon="-83.7340907"/>
 <node id="4728721045" visible="true" version="1" changeset="46754982" timestamp="2017-03-11T04:45:26Z" user="IanH" uid="306962" lat="42.2775174" lon="-83.7339215"/>
 <node id="4913050254" visible="true" version="1" changeset="49503668" timestamp="2017-06-13T15:16:42Z" user="zaizone" uid="1122708" lat="42.2848539" lon="-83.7274836"/>
 <node id="4913050255" visible="true" version="1" changeset="49503668" timestamp="2017-06-13T15:16:42Z" user="zaizone" uid="1122708" lat="42.2845261" lon="-83.7272532"/>
 <node id="4939302590" visible="true" version="2" changeset="111877462" timestamp="2021-09-29T17:03:26Z" user="ChaireMobiliteKaligrafy" uid="549389" lat="42.2865671" lon="-83.7404964"/>
 <node id="4939302593" visible="true" version="1" changeset="49876628" timestamp="2017-06-28T00:53:18Z" user="IanH" uid="306962" lat="42.2864533" lon="-83.7405680"/>
 <node id="4939302597" visible="true" version="1" changeset="49876628" timestamp="2017-06-28T00:53:18Z" user="IanH" uid="306962" lat="42.2858326" lon="-83.7378778"/>
 <node id="4939302598" visible="true" version="1" changeset="49876628" timestamp="2017-06-28T00:53:18Z" user="IanH" uid="306962" lat="42.2856322" lon="-83.7370007"/>
 <node id="4939302599" visible="true" version="1" changeset="49876628" timestamp="2017-06-28T00:53:18Z" user="IanH" uid="306962" lat="42.2855995" lon="-83.7368411"/>
 <node id="4939302600" visible="true" version="1" changeset="49876628" timestamp="2017-06-28T00:53:18Z" user="IanH" uid="306962" lat="42.2855399" lon="-83.7363637"/>
 <node id="4939302601" visible="true" version="1" changeset="49876628" timestamp="2017-06-28T00:53:18Z" user="IanH" uid="306962" lat="42.2855380" lon="-83.7362269"/>
 <node id="4939302602" visible="true" version="3" changeset="167913639" timestamp="2025-06-21T13:17:06Z" user="lmum" uid="1084189" lat="42.2855499" lon="-83.7358286">
  <tag k="barrier" v="kerb"/>
  <tag k="kerb" v="lowered"/>
  <tag k="tactile_paving" v="no"/>
 </node>
 <node id="4939302603" visible="true" version="1" changeset="49876628" timestamp="2017-06-28T00:53:18Z" user="IanH" uid="306962" lat="42.2855494" lon="-83.7358436"/>
 <node id="4939302604" visible="true" version="1" changeset="49876628" timestamp="2017-06-28T00:53:18Z" user="IanH" uid="306962" lat="42.2855300" lon="-83.7358232"/>
 <node id="4939302605" visible="true" version="1" changeset="49876628" timestamp="2017-06-28T00:53:18Z" user="IanH" uid="306962" lat="42.2855032" lon="-83.7358312"/>
 <node id="4939302606" visible="true" version="1" changeset="49876628" timestamp="2017-06-28T00:53:18Z" user="IanH" uid="306962" lat="42.2854715" lon="-83.7358446"/>
 <node id="4939302607" visible="true" version="1" changeset="49876628" timestamp="2017-06-28T00:53:18Z" user="IanH" uid="306962" lat="42.2853187" lon="-83.7358366"/>
 <node id="4939302608" visible="true" version="1" changeset="49876628" timestamp="2017-06-28T00:53:18Z" user="IanH" uid="306962" lat="42.2852748" lon="-83.7358581"/>
 <node id="4939302609" visible="true" version="1" changeset="49876628" timestamp="2017-06-28T00:53:18Z" user="IanH" uid="306962" lat="42.2849960" lon="-83.7358428"/>
 <node id="4939302610" visible="true" version="1" changeset="49876628" timestamp="2017-06-28T00:53:18Z" user="IanH" uid="306962" lat="42.2849493" lon="-83.7358420"/>
 <node id="4939302611" visible="true" version="1" changeset="49876628" timestamp="2017-06-28T00:53:18Z" user="IanH" uid="306962" lat="42.2848775" lon="-83.7358397"/>
 <node id="4939302612" visible="true" version="1" changeset="49876628" timestamp="2017-06-28T00:53:18Z" user="IanH" uid="306962" lat="42.2847755" lon="-83.7358805"/>
 <node id="4939302613" visible="true" version="2" changeset="63294633" timestamp="2018-10-08T03:36:38Z" user="ttwQbZ" uid="8919444" lat="42.2841716" lon="-83.7362463"/>
 <node id="4939302614" visible="true" version="2" changeset="63294633" timestamp="2018-10-08T03:36:38Z" user="ttwQbZ" uid="8919444" lat="42.2840795" lon="-83.7362457"/>
 <node id="4939302615" visible="true" version="2" changeset="63294633" timestamp="2018-10-08T03:36:38Z" user="ttwQbZ" uid="8919444" lat="42.2839939" lon="-83.7362414"/>
 <node id="4939302619" visible="true" version="1" changeset="49876628" timestamp="2017-06-28T00:53:18Z" user="IanH" uid="306962" lat="42.2839987" lon="-83.7358447"/>
 <node id="4939302620" visible="true" version="1" changeset="49876628" timestamp="2017-06-28T00:53:18Z" user="IanH" uid="306962" lat="42.2841742" lon="-83.7358539"/>
 <node id="4939302721" visible="true" version="1" changeset="49876628" timestamp="2017-06-28T00:53:18Z" user="IanH" uid="306962" lat="42.2843007" lon="-83.7358447"/>
 <node id="4939302722" visible="true" version="1" changeset="49876628" timestamp="2017-06-28T00:53:18Z" user="IanH" uid="306962" lat="42.2844830" lon="-83.7358138"/>
 <node id="4939302723" visible="true" version="1" changeset="49876628" timestamp="2017-06-28T00:53:18Z" user="IanH" uid="306962" lat="42.2845696" lon="-83.7357907"/>
 <node id="4939302724" visible="true" version="1" changeset="49876628" timestamp="2017-06-28T00:53:18Z" user="IanH" uid="306962" lat="42.2847110" lon="-83.7357445"/>
 <node id="4939302725" visible="true" version="1" changeset="49876628" timestamp="2017-06-28T00:53:18Z" user="IanH" uid="306962" lat="42.2848728" lon="-83.7356629"/>
 <node id="4939302726" visible="true" version="1" changeset="49876628" timestamp="2017-06-28T00:53:18Z" user="IanH" uid="306962" lat="42.2849720" lon="-83.7355982"/>
 <node id="4939302727" visible="true" version="1" changeset="49876628" timestamp="2017-06-28T00:53:18Z" user="IanH" uid="306962" lat="42.2851201" lon="-83.7354888"/>
 <node id="4939302728" visible="true" version="1" changeset="49876628" timestamp="2017-06-28T00:53:18Z" user="IanH" uid="306962" lat="42.2852717" lon="-83.7353424"/>
 <node id="4939302729" visible="true" version="1" changeset="49876628" timestamp="2017-06-28T00:53:18Z" user="IanH" uid="306962" lat="42.2853139" lon="-83.7353039"/>
 <node id="4939302730" visible="true" version="1" changeset="49876628" timestamp="2017-06-28T00:53:18Z" user="IanH" uid="306962" lat="42.2853520" lon="-83.7352893"/>
 <node id="4939302731" visible="true" version="1" changeset="49876628" timestamp="2017-06-28T00:53:18Z" user="IanH" uid="306962" lat="42.2853999" lon="-83.7353132"/>
 <node id="4939302732" visible="true" version="1" changeset="49876628" timestamp="2017-06-28T00:53:18Z" user="IanH" uid="306962" lat="42.2854233" lon="-83.7353324"/>
 <node id="4939302733" visible="true" version="1" changeset="49876628" timestamp="2017-06-28T00:53:18Z" user="IanH" uid="306962" lat="42.2854466" lon="-83.7353709"/>
 <node id="4939302734" visible="true" version="1" changeset="49876628" timestamp="2017-06-28T00:53:18Z" user="IanH" uid="306962" lat="42.2855031" lon="-83.7355350"/>
 <node id="4939302735" visible="true" version="3" changeset="167913639" timestamp="2025-06-21T13:17:08Z" user="lmum" uid="1084189" lat="42.2855276" lon="-83.7356513">
  <tag k="barrier" v="kerb"/>
  <tag k="kerb" v="lowered"/>
  <tag k="tactile_paving" v="yes"/>
 </node>
 <node id="4939302736" visible="true" version="4" changeset="167913500" timestamp="2025-06-21T13:17:16Z" user="lmum" uid="1084189" lat="42.2855434" lon="-83.7357434">
  <tag k="crossing:signals" v="no"/>
  <tag k="highway" v="crossing"/>
 </node>
 <node id="4939310018" visible="true" version="8" changeset="174350752" timestamp="2025-11-07T20:31:29Z" user="bjanevic" uid="21821241" lat="42.2854183" lon="-83.7352024">
  <tag k="crossing" v="traffic_signals"/>
  <tag k="crossing:island" v="no"/>
  <tag k="crossing:markings" v="zebra"/>
  <tag k="crossing:signals" v="yes"/>
  <tag k="highway" v="crossing"/>
  <tag k="tactile_paving" v="yes"/>
 </node>
 <node id="4939310019" visible="true" version="3" changeset="107803357" timestamp="2021-07-12T03:03:46Z" user="aqalieh" uid="411620" lat="42.2855182" lon="-83.7350780">
  <tag k="barrier" v="kerb"/>
  <tag k="kerb" v="lowered"/>
  <tag k="tactile_paving" v="yes"/>
 </node>
 <node id="4939310020" visible="true" version="2" changeset="64259207" timestamp="2018-11-07T11:32:59Z" user="mapper377" uid="2052336" lat="42.2856534" lon="-83.7347785"/>
 <node id="4939310221" visible="true" version="3" changeset="64259207" timestamp="2018-11-07T11:32:59Z" user="mapper377" uid="2052336" lat="42.2857736" lon="-83.7345202"/>
 <node id="4939310222" visible="true" version="3" changeset="64259207" timestamp="2018-11-07T11:32:59Z" user="mapper377" uid="2052336" lat="42.2859593" lon="-83.7341212"/>
 <node id="4939310274" visible="true" version="2" changeset="49877094" timestamp="2017-06-28T02:00:02Z" user="IanH" uid="306962" lat="42.2852033" lon="-83.7350974"/>
 <node id="4939334654" visible="true" version="2" changeset="64259207" timestamp="2018-11-07T11:32:59Z" user="mapper377" uid="2052336" lat="42.2857486" lon="-83.7341143"/>
 <node id="4939334655" visible="true" version="2" changeset="64259207" timestamp="2018-11-07T11:32:59Z" user="mapper377" uid="2052336" lat="42.2860196" lon="-83.7339918"/>
 <node id="4939334656" visible="true" version="2" changeset="64259207" timestamp="2018-11-07T11:32:59Z" user="mapper377" uid="2052336" lat="42.2860212" lon="-83.7334932"/>
 <node id="4939334657" visible="true" version="2" changeset="64259207" timestamp="2018-11-07T11:32:59Z" user="mapper377" uid="2052336" lat="42.2858773" lon="-83.7342975"/>
 <node id="4939334658" visible="true" version="2" changeset="64259207" timestamp="2018-11-07T11:32:59Z" user="mapper377" uid="2052336" lat="42.2856542" lon="-83.7343294"/>
 <node id="4939334659" visible="true" version="2" changeset="64259207" timestamp="2018-11-07T11:32:59Z" user="mapper377" uid="2052336" lat="42.2853609" lon="-83.7348834"/>
 <node id="4939334660" visible="true" version="2" changeset="64259207" timestamp="2018-11-07T11:32:59Z" user="mapper377" uid="2052336" lat="42.2854830" lon="-83.7346753"/>
 <node id="4939334661" visible="true" version="1" changeset="49877094" timestamp="2017-06-28T01:59:55Z" user="IanH" uid="306962" lat="42.2850854" lon="-83.7352191"/>
 <node id="4939334662" visible="true" version="1" changeset="49877094" timestamp="2017-06-28T01:59:56Z" user="IanH" uid="306962" lat="42.2848871" lon="-83.7353777"/>
 <node id="4939334663" visible="true" version="1" changeset="49877094" timestamp="2017-06-28T01:59:56Z" user="IanH" uid="306962" lat="42.2847036" lon="-83.7354809"/>
 <node id="4939334664" visible="true" version="1" changeset="49877094" timestamp="2017-06-28T01:59:56Z" user="IanH" uid="306962" lat="42.2845235" lon="-83.7355688"/>
 <node id="4939334665" visible="true" version="1" changeset="49877094" timestamp="2017-06-28T01:59:56Z" user="IanH" uid="306962" lat="42.2843480" lon="-83.7356288"/>
 <node id="4939334666" visible="true" version="1" changeset="49877094" timestamp="2017-06-28T01:59:56Z" user="IanH" uid="306962" lat="42.2842283" lon="-83.7356442"/>
 <node id="4939334667" visible="true" version="1" changeset="49877094" timestamp="2017-06-28T01:59:56Z" user="IanH" uid="306962" lat="42.2840745" lon="-83.7356396"/>
 <node id="4939334668" visible="true" version="1" changeset="49877094" timestamp="2017-06-28T01:59:56Z" user="IanH" uid="306962" lat="42.2834818" lon="-83.7355842"/>
 <node id="4939334669" visible="true" version="1" changeset="49877094" timestamp="2017-06-28T01:59:56Z" user="IanH" uid="306962" lat="42.2833690" lon="-83.7355641"/>
 <node id="4939334670" visible="true" version="1" changeset="49877094" timestamp="2017-06-28T01:59:56Z" user="IanH" uid="306962" lat="42.2832773" lon="-83.7355336"/>
 <node id="4939334671" visible="true" version="1" changeset="49877094" timestamp="2017-06-28T01:59:56Z" user="IanH" uid="306962" lat="42.2832271" lon="-83.7355267"/>
 <node id="4939334672" visible="true" version="1" changeset="49877094" timestamp="2017-06-28T01:59:56Z" user="IanH" uid="306962" lat="42.2832243" lon="-83.7354721"/>
 <node id="4939334673" visible="true" version="1" changeset="49877094" timestamp="2017-06-28T01:59:56Z" user="IanH" uid="306962" lat="42.2832292" lon="-83.7354323"/>
 <node id="4939334674" visible="true" version="2" changeset="162108239" timestamp="2025-02-04T02:38:54Z" user="CurlConnoisseur" uid="21683308" lat="42.2832385" lon="-83.7353881">
  <tag k="barrier" v="kerb"/>
  <tag k="kerb" v="flush"/>
  <tag k="tactile_paving" v="no"/>
  <tag k="wheelchair" v="yes"/>
 </node>
 <node id="4939334675" visible="true" version="8" changeset="171747684" timestamp="2025-09-10T17:24:52Z" user="Technotion" uid="21326676" lat="42.2832646" lon="-83.7356750">
  <tag k="button_operated" v="no"/>
  <tag k="crossing:island" v="no"/>
  <tag k="crossing:signals" v="yes"/>
  <tag k="highway" v="crossing"/>
  <tag k="tactile_paving" v="yes"/>
  <tag k="traffic_signals:sound" v="no"/>
  <tag k="traffic_signals:vibration" v="no"/>
 </node>
 <node id="4941260323" visible="true" version="1" changeset="49903419" timestamp="2017-06-28T22:07:25Z" user="IanH" uid="306962" lat="42.2832403" lon="-83.7352327"/>
 <node id="5208261625" visible="true" version="1" changeset="53478063" timestamp="2017-11-03T12:39:18Z" user="A2in4mation" uid="6895580" lat="42.2850946" lon="-83.7347597"/>
 <node id="5208261626" visible="true" version="1" changeset="53478063" timestamp="2017-11-03T12:39:18Z" user="A2in4mation" uid="6895580" lat="42.2850802" lon="-83.7347476"/>
 <node id="5208261627" visible="true" version="1" changeset="53478063" timestamp="2017-11-03T12:39:18Z" user="A2in4mation" uid="6895580" lat="42.2850385" lon="-83.7348194"/>
 <node id="5208261628" visible="true" version="1" changeset="53478063" timestamp="2017-11-03T12:39:18Z" user="A2in4mation" uid="6895580" lat="42.2850519" lon="-83.7348361"/>
 <node id="5321270832" visible="true" version="1" changeset="55175618" timestamp="2018-01-05T03:26:08Z" user="IanH" uid="306962" lat="42.2825649" lon="-83.7261830"/>
 <node id="5329580711" visible="true" version="1" changeset="55296064" timestamp="2018-01-09T15:20:40Z" user="mapper377" uid="2052336" lat="42.2834031" lon="-83.7356848"/>
 <node id="5329580712" visible="true" version="1" changeset="55296064" timestamp="2018-01-09T15:20:40Z" user="mapper377" uid="2052336" lat="42.2834050" lon="-83.7353334"/>
 <node id="5406262308" visible="true" version="1" changeset="56278356" timestamp="2018-02-12T00:49:34Z" user="tr_veler" uid="7120502" lat="42.2733800" lon="-83.7424410"/>
 <node id="5481526644" visible="true" version="2" changeset="63286993" timestamp="2018-10-07T18:57:44Z" user="ttwQbZ" uid="8919444" lat="42.2814942" lon="-83.7307504"/>
 <node id="5481526649" visible="true" version="1" changeset="57228135" timestamp="2018-03-16T00:43:49Z" user="Aaarbie" uid="7772397" lat="42.2814955" lon="-83.7306566"/>
 <node id="5481526650" visible="true" version="1" changeset="57228135" timestamp="2018-03-16T00:43:49Z" user="Aaarbie" uid="7772397" lat="42.2815031" lon="-83.7300730"/>
 <node id="5481526651" visible="true" version="1" changeset="57228135" timestamp="2018-03-16T00:43:49Z" user="Aaarbie" uid="7772397" lat="42.2815095" lon="-83.7300433"/>
 <node id="5481526654" visible="true" version="2" changeset="63286993" timestamp="2018-10-07T18:57:44Z" user="ttwQbZ" uid="8919444" lat="42.2815022" lon="-83.7308219"/>
 <node id="5481526655" visible="true" version="2" changeset="63286993" timestamp="2018-10-07T18:57:44Z" user="ttwQbZ" uid="8919444" lat="42.2815996" lon="-83.7309595"/>
 <node id="5481526656" visible="true" version="1" changeset="57228135" timestamp="2018-03-16T00:43:49Z" user="Aaarbie" uid="7772397" lat="42.2817219" lon="-83.7309772"/>
 <node id="5481526657" visible="true" version="1" changeset="57228135" timestamp="2018-03-16T00:43:49Z" user="Aaarbie" uid="7772397" lat="42.2822132" lon="-83.7309824"/>
 <node id="5481526658" visible="true" version="1" changeset="57228135" timestamp="2018-03-16T00:43:49Z" user="Aaarbie" uid="7772397" lat="42.2822440" lon="-83.7309694"/>
 <node id="5481526659" visible="true" version="1" changeset="57228135" timestamp="2018-03-16T00:43:49Z" user="Aaarbie" uid="7772397" lat="42.2822730" lon="-83.7309536"/>
 <node id="5481526660" visible="true" version="1" changeset="57228135" timestamp="2018-03-16T00:43:49Z" user="Aaarbie" uid="7772397" lat="42.2822970" lon="-83.7309358"/>
 <node id="5481526661" visible="true" version="1" changeset="57228135" timestamp="2018-03-16T00:43:49Z" user="Aaarbie" uid="7772397" lat="42.2821808" lon="-83.7309910"/>
 <node id="5483787697" visible="true" version="2" changeset="58743968" timestamp="2018-05-07T02:20:58Z" user="Aaarbie" uid="7772397" lat="42.2720484" lon="-83.7380787"/>
 <node id="5567692994" visible="true" version="1" changeset="58276362" timestamp="2018-04-20T21:11:43Z" user="nkorth" uid="1884025" lat="42.2895338" lon="-83.7418519"/>
 <node id="5567692995" visible="true" version="1" changeset="58276362" timestamp="2018-04-20T21:11:43Z" user="nkorth" uid="1884025" lat="42.2896966" lon="-83.7422818"/>
 <node id="5567692996" visible="true" version="1" changeset="58276362" timestamp="2018-04-20T21:11:43Z" user="nkorth" uid="1884025" lat="42.2898717" lon="-83.7425184"/>
 <node id="5567692997" visible="true" version="1" changeset="58276362" timestamp="2018-04-20T21:11:43Z" user="nkorth" uid="1884025" lat="42.2899020" lon="-83.7427070"/>
 <node id="5567692998" visible="true" version="1" changeset="58276362" timestamp="2018-04-20T21:11:43Z" user="nkorth" uid="1884025" lat="42.2900104" lon="-83.7431205"/>
 <node id="5574160060" visible="true" version="1" changeset="58346523" timestamp="2018-04-23T17:34:06Z" user="maxerickson" uid="360392" lat="42.2825478" lon="-83.7311250"/>
 <node id="5574160061" visible="true" version="1" changeset="58346523" timestamp="2018-04-23T17:34:06Z" user="maxerickson" uid="360392" lat="42.2825319" lon="-83.7312752"/>
 <node id="5574160062" visible="true" version="1" changeset="58346523" timestamp="2018-04-23T17:34:06Z" user="maxerickson" uid="360392" lat="42.2824734" lon="-83.7314039"/>
 <node id="5574160063" visible="true" version="1" changeset="58346523" timestamp="2018-04-23T17:34:06Z" user="maxerickson" uid="360392" lat="42.2833058" lon="-83.7337321"/>
 <node id="5574160064" visible="true" version="1" changeset="58346523" timestamp="2018-04-23T17:34:06Z" user="maxerickson" uid="360392" lat="42.2832900" lon="-83.7352529"/>
 <node id="5574160065" visible="true" version="1" changeset="58346523" timestamp="2018-04-23T17:34:06Z" user="maxerickson" uid="360392" lat="42.2840539" lon="-83.7352824"/>
 <node id="5574160066" visible="true" version="1" changeset="58346523" timestamp="2018-04-23T17:34:06Z" user="maxerickson" uid="360392" lat="42.2842186" lon="-83.7352717"/>
 <node id="5574160067" visible="true" version="1" changeset="58346523" timestamp="2018-04-23T17:34:06Z" user="maxerickson" uid="360392" lat="42.2844151" lon="-83.7351993"/>
 <node id="5574160068" visible="true" version="1" changeset="58346523" timestamp="2018-04-23T17:34:06Z" user="maxerickson" uid="360392" lat="42.2845917" lon="-83.7351054"/>
 <node id="5574160069" visible="true" version="1" changeset="58346523" timestamp="2018-04-23T17:34:06Z" user="maxerickson" uid="360392" lat="42.2855342" lon="-83.7313825"/>
 <node id="5574160070" visible="true" version="1" changeset="58346523" timestamp="2018-04-23T17:34:06Z" user="maxerickson" uid="360392" lat="42.2856037" lon="-83.7311062"/>
 <node id="5574160071" visible="true" version="1" changeset="58346523" timestamp="2018-04-23T17:34:06Z" user="maxerickson" uid="360392" lat="42.2856513" lon="-83.7307683"/>
 <node id="5574160072" visible="true" version="1" changeset="58346523" timestamp="2018-04-23T17:34:06Z" user="maxerickson" uid="360392" lat="42.2856612" lon="-83.7302560"/>
 <node id="5574160073" visible="true" version="1" changeset="58346523" timestamp="2018-04-23T17:34:06Z" user="maxerickson" uid="360392" lat="42.2856612" lon="-83.7296096"/>
 <node id="5574160074" visible="true" version="1" changeset="58346523" timestamp="2018-04-23T17:34:06Z" user="maxerickson" uid="360392" lat="42.2852664" lon="-83.7296176"/>
 <node id="5574160075" visible="true" version="1" changeset="58346523" timestamp="2018-04-23T17:34:06Z" user="maxerickson" uid="360392" lat="42.2852703" lon="-83.7289900"/>
 <node id="5574160076" visible="true" version="1" changeset="58346523" timestamp="2018-04-23T17:34:06Z" user="maxerickson" uid="360392" lat="42.2852326" lon="-83.7286064"/>
 <node id="5574160077" visible="true" version="1" changeset="58346523" timestamp="2018-04-23T17:34:06Z" user="maxerickson" uid="360392" lat="42.2851374" lon="-83.7283114"/>
 <node id="5574160078" visible="true" version="1" changeset="58346523" timestamp="2018-04-23T17:34:06Z" user="maxerickson" uid="360392" lat="42.2850163" lon="-83.7280485"/>
 <node id="5574160079" visible="true" version="1" changeset="58346523" timestamp="2018-04-23T17:34:06Z" user="maxerickson" uid="360392" lat="42.2848437" lon="-83.7278232"/>
 <node id="5574160080" visible="true" version="1" changeset="58346523" timestamp="2018-04-23T17:34:06Z" user="maxerickson" uid="360392" lat="42.2846572" lon="-83.7276354"/>
 <node id="5574160081" visible="true" version="2" changeset="162258058" timestamp="2025-02-07T19:16:15Z" user="CurlConnoisseur" uid="21683308" lat="42.2839951" lon="-83.7273154"/>
 <node id="5574160082" visible="true" version="2" changeset="162258058" timestamp="2025-02-07T19:16:15Z" user="CurlConnoisseur" uid="21683308" lat="42.2830989" lon="-83.7267530"/>
 <node id="5574160088" visible="true" version="2" changeset="162258058" timestamp="2025-02-07T19:16:15Z" user="CurlConnoisseur" uid="21683308" lat="42.2815478" lon="-83.7269583"/>
 <node id="5574160089" visible="true" version="2" changeset="162258058" timestamp="2025-02-07T19:16:15Z" user="CurlConnoisseur" uid="21683308" lat="42.2815255" lon="-83.7271135"/>
 <node id="5601057711" visible="true" version="1" changeset="58743968" timestamp="2018-05-07T02:20:55Z" user="Aaarbie" uid="7772397" lat="42.2721536" lon="-83.7355341"/>
 <node id="5605092063" visible="true" version="1" changeset="58797220" timestamp="2018-05-08T18:49:30Z" user="Aaarbie" uid="7772397" lat="42.2840425" lon="-83.7182482"/>
 <node id="5605092064" visible="true" version="1" changeset="58797220" timestamp="2018-05-08T18:49:30Z" user="Aaarbie" uid="7772397" lat="42.2834404" lon="-83.7148723"/>
 <node id="5605092065" visible="true" version="1" changeset="58797220" timestamp="2018-05-08T18:49:30Z" user="Aaarbie" uid="7772397" lat="42.2832544" lon="-83.7145062"/>
 <node id="5605092066" visible="true" version="1" changeset="58797220" timestamp="2018-05-08T18:49:30Z" user="Aaarbie" uid="7772397" lat="42.2830509" lon="-83.7141218"/>
 <node id="5605092067" visible="true" version="1" changeset="58797220" timestamp="2018-05-08T18:49:30Z" user="Aaarbie" uid="7772397" lat="42.2830317" lon="-83.7140618"/>
 <node id="5605092068" visible="true" version="1" changeset="58797220" timestamp="2018-05-08T18:49:30Z" user="Aaarbie" uid="7772397" lat="42.2829483" lon="-83.7140438"/>
 <node id="5605092069" visible="true" version="1" changeset="58797220" timestamp="2018-05-08T18:49:30Z" user="Aaarbie" uid="7772397" lat="42.2828701" lon="-83.7139621"/>
 <node id="5605092070" visible="true" version="1" changeset="58797220" timestamp="2018-05-08T18:49:30Z" user="Aaarbie" uid="7772397" lat="42.2827959" lon="-83.7138929"/>
 <node id="5605092071" visible="true" version="1" changeset="58797220" timestamp="2018-05-08T18:49:30Z" user="Aaarbie" uid="7772397" lat="42.2828107" lon="-83.7137678"/>
 <node id="5605092072" visible="true" version="1" changeset="58797220" timestamp="2018-05-08T18:49:30Z" user="Aaarbie" uid="7772397" lat="42.2827044" lon="-83.7137566"/>
 <node id="5605092073" visible="true" version="1" changeset="58797220" timestamp="2018-05-08T18:49:30Z" user="Aaarbie" uid="7772397" lat="42.2826356" lon="-83.7134270"/>
 <node id="5605092074" visible="true" version="1" changeset="58797220" timestamp="2018-05-08T18:49:30Z" user="Aaarbie" uid="7772397" lat="42.2825433" lon="-83.7133837"/>
 <node id="5605092075" visible="true" version="1" changeset="58797220" timestamp="2018-05-08T18:49:30Z" user="Aaarbie" uid="7772397" lat="42.2825014" lon="-83.7133133"/>
 <node id="5605092076" visible="true" version="1" changeset="58797220" timestamp="2018-05-08T18:49:30Z" user="Aaarbie" uid="7772397" lat="42.2825346" lon="-83.7132664"/>
 <node id="5605092077" visible="true" version="1" changeset="58797220" timestamp="2018-05-08T18:49:30Z" user="Aaarbie" uid="7772397" lat="42.2825213" lon="-83.7131743"/>
 <node id="5605092078" visible="true" version="1" changeset="58797220" timestamp="2018-05-08T18:49:30Z" user="Aaarbie" uid="7772397" lat="42.2824461" lon="-83.7131393"/>
 <node id="5605092079" visible="true" version="1" changeset="58797220" timestamp="2018-05-08T18:49:30Z" user="Aaarbie" uid="7772397" lat="42.2823843" lon="-83.7130603"/>
 <node id="5605092080" visible="true" version="1" changeset="58797220" timestamp="2018-05-08T18:49:30Z" user="Aaarbie" uid="7772397" lat="42.2823655" lon="-83.7129176"/>
 <node id="5605092081" visible="true" version="1" changeset="58797220" timestamp="2018-05-08T18:49:30Z" user="Aaarbie" uid="7772397" lat="42.2824355" lon="-83.7129424"/>
 <node id="5605092082" visible="true" version="1" changeset="58797220" timestamp="2018-05-08T18:49:30Z" user="Aaarbie" uid="7772397" lat="42.2824618" lon="-83.7129579"/>
 <node id="5605092083" visible="true" version="1" changeset="58797220" timestamp="2018-05-08T18:49:30Z" user="Aaarbie" uid="7772397" lat="42.2824632" lon="-83.7129909"/>
 <node id="5605092084" visible="true" version="1" changeset="58797220" timestamp="2018-05-08T18:49:30Z" user="Aaarbie" uid="7772397" lat="42.2823870" lon="-83.7130428"/>
 <node id="5605092085" visible="true" version="1" changeset="58797220" timestamp="2018-05-08T18:49:30Z" user="Aaarbie" uid="7772397" lat="42.2823528" lon="-83.7128892"/>
 <node id="5605092086" visible="true" version="1" changeset="58797220" timestamp="2018-05-08T18:49:30Z" user="Aaarbie" uid="7772397" lat="42.2823206" lon="-83.7127614"/>
 <node id="5605092087" visible="true" version="1" changeset="58797220" timestamp="2018-05-08T18:49:30Z" user="Aaarbie" uid="7772397" lat="42.2822868" lon="-83.7127015"/>
 <node id="5605092088" visible="true" version="1" changeset="58797220" timestamp="2018-05-08T18:49:30Z" user="Aaarbie" uid="7772397" lat="42.2822801" lon="-83.7126511"/>
 <node id="5605092089" visible="true" version="1" changeset="58797220" timestamp="2018-05-08T18:49:30Z" user="Aaarbie" uid="7772397" lat="42.2822543" lon="-83.7126123"/>
 <node id="5605092090" visible="true" version="1" changeset="58797220" timestamp="2018-05-08T18:49:30Z" user="Aaarbie" uid="7772397" lat="42.2822335" lon="-83.7125751"/>
 <node id="5605092091" visible="true" version="1" changeset="58797220" timestamp="2018-05-08T18:49:30Z" user="Aaarbie" uid="7772397" lat="42.2820904" lon="-83.7121476"/>
 <node id="5605092092" visible="true" version="1" changeset="58797220" timestamp="2018-05-08T18:49:30Z" user="Aaarbie" uid="7772397" lat="42.2820993" lon="-83.7122359"/>
 <node id="5605092093" visible="true" version="1" changeset="58797220" timestamp="2018-05-08T18:49:30Z" user="Aaarbie" uid="7772397" lat="42.2820125" lon="-83.7121439"/>
 <node id="5605092094" visible="true" version="1" changeset="58797220" timestamp="2018-05-08T18:49:30Z" user="Aaarbie" uid="7772397" lat="42.2819362" lon="-83.7120952"/>
 <node id="5605092095" visible="true" version="1" changeset="58797220" timestamp="2018-05-08T18:49:30Z" user="Aaarbie" uid="7772397" lat="42.2819417" lon="-83.7120108"/>
 <node id="5605092096" visible="true" version="1" changeset="58797220" timestamp="2018-05-08T18:49:30Z" user="Aaarbie" uid="7772397" lat="42.2819906" lon="-83.7121036"/>
 <node id="5605092097" visible="true" version="1" changeset="58797220" timestamp="2018-05-08T18:49:30Z" user="Aaarbie" uid="7772397" lat="42.2826624" lon="-83.7134625"/>
 <node id="5605092098" visible="true" version="1" changeset="58797220" timestamp="2018-05-08T18:49:30Z" user="Aaarbie" uid="7772397" lat="42.2826845" lon="-83.7135379"/>
 <node id="5605092099" visible="true" version="1" changeset="58797220" timestamp="2018-05-08T18:49:30Z" user="Aaarbie" uid="7772397" lat="42.2827515" lon="-83.7137728"/>
 <node id="5605092100" visible="true" version="1" changeset="58797220" timestamp="2018-05-08T18:49:30Z" user="Aaarbie" uid="7772397" lat="42.2827769" lon="-83.7137531"/>
 <node id="5605092101" visible="true" version="1" changeset="58797220" timestamp="2018-05-08T18:49:30Z" user="Aaarbie" uid="7772397" lat="42.2828291" lon="-83.7137978"/>
 <node id="5605092102" visible="true" version="1" changeset="58797220" timestamp="2018-05-08T18:49:30Z" user="Aaarbie" uid="7772397" lat="42.2828125" lon="-83.7138453"/>
 <node id="5605092103" visible="true" version="1" changeset="58797220" timestamp="2018-05-08T18:49:30Z" user="Aaarbie" uid="7772397" lat="42.2827992" lon="-83.7138678"/>
 <node id="5605092104" visible="true" version="1" changeset="58797220" timestamp="2018-05-08T18:49:30Z" user="Aaarbie" uid="7772397" lat="42.2828051" lon="-83.7139224"/>
 <node id="5605092105" visible="true" version="1" changeset="58797220" timestamp="2018-05-08T18:49:30Z" user="Aaarbie" uid="7772397" lat="42.2828428" lon="-83.7139416"/>
 <node id="5605092106" visible="true" version="1" changeset="58797220" timestamp="2018-05-08T18:49:30Z" user="Aaarbie" uid="7772397" lat="42.2836389" lon="-83.7152198"/>
 <node id="5624555579" visible="true" version="2" changeset="59055592" timestamp="2018-05-17T16:04:47Z" user="user_5359" uid="5359" lat="42.2861793" lon="-83.7393806"/>
 <node id="5624555580" visible="true" version="2" changeset="115999154" timestamp="2022-01-10T21:32:07Z" user="yamanq" uid="13624358" lat="42.2862335" lon="-83.7393535"/>
 <node id="5698994942" visible="true" version="2" changeset="80409917" timestamp="2020-02-01T13:36:18Z" user="lmum" uid="1084189" lat="42.2784424" lon="-83.7314146"/>
 <node id="5964787451" visible="true" version="1" changeset="63286993" timestamp="2018-10-07T18:57:43Z" user="ttwQbZ" uid="8919444" lat="42.2815692" lon="-83.7309390"/>
 <node id="5964787452" visible="true" version="1" changeset="63286993" timestamp="2018-10-07T18:57:43Z" user="ttwQbZ" uid="8919444" lat="42.2815194" lon="-83.7308687"/>
 <node id="6043760202" visible="true" version="1" changeset="64259207" timestamp="2018-11-07T11:32:59Z" user="mapper377" uid="2052336" lat="42.2858661" lon="-83.7338468"/>
 <node id="6043760203" visible="true" version="1" changeset="64259207" timestamp="2018-11-07T11:32:59Z" user="mapper377" uid="2052336" lat="42.2856533" lon="-83.7348157"/>
 <node id="6043760204" visible="true" version="1" changeset="64259207" timestamp="2018-11-07T11:32:59Z" user="mapper377" uid="2052336" lat="42.2856543" lon="-83.7342967"/>
 <node id="6043760205" visible="true" version="1" changeset="64259207" timestamp="2018-11-07T11:32:59Z" user="mapper377" uid="2052336" lat="42.2860194" lon="-83.7340365"/>
 <node id="6043760206" visible="true" version="1" changeset="64259207" timestamp="2018-11-07T11:32:59Z" user="mapper377" uid="2052336" lat="42.2860214" lon="-83.7334532"/>
 <node id="6068836690" visible="true" version="2" changeset="98078583" timestamp="2021-01-24T23:29:20Z" user="IanH" uid="306962" lat="42.2854732" lon="-83.7318349">
  <tag k="barrier" v="kerb"/>
  <tag k="kerb" v="lowered"/>
 </node>
 <node id="6068849363" visible="true" version="1" changeset="64600016" timestamp="2018-11-17T16:15:43Z" user="mapper377" uid="2052336" lat="42.2850263" lon="-83.7276717"/>
 <node id="6068849364" visible="true" version="1" changeset="64600016" timestamp="2018-11-17T16:15:43Z" user="mapper377" uid="2052336" lat="42.2852525" lon="-83.7280539"/>
 <node id="6068849365" visible="true" version="1" changeset="64600016" timestamp="2018-11-17T16:15:43Z" user="mapper377" uid="2052336" lat="42.2853824" lon="-83.7284482"/>
 <node id="6068849366" visible="true" version="1" changeset="64600016" timestamp="2018-11-17T16:15:43Z" user="mapper377" uid="2052336" lat="42.2853289" lon="-83.7282497"/>
 <node id="6311075430" visible="true" version="1" changeset="67690288" timestamp="2019-03-01T15:41:16Z" user="MidwestMapGeek" uid="1743198" lat="42.2720819" lon="-83.7363681"/>
 <node id="6311075431" visible="true" version="1" changeset="67690288" timestamp="2019-03-01T15:41:16Z" user="MidwestMapGeek" uid="1743198" lat="42.2715892" lon="-83.7363586"/>
 <node id="6311075432" visible="true" version="1" changeset="67690288" timestamp="2019-03-01T15:41:16Z" user="MidwestMapGeek" uid="1743198" lat="42.2716015" lon="-83.7358173"/>
 <node id="6311075433" visible="true" version="1" changeset="67690288" timestamp="2019-03-01T15:41:16Z" user="MidwestMapGeek" uid="1743198" lat="42.2721400" lon="-83.7358326"/>
 <node id="6311222822" visible="true" version="1" changeset="67692520" timestamp="2019-03-01T16:49:41Z" user="MidwestMapGeek" uid="1743198" lat="42.2719989" lon="-83.7363665"/>
 <node id="6801512031" visible="true" version="2" changeset="111877462" timestamp="2021-09-29T17:03:26Z" user="ChaireMobiliteKaligrafy" uid="549389" lat="42.2864330" lon="-83.7400931"/>
 <node id="6801512032" visible="true" version="1" changeset="74564455" timestamp="2019-09-17T08:23:32Z" user="ksnghr" uid="10127757" lat="42.2863501" lon="-83.7401278"/>
 <node id="6932249605" visible="true" version="1" changeset="76405524" timestamp="2019-10-30T16:26:45Z" user="lmum" uid="1084189" lat="42.2863118" lon="-83.7379565"/>
 <node id="6932249606" visible="true" version="1" changeset="76405524" timestamp="2019-10-30T16:26:45Z" user="lmum" uid="1084189" lat="42.2860565" lon="-83.7368400"/>
 <node id="6932249607" visible="true" version="1" changeset="76405524" timestamp="2019-10-30T16:26:45Z" user="lmum" uid="1084189" lat="42.2860134" lon="-83.7350483"/>
 <node id="6932249608" visible="true" version="1" changeset="76405524" timestamp="2019-10-30T16:26:45Z" user="lmum" uid="1084189" lat="42.2865866" lon="-83.7336547"/>
 <node id="6932878126" visible="true" version="1" changeset="76412000" timestamp="2019-10-30T19:25:31Z" user="lmum" uid="1084189" lat="42.2771835" lon="-83.7433279"/>
 <node id="7124481601" visible="true" version="2" changeset="130736985" timestamp="2023-01-01T02:52:38Z" user="mapper377" uid="2052336" lat="42.2795006" lon="-83.7395277"/>
 <node id="7124481602" visible="true" version="1" changeset="79453673" timestamp="2020-01-11T15:10:57Z" user="mapper377" uid="2052336" lat="42.2803492" lon="-83.7402231"/>
 <node id="7177239758" visible="true" version="1" changeset="80409917" timestamp="2020-02-01T13:36:18Z" user="lmum" uid="1084189" lat="42.2854608" lon="-83.7389840"/>
 <node id="7177239759" visible="true" version="1" changeset="80409917" timestamp="2020-02-01T13:36:18Z" user="lmum" uid="1084189" lat="42.2854215" lon="-83.7388000"/>
 <node id="7177249996" visible="true" version="1" changeset="80409917" timestamp="2020-02-01T13:36:18Z" user="lmum" uid="1084189" lat="42.2783169" lon="-83.7322612"/>
 <node id="7177250004" visible="true" version="1" changeset="80409917" timestamp="2020-02-01T13:36:18Z" user="lmum" uid="1084189" lat="42.2775054" lon="-83.7331066"/>
 <node id="7177250005" visible="true" version="1" changeset="80409917" timestamp="2020-02-01T13:36:18Z" user="lmum" uid="1084189" lat="42.2775297" lon="-83.7332099"/>
 <node id="7933202772" visible="true" version="1" changeset="91331383" timestamp="2020-09-23T04:40:44Z" user="vrevanth" uid="11558576" lat="42.2855388" lon="-83.7362863"/>
 <node id="7933202773" visible="true" version="1" changeset="91331383" timestamp="2020-09-23T04:40:44Z" user="vrevanth" uid="11558576" lat="42.2854403" lon="-83.7362857"/>
 <node id="7933202774" visible="true" version="1" changeset="91331383" timestamp="2020-09-23T04:40:44Z" user="vrevanth" uid="11558576" lat="42.2853081" lon="-83.7362795"/>
 <node id="7933202775" visible="true" version="1" changeset="91331383" timestamp="2020-09-23T04:40:44Z" user="vrevanth" uid="11558576" lat="42.2852817" lon="-83.7362693"/>
 <node id="7933202776" visible="true" version="1" changeset="91331383" timestamp="2020-09-23T04:40:44Z" user="vrevanth" uid="11558576" lat="42.2852743" lon="-83.7361387"/>
 <node id="7933202777" visible="true" version="2" changeset="115999326" timestamp="2022-01-10T21:38:26Z" user="yamanq" uid="13624358" lat="42.2852795" lon="-83.7357361"/>
 <node id="8063968466" visible="true" version="2" changeset="150906140" timestamp="2024-05-05T06:45:37Z" user="TMoney79" uid="17814057" lat="42.2898818" lon="-83.7460125"/>
 <node id="8064013405" visible="true" version="1" changeset="93259519" timestamp="2020-10-29T22:48:23Z" user="BaddDadd" uid="11754416" lat="42.2899629" lon="-83.7454671"/>
 <node id="8064013406" visible="true" version="1" changeset="93259519" timestamp="2020-10-29T22:48:23Z" user="BaddDadd" uid="11754416" lat="42.2899786" lon="-83.7454710"/>
 <node id="8064013407" visible="true" version="1" changeset="93259519" timestamp="2020-10-29T22:48:23Z" user="BaddDadd" uid="11754416" lat="42.2899751" lon="-83.7455758"/>
 <node id="8064013408" visible="true" version="1" changeset="93259519" timestamp="2020-10-29T22:48:23Z" user="BaddDadd" uid="11754416" lat="42.2899824" lon="-83.7453726"/>
 <node id="8064013409" visible="true" version="1" changeset="93259519" timestamp="2020-10-29T22:48:23Z" user="BaddDadd" uid="11754416" lat="42.2899582" lon="-83.7453961"/>
 <node id="9132752890" visible="true" version="1" changeset="111877527" timestamp="2021-09-29T17:04:24Z" user="ChaireMobiliteKaligrafy" uid="549389" lat="42.2853300" lon="-83.7352977"/>
 <node id="9133317267" visible="true" version="2" changeset="123022629" timestamp="2022-06-29T23:24:50Z" user="chriswhy" uid="5568963" lat="42.2832883" lon="-83.7352609"/>
 <node id="9133317270" visible="true" version="2" changeset="123022629" timestamp="2022-06-29T23:24:50Z" user="chriswhy" uid="5568963" lat="42.2840573" lon="-83.7352979"/>
 <node id="9133317273" visible="true" version="2" changeset="123022629" timestamp="2022-06-29T23:24:50Z" user="chriswhy" uid="5568963" lat="42.2844608" lon="-83.7352038"/>
 <node id="9133317274" visible="true" version="1" changeset="111887150" timestamp="2021-09-29T20:51:14Z" user="A2in4mation" uid="6895580" lat="42.2845329" lon="-83.7351636"/>
 <node id="9133317275" visible="true" version="2" changeset="123022629" timestamp="2022-06-29T23:24:50Z" user="chriswhy" uid="5568963" lat="42.2846311" lon="-83.7350949"/>
 <node id="9133317276" visible="true" version="1" changeset="111887150" timestamp="2021-09-29T20:51:14Z" user="A2in4mation" uid="6895580" lat="42.2847358" lon="-83.7350131"/>
 <node id="9133317278" visible="true" version="2" changeset="123022629" timestamp="2022-06-29T23:24:50Z" user="chriswhy" uid="5568963" lat="42.2848159" lon="-83.7349383"/>
 <node id="9133317279" visible="true" version="2" changeset="123022629" timestamp="2022-06-29T23:24:50Z" user="chriswhy" uid="5568963" lat="42.2848890" lon="-83.7348426"/>
 <node id="9133317280" visible="true" version="2" changeset="123022629" timestamp="2022-06-29T23:24:50Z" user="chriswhy" uid="5568963" lat="42.2849508" lon="-83.7347404"/>
 <node id="9133317281" visible="true" version="2" changeset="123022629" timestamp="2022-06-29T23:24:50Z" user="chriswhy" uid="5568963" lat="42.2849936" lon="-83.7346619"/>
 <node id="9133317284" visible="true" version="2" changeset="123022629" timestamp="2022-06-29T23:24:50Z" user="chriswhy" uid="5568963" lat="42.2850950" lon="-83.7344471"/>
 <node id="9133317285" visible="true" version="2" changeset="123022629" timestamp="2022-06-29T23:24:50Z" user="chriswhy" uid="5568963" lat="42.2851465" lon="-83.7343311"/>
 <node id="9133317286" visible="true" version="2" changeset="123022629" timestamp="2022-06-29T23:24:50Z" user="chriswhy" uid="5568963" lat="42.2851771" lon="-83.7342003"/>
 <node id="9133317287" visible="true" version="2" changeset="123022629" timestamp="2022-06-29T23:24:50Z" user="chriswhy" uid="5568963" lat="42.2852086" lon="-83.7340502"/>
 <node id="9133317289" visible="true" version="2" changeset="123022629" timestamp="2022-06-29T23:24:50Z" user="chriswhy" uid="5568963" lat="42.2852453" lon="-83.7336563"/>
 <node id="9133317290" visible="true" version="2" changeset="123022629" timestamp="2022-06-29T23:24:50Z" user="chriswhy" uid="5568963" lat="42.2852531" lon="-83.7333696"/>
 <node id="9133317291" visible="true" version="2" changeset="123022629" timestamp="2022-06-29T23:24:50Z" user="chriswhy" uid="5568963" lat="42.2852591" lon="-83.7331322"/>
 <node id="9133317292" visible="true" version="3" changeset="174286458" timestamp="2025-11-06T12:45:19Z" user="Hypsometric" uid="3307068" lat="42.2852554" lon="-83.7329715"/>
 <node id="9133317295" visible="true" version="2" changeset="123022629" timestamp="2022-06-29T23:24:50Z" user="chriswhy" uid="5568963" lat="42.2852614" lon="-83.7324427"/>
 <node id="9133317297" visible="true" version="2" changeset="123022629" timestamp="2022-06-29T23:24:50Z" user="chriswhy" uid="5568963" lat="42.2852652" lon="-83.7321777"/>
 <node id="9133317298" visible="true" version="2" changeset="123022629" timestamp="2022-06-29T23:24:50Z" user="chriswhy" uid="5568963" lat="42.2852975" lon="-83.7320779"/>
 <node id="9133317300" visible="true" version="2" changeset="123022629" timestamp="2022-06-29T23:24:50Z" user="chriswhy" uid="5568963" lat="42.2853360" lon="-83.7319860"/>
 <node id="9133317301" visible="true" version="2" changeset="123022629" timestamp="2022-06-29T23:24:50Z" user="chriswhy" uid="5568963" lat="42.2853970" lon="-83.7319094"/>
 <node id="9408523370" visible="true" version="1" changeset="115999154" timestamp="2022-01-10T21:32:07Z" user="yamanq" uid="13624358" lat="42.2849800" lon="-83.7360360"/>
 <node id="9408523371" visible="true" version="1" changeset="115999154" timestamp="2022-01-10T21:32:07Z" user="yamanq" uid="13624358" lat="42.2849973" lon="-83.7360363"/>
 <node id="9408523372" visible="true" version="1" changeset="115999154" timestamp="2022-01-10T21:32:07Z" user="yamanq" uid="13624358" lat="42.2849982" lon="-83.7359371"/>
 <node id="9408523373" visible="true" version="1" changeset="115999154" timestamp="2022-01-10T21:32:07Z" user="yamanq" uid="13624358" lat="42.2849906" lon="-83.7361479"/>
 <node id="9408523374" visible="true" version="1" changeset="115999154" timestamp="2022-01-10T21:32:07Z" user="yamanq" uid="13624358" lat="42.2850507" lon="-83.7361033"/>
 <node id="9408523375" visible="true" version="1" changeset="115999154" timestamp="2022-01-10T21:32:07Z" user="yamanq" uid="13624358" lat="42.2850499" lon="-83.7361899"/>
 <node id="9408592124" visible="true" version="1" changeset="115999154" timestamp="2022-01-10T21:32:07Z" user="yamanq" uid="13624358" lat="42.2848655" lon="-83.7385011"/>
 <node id="9856830882" visible="true" version="1" changeset="123022629" timestamp="2022-06-29T23:24:50Z" user="chriswhy" uid="5568963" lat="42.2852294" lon="-83.7339316"/>
 <node id="9856830883" visible="true" version="1" changeset="123022629" timestamp="2022-06-29T23:24:50Z" user="chriswhy" uid="5568963" lat="42.2841719" lon="-83.7352879"/>
 <node id="11064848702" visible="true" version="1" changeset="138938505" timestamp="2023-07-24T12:48:57Z" user="yamanq" uid="13624358" lat="42.2849672" lon="-83.7349136">
  <tag k="access" v="yes"/>
  <tag k="amenity" v="bicycle_parking"/>
  <tag k="bicycle_parking" v="stands"/>
  <tag k="capacity" v="30"/>
  <tag k="covered" v="no"/>
  <tag k="fee" v="no"/>
 </node>
 <node id="11064848703" visible="true" version="1" changeset="138938505" timestamp="2023-07-24T12:48:57Z" user="yamanq" uid="13624358" lat="42.2852452" lon="-83.7349977">
  <tag k="access" v="yes"/>
  <tag k="amenity" v="bicycle_parking"/>
  <tag k="bicycle_parking" v="stands"/>
  <tag k="capacity" v="6"/>
  <tag k="covered" v="no"/>
  <tag k="fee" v="no"/>
 </node>
 <node id="11064848704" visible="true" version="1" changeset="138938505" timestamp="2023-07-24T12:48:57Z" user="yamanq" uid="13624358" lat="42.2851199" lon="-83.7351305">
  <tag k="access" v="yes"/>
  <tag k="amenity" v="bicycle_parking"/>
  <tag k="bicycle_parking" v="stands"/>
  <tag k="capacity" v="14"/>
  <tag k="covered" v="no"/>
  <tag k="fee" v="no"/>
 </node>
 <node id="11489737360" visible="true" version="1" changeset="145902716" timestamp="2024-01-05T01:32:36Z" user="RailandSea" uid="18757334" lat="42.2857986" lon="-83.7357463"/>
 <node id="11489737361" visible="true" version="1" changeset="145902716" timestamp="2024-01-05T01:32:36Z" user="RailandSea" uid="18757334" lat="42.2876607" lon="-83.7424379"/>
 <node id="11880616380" visible="true" version="1" changeset="150906140" timestamp="2024-05-05T06:45:37Z" user="TMoney79" uid="17814057" lat="42.2899120" lon="-83.7460136"/>
 <node id="11880616381" visible="true" version="1" changeset="150906140" timestamp="2024-05-05T06:45:37Z" user="TMoney79" uid="17814057" lat="42.2898643" lon="-83.7459807"/>
 <node id="11880616382" visible="true" version="1" changeset="150906140" timestamp="2024-05-05T06:45:37Z" user="TMoney79" uid="17814057" lat="42.2898653" lon="-83.7460012"/>
 <node id="11880616383" visible="true" version="1" changeset="150906140" timestamp="2024-05-05T06:45:37Z" user="TMoney79" uid="17814057" lat="42.2898986" lon="-83.7460250"/>
 <node id="12061494672" visible="true" version="1" changeset="154106935" timestamp="2024-07-18T15:22:37Z" user="nkorth" uid="1884025" lat="42.2900481" lon="-83.7437812"/>
 <node id="12084272186" visible="true" version="1" changeset="154629367" timestamp="2024-07-31T03:31:32Z" user="Technotion" uid="21326676" lat="42.2775157" lon="-83.7324629"/>
 <node id="12084272188" visible="true" version="2" changeset="162256838" timestamp="2025-02-07T18:35:57Z" user="CurlConnoisseur" uid="21683308" lat="42.2775297" lon="-83.7332161"/>
 <node id="12147063936" visible="true" version="1" changeset="155996418" timestamp="2024-08-31T01:31:07Z" user="liebezeit" uid="301136" lat="42.2832312" lon="-83.7361730"/>
 <node id="12147063939" visible="true" version="3" changeset="168474141" timestamp="2025-07-04T08:08:38Z" user="torapa" uid="5446055" lat="42.2818228" lon="-83.7356495"/>
 <node id="12147063940" visible="true" version="2" changeset="162256501" timestamp="2025-02-07T18:26:28Z" user="CurlConnoisseur" uid="21683308" lat="42.2817893" lon="-83.7370728"/>
 <node id="12185209784" visible="true" version="1" changeset="156797886" timestamp="2024-09-19T00:47:06Z" user="Technotion" uid="21326676" lat="42.2841819" lon="-83.7357541">
  <tag k="bus" v="yes"/>
  <tag k="public_transport" v="stop_position"/>
 </node>
 <node id="12185209786" visible="true" version="1" changeset="156797886" timestamp="2024-09-19T00:47:06Z" user="Technotion" uid="21326676" lat="42.2834781" lon="-83.7356920">
  <tag k="bus" v="yes"/>
  <tag k="public_transport" v="stop_position"/>
 </node>
 <node id="12219490408" visible="true" version="1" changeset="157437791" timestamp="2024-10-03T21:40:49Z" user="liebezeit" uid="301136" lat="42.2802322" lon="-83.7402174"/>
 <node id="12219490412" visible="true" version="1" changeset="157437791" timestamp="2024-10-03T21:40:49Z" user="liebezeit" uid="301136" lat="42.2794971" lon="-83.7396782"/>
 <node id="12222531303" visible="true" version="1" changeset="157465891" timestamp="2024-10-04T15:10:40Z" user="Trail_Caretaker" uid="10927321" lat="42.2899599" lon="-83.7461956"/>
 <node id="12222531304" visible="true" version="1" changeset="157465891" timestamp="2024-10-04T15:10:40Z" user="Trail_Caretaker" uid="10927321" lat="42.2897191" lon="-83.7460118"/>
 <node id="12222531305" visible="true" version="1" changeset="157465891" timestamp="2024-10-04T15:10:40Z" user="Trail_Caretaker" uid="10927321" lat="42.2895538" lon="-83.7458618"/>
 <node id="12222531306" visible="true" version="1" changeset="157465891" timestamp="2024-10-04T15:10:40Z" user="Trail_Caretaker" uid="10927321" lat="42.2893863" lon="-83.7457047"/>
 <node id="12222531307" visible="true" version="1" changeset="157465891" timestamp="2024-10-04T15:10:40Z" user="Trail_Caretaker" uid="10927321" lat="42.2891804" lon="-83.7455065"/>
 <node id="12222531308" visible="true" version="1" changeset="157465891" timestamp="2024-10-04T15:10:40Z" user="Trail_Caretaker" uid="10927321" lat="42.2890194" lon="-83.7452934"/>
 <node id="12222531309" visible="true" version="1" changeset="157465891" timestamp="2024-10-04T15:10:40Z" user="Trail_Caretaker" uid="10927321" lat="42.2887234" lon="-83.7448420"/>
 <node id="12222531310" visible="true" version="1" changeset="157465891" timestamp="2024-10-04T15:10:40Z" user="Trail_Caretaker" uid="10927321" lat="42.2884283" lon="-83.7442535"/>
 <node id="12222531311" visible="true" version="1" changeset="157465891" timestamp="2024-10-04T15:10:40Z" user="Trail_Caretaker" uid="10927321" lat="42.2878182" lon="-83.7426601"/>
 <node id="12222531312" visible="true" version="1" changeset="157465891" timestamp="2024-10-04T15:10:40Z" user="Trail_Caretaker" uid="10927321" lat="42.2875492" lon="-83.7419309"/>
 <node id="12222531313" visible="true" version="1" changeset="157465891" timestamp="2024-10-04T15:10:40Z" user="Trail_Caretaker" uid="10927321" lat="42.2874983" lon="-83.7416279"/>
 <node id="12222531314" visible="true" version="1" changeset="157465891" timestamp="2024-10-04T15:10:40Z" user="Trail_Caretaker" uid="10927321" lat="42.2874425" lon="-83.7413974"/>
 <node id="12222531315" visible="true" version="1" changeset="157465891" timestamp="2024-10-04T15:10:40Z" user="Trail_Caretaker" uid="10927321" lat="42.2873604" lon="-83.7412105"/>
 <node id="12222531316" visible="true" version="1" changeset="157465891" timestamp="2024-10-04T15:10:40Z" user="Trail_Caretaker" uid="10927321" lat="42.2872666" lon="-83.7410174"/>
 <node id="12222531317" visible="true" version="1" changeset="157465891" timestamp="2024-10-04T15:10:40Z" user="Trail_Caretaker" uid="10927321" lat="42.2878330" lon="-83.7426987"/>
 <node id="12222531322" visible="true" version="1" changeset="157465891" timestamp="2024-10-04T15:10:40Z" user="Trail_Caretaker" uid="10927321" lat="42.2874639" lon="-83.7414858"/>
 <node id="12222531323" visible="true" version="1" changeset="157465891" timestamp="2024-10-04T15:10:40Z" user="Trail_Caretaker" uid="10927321" lat="42.2871652" lon="-83.7407539"/>
 <node id="12222531324" visible="true" version="1" changeset="157465891" timestamp="2024-10-04T15:10:40Z" user="Trail_Caretaker" uid="10927321" lat="42.2871105" lon="-83.7405331"/>
 <node id="12222531325" visible="true" version="1" changeset="157465891" timestamp="2024-10-04T15:10:40Z" user="Trail_Caretaker" uid="10927321" lat="42.2869669" lon="-83.7402661"/>
 <node id="12222531326" visible="true" version="1" changeset="157465891" timestamp="2024-10-04T15:10:40Z" user="Trail_Caretaker" uid="10927321" lat="42.2871593" lon="-83.7407302"/>
 <node id="12222531331" visible="true" version="1" changeset="157465891" timestamp="2024-10-04T15:10:40Z" user="Trail_Caretaker" uid="10927321" lat="42.2874084" lon="-83.7413197"/>
 <node id="12222531336" visible="true" version="1" changeset="157465891" timestamp="2024-10-04T15:10:40Z" user="Trail_Caretaker" uid="10927321" lat="42.2867722" lon="-83.7397053"/>
 <node id="12222531337" visible="true" version="1" changeset="157465891" timestamp="2024-10-04T15:10:40Z" user="Trail_Caretaker" uid="10927321" lat="42.2864488" lon="-83.7387942"/>
 <node id="12222531338" visible="true" version="1" changeset="157465891" timestamp="2024-10-04T15:10:40Z" user="Trail_Caretaker" uid="10927321" lat="42.2863932" lon="-83.7385797"/>
 <node id="12222531339" visible="true" version="1" changeset="157465891" timestamp="2024-10-04T15:10:40Z" user="Trail_Caretaker" uid="10927321" lat="42.2863284" lon="-83.7384125"/>
 <node id="12222531340" visible="true" version="1" changeset="157465891" timestamp="2024-10-04T15:10:40Z" user="Trail_Caretaker" uid="10927321" lat="42.2861717" lon="-83.7380897"/>
 <node id="12222531341" visible="true" version="1" changeset="157465891" timestamp="2024-10-04T15:10:40Z" user="Trail_Caretaker" uid="10927321" lat="42.2860857" lon="-83.7378090"/>
 <node id="12222531342" visible="true" version="1" changeset="157465891" timestamp="2024-10-04T15:10:40Z" user="Trail_Caretaker" uid="10927321" lat="42.2859818" lon="-83.7372895"/>
 <node id="12222531343" visible="true" version="1" changeset="157465891" timestamp="2024-10-04T15:10:40Z" user="Trail_Caretaker" uid="10927321" lat="42.2859230" lon="-83.7368425"/>
 <node id="12222531344" visible="true" version="1" changeset="157465891" timestamp="2024-10-04T15:10:40Z" user="Trail_Caretaker" uid="10927321" lat="42.2858535" lon="-83.7360861"/>
 <node id="12222531345" visible="true" version="1" changeset="157465891" timestamp="2024-10-04T15:10:40Z" user="Trail_Caretaker" uid="10927321" lat="42.2858271" lon="-83.7354826"/>
 <node id="12222531346" visible="true" version="1" changeset="157465891" timestamp="2024-10-04T15:10:40Z" user="Trail_Caretaker" uid="10927321" lat="42.2858337" lon="-83.7344955"/>
 <node id="12222531347" visible="true" version="1" changeset="157465891" timestamp="2024-10-04T15:10:40Z" user="Trail_Caretaker" uid="10927321" lat="42.2858469" lon="-83.7332394"/>
 <node id="12222531348" visible="true" version="1" changeset="157465891" timestamp="2024-10-04T15:10:40Z" user="Trail_Caretaker" uid="10927321" lat="42.2858720" lon="-83.7314825"/>
 <node id="12222531349" visible="true" version="1" changeset="157465891" timestamp="2024-10-04T15:10:40Z" user="Trail_Caretaker" uid="10927321" lat="42.2858833" lon="-83.7296390"/>
 <node id="12222531350" visible="true" version="1" changeset="157465891" timestamp="2024-10-04T15:10:40Z" user="Trail_Caretaker" uid="10927321" lat="42.2858800" lon="-83.7284481"/>
 <node id="12222531351" visible="true" version="1" changeset="157465891" timestamp="2024-10-04T15:10:40Z" user="Trail_Caretaker" uid="10927321" lat="42.2858568" lon="-83.7279688"/>
 <node id="12222531352" visible="true" version="1" changeset="157465891" timestamp="2024-10-04T15:10:40Z" user="Trail_Caretaker" uid="10927321" lat="42.2858304" lon="-83.7276041"/>
 <node id="12222531353" visible="true" version="1" changeset="157465891" timestamp="2024-10-04T15:10:40Z" user="Trail_Caretaker" uid="10927321" lat="42.2857973" lon="-83.7272625"/>
 <node id="12222531354" visible="true" version="1" changeset="157465891" timestamp="2024-10-04T15:10:40Z" user="Trail_Caretaker" uid="10927321" lat="42.2856670" lon="-83.7263962"/>
 <node id="12222531355" visible="true" version="1" changeset="157465891" timestamp="2024-10-04T15:10:40Z" user="Trail_Caretaker" uid="10927321" lat="42.2856035" lon="-83.7260654"/>
 <node id="12222531358" visible="true" version="1" changeset="157465891" timestamp="2024-10-04T15:10:40Z" user="Trail_Caretaker" uid="10927321" lat="42.2855771" lon="-83.7259352"/>
 <node id="12236572867" visible="true" version="1" changeset="157650153" timestamp="2024-10-09T01:12:31Z" user="Trail_Caretaker" uid="10927321" lat="42.2831813" lon="-83.7200592"/>
 <node id="12557794745" visible="true" version="1" changeset="162146268" timestamp="2025-02-04T23:50:30Z" user="CurlConnoisseur" uid="21683308" lat="42.2874257" lon="-83.7326942"/>
 <node id="12557794791" visible="true" version="1" changeset="162146268" timestamp="2025-02-04T23:50:30Z" user="CurlConnoisseur" uid="21683308" lat="42.2902848" lon="-83.7281760"/>
 <node id="12566143451" visible="true" version="1" changeset="162258058" timestamp="2025-02-07T19:16:15Z" user="CurlConnoisseur" uid="21683308" lat="42.2844827" lon="-83.7275079"/>
 <node id="12566143452" visible="true" version="1" changeset="162258058" timestamp="2025-02-07T19:16:15Z" user="CurlConnoisseur" uid="21683308" lat="42.2836919" lon="-83.7271401"/>
 <node id="12566143453" visible="true" version="1" changeset="162258058" timestamp="2025-02-07T19:16:15Z" user="CurlConnoisseur" uid="21683308" lat="42.2835022" lon="-83.7270002"/>
 <node id="12566143454" visible="true" version="1" changeset="162258058" timestamp="2025-02-07T19:16:15Z" user="CurlConnoisseur" uid="21683308" lat="42.2828526" lon="-83.7265984"/>
 <node id="12566143455" visible="true" version="1" changeset="162258058" timestamp="2025-02-07T19:16:15Z" user="CurlConnoisseur" uid="21683308" lat="42.2825879" lon="-83.7264342"/>
 <node id="12566143456" visible="true" version="1" changeset="162258058" timestamp="2025-02-07T19:16:15Z" user="CurlConnoisseur" uid="21683308" lat="42.2824590" lon="-83.7263712"/>
 <node id="12566143457" visible="true" version="1" changeset="162258058" timestamp="2025-02-07T19:16:15Z" user="CurlConnoisseur" uid="21683308" lat="42.2816259" lon="-83.7267121"/>
 <node id="12566143458" visible="true" version="1" changeset="162258058" timestamp="2025-02-07T19:16:15Z" user="CurlConnoisseur" uid="21683308" lat="42.2817212" lon="-83.7265673"/>
 <node id="12566143459" visible="true" version="1" changeset="162258058" timestamp="2025-02-07T19:16:15Z" user="CurlConnoisseur" uid="21683308" lat="42.2815126" lon="-83.7281900"/>
 <node id="12976719810" visible="true" version="1" changeset="168474141" timestamp="2025-07-04T08:08:38Z" user="torapa" uid="5446055" lat="42.2831923" lon="-83.7372949"/>
 <node id="13269432987" visible="true" version="1" changeset="173955114" timestamp="2025-10-30T03:00:16Z" user="CurlConnoisseur" uid="21683308" lat="42.2759256" lon="-83.7433045"/>
 <node id="13285489350" visible="true" version="1" changeset="174296025" timestamp="2025-11-06T16:09:40Z" user="bjanevic" uid="21821241" lat="42.2849208" lon="-83.7385974"/>
 <way id="8722105" visible="true" version="13" changeset="156666112" timestamp="2024-09-15T22:51:31Z" user="liebezeit" uid="301136">
  <nd ref="4393371182"/>
  <nd ref="62484703"/>
  <nd ref="4393371181"/>
  <nd ref="4939310018"/>
  <nd ref="62484707"/>
  <tag k="cycleway:right" v="lane"/>
  <tag k="highway" v="secondary"/>
  <tag k="lanes" v="2"/>
  <tag k="lanes:backward" v="1"/>
  <tag k="lanes:forward" v="1"/>
  <tag k="maxspeed" v="35 mph"/>
  <tag k="name" v="Fuller Street"/>
  <tag k="name_1" v="Glen Avenue"/>
  <tag k="surface" v="asphalt"/>
  <tag k="tiger:cfcc" v="A41"/>
  <tag k="tiger:county" v="Washtenaw, MI"/>
  <tag k="tiger:name_base" v="Fuller"/>
  <tag k="tiger:name_base_1" v="Glen"/>
  <tag k="tiger:name_type" v="St"/>
  <tag k="tiger:name_type_1" v="Ave"/>
  <tag k="tiger:reviewed" v="no"/>
  <tag k="turn:lanes:forward" v="left"/>
 </way>
 <way id="8722107" visible="true" version="14" changeset="130096416" timestamp="2022-12-15T04:30:16Z" user="liebezeit" uid="301136">
  <nd ref="62544542"/>
  <nd ref="62484721"/>
  <nd ref="3222750917"/>
  <nd ref="62484707"/>
  <tag k="highway" v="secondary"/>
  <tag k="lanes" v="5"/>
  <tag k="lanes:backward" v="2"/>
  <tag k="lanes:forward" v="3"/>
  <tag k="lit" v="yes"/>
  <tag k="maxspeed" v="35 mph"/>
  <tag k="name" v="Glen Avenue"/>
  <tag k="name_1" v="Glen Avenue"/>
  <tag k="shoulder" v="no"/>
  <tag k="surface" v="asphalt"/>
  <tag k="tiger:cfcc" v="A41"/>
  <tag k="tiger:county" v="Washtenaw, MI"/>
  <tag k="tiger:name_base_1" v="Glen"/>
  <tag k="tiger:name_type_1" v="Ave"/>
  <tag k="tiger:reviewed" v="no"/>
  <tag k="tiger:zip_left" v="48104"/>
  <tag k="tiger:zip_right" v="48104"/>
  <tag k="turn:lanes:forward" v="left||"/>
 </way>
 <way id="8734341" visible="true" version="6" changeset="107803358" timestamp="2021-07-12T03:03:47Z" user="aqalieh" uid="411620">
  <nd ref="62621809"/>
  <nd ref="62621810"/>
  <nd ref="62621811"/>
  <nd ref="62621813"/>
  <nd ref="62621815"/>
  <nd ref="62621817"/>
  <nd ref="62621819"/>
  <nd ref="7933202777"/>
  <nd ref="4939302736"/>
  <nd ref="62484701"/>
  <tag k="highway" v="residential"/>
  <tag k="lanes" v="2"/>
  <tag k="name" v="Glen Court"/>
  <tag k="surface" v="asphalt"/>
  <tag k="tiger:cfcc" v="A41"/>
  <tag k="tiger:county" v="Washtenaw, MI"/>
  <tag k="tiger:name_base" v="Glen"/>
  <tag k="tiger:name_type" v="Ct"/>
  <tag k="tiger:reviewed" v="no"/>
  <tag k="tiger:zip_left" v="48104"/>
 </way>
 <way id="9257812" visible="true" version="11" changeset="154833197" timestamp="2024-08-05T00:23:29Z" user="mapper377" uid="2052336">
  <nd ref="69371339"/>
  <nd ref="69371347"/>
  <nd ref="69371328"/>
  <tag k="alt_name" v="Glen Avenue"/>
  <tag k="bridge" v="yes"/>
  <tag k="highway" v="secondary"/>
  <tag k="lanes" v="4"/>
  <tag k="layer" v="1"/>
  <tag k="lit" v="yes"/>
  <tag k="maxspeed" v="35 mph"/>
  <tag k="maxweight:signed" v="no"/>
  <tag k="name" v="Fuller Street"/>
  <tag k="sidewalk" v="separate"/>
  <tag k="surface" v="concrete"/>
  <tag k="tiger:cfcc" v="A41"/>
  <tag k="tiger:county" v="Washtenaw, MI"/>
  <tag k="tiger:name_base" v="Fuller"/>
  <tag k="tiger:name_base_1" v="Glen"/>
  <tag k="tiger:name_type" v="St"/>
  <tag k="tiger:name_type_1" v="Ave"/>
  <tag k="tiger:reviewed" v="no"/>
  <tag k="width" v="58'"/>
 </way>
 <way id="9257827" visible="true" version="11" changeset="154833197" timestamp="2024-08-05T00:23:29Z" user="mapper377" uid="2052336">
  <nd ref="62484707"/>
  <nd ref="62484708"/>
  <nd ref="69371339"/>
  <tag k="alt_name" v="Glen Avenue"/>
  <tag k="highway" v="secondary"/>
  <tag k="lanes" v="4"/>
  <tag k="lit" v="yes"/>
  <tag k="maxspeed" v="35 mph"/>
  <tag k="name" v="Fuller Street"/>
  <tag k="shoulder" v="no"/>
  <tag k="sidewalk" v="separate"/>
  <tag k="surface" v="asphalt"/>
  <tag k="tiger:cfcc" v="A41"/>
  <tag k="tiger:county" v="Washtenaw, MI"/>
  <tag k="tiger:name_base" v="Fuller"/>
  <tag k="tiger:name_base_1" v="Glen"/>
  <tag k="tiger:name_type" v="St"/>
  <tag k="tiger:name_type_1" v="Ave"/>
  <tag k="tiger:reviewed" v="no"/>
 </way>
 <way id="40976143" visible="true" version="55" changeset="179054121" timestamp="2026-02-25T19:25:23Z" user="CurlConnoisseur" uid="21683308">
  <nd ref="499329839"/>
  <nd ref="499329091"/>
  <nd ref="499339528"/>
  <nd ref="3196331790"/>
  <nd ref="3196331789"/>
  <nd ref="7124481602"/>
  <nd ref="12219490408"/>
  <nd ref="499339549"/>
  <nd ref="12219490412"/>
  <nd ref="7124481601"/>
  <nd ref="499339566"/>
  <nd ref="2038620968"/>
  <nd ref="2038620971"/>
  <nd ref="499339580"/>
  <nd ref="2038620986"/>
  <nd ref="499339595"/>
  <nd ref="2040284051"/>
  <nd ref="2040284024"/>
  <nd ref="2040284054"/>
  <nd ref="499339674"/>
  <nd ref="2040284032"/>
  <nd ref="4351262581"/>
  <nd ref="6932878126"/>
  <nd ref="4351262580"/>
  <nd ref="4351262564"/>
  <nd ref="4351262565"/>
  <nd ref="4351262563"/>
  <nd ref="13269432987"/>
  <nd ref="4351262562"/>
  <nd ref="4351262561"/>
  <nd ref="4351262560"/>
  <nd ref="4351262559"/>
  <nd ref="2038576084"/>
  <nd ref="4351262546"/>
  <nd ref="2038576088"/>
  <nd ref="2038576110"/>
  <nd ref="499339699"/>
  <nd ref="2038576129"/>
  <nd ref="2038579339"/>
  <nd ref="5406262308"/>
  <nd ref="2038576126"/>
  <nd ref="499329106"/>
  <nd ref="499339748"/>
  <nd ref="499339775"/>
  <nd ref="499339786"/>
  <nd ref="499329127"/>
  <nd ref="5483787697"/>
  <nd ref="6311075430"/>
  <nd ref="6311222822"/>
  <nd ref="6311075431"/>
  <nd ref="6311075432"/>
  <nd ref="6311075433"/>
  <nd ref="5601057711"/>
  <nd ref="499329250"/>
  <nd ref="499329280"/>
  <nd ref="499329295"/>
  <nd ref="499329312"/>
  <nd ref="499329330"/>
  <nd ref="499329340"/>
  <nd ref="499329355"/>
  <nd ref="499329374"/>
  <nd ref="4728721044"/>
  <nd ref="4728721045"/>
  <nd ref="499329391"/>
  <nd ref="12084272188"/>
  <nd ref="7177250005"/>
  <nd ref="7177250004"/>
  <nd ref="12084272186"/>
  <nd ref="499329406"/>
  <nd ref="7177249996"/>
  <nd ref="499329421"/>
  <nd ref="5698994942"/>
  <nd ref="499329451"/>
  <nd ref="2038932902"/>
  <nd ref="3216886665"/>
  <nd ref="3216886699"/>
  <nd ref="3049625728"/>
  <nd ref="2044184893"/>
  <nd ref="499329485"/>
  <nd ref="2044184907"/>
  <nd ref="499329501"/>
  <nd ref="499329530"/>
  <nd ref="2044184887"/>
  <nd ref="499329627"/>
  <nd ref="2044184916"/>
  <nd ref="499329648"/>
  <nd ref="5321270832"/>
  <nd ref="2044184825"/>
  <nd ref="2044184884"/>
  <nd ref="2044184881"/>
  <nd ref="4913050255"/>
  <nd ref="499329661"/>
  <nd ref="4913050254"/>
  <nd ref="6068849363"/>
  <nd ref="499329674"/>
  <nd ref="6068849364"/>
  <nd ref="6068849366"/>
  <nd ref="6068849365"/>
  <nd ref="499329697"/>
  <nd ref="499329713"/>
  <nd ref="2044184914"/>
  <nd ref="2342822257"/>
  <nd ref="499329736"/>
  <nd ref="2342822255"/>
  <nd ref="499329748"/>
  <nd ref="2342822254"/>
  <nd ref="499329756"/>
  <nd ref="2342822256"/>
  <nd ref="2044154326"/>
  <nd ref="499329771"/>
  <nd ref="2044154224"/>
  <nd ref="9133317278"/>
  <nd ref="3066931696"/>
  <nd ref="3066931697"/>
  <nd ref="3066931698"/>
  <nd ref="3066931699"/>
  <nd ref="3066931700"/>
  <nd ref="3066931704"/>
  <nd ref="3066931703"/>
  <nd ref="3066931702"/>
  <nd ref="7177239759"/>
  <nd ref="7177239758"/>
  <nd ref="3066931701"/>
  <nd ref="499339889"/>
  <nd ref="13285489350"/>
  <nd ref="9408592124"/>
  <nd ref="499329789"/>
  <nd ref="12976719810"/>
  <nd ref="12147063936"/>
  <nd ref="499329798"/>
  <nd ref="499329813"/>
  <nd ref="499329824"/>
  <nd ref="4509271735"/>
  <nd ref="2038932897"/>
  <nd ref="4509271736"/>
  <nd ref="2038932893"/>
  <nd ref="4509271739"/>
  <nd ref="12147063939"/>
  <nd ref="4509271723"/>
  <nd ref="12147063940"/>
  <nd ref="4509271737"/>
  <nd ref="499329839"/>
  <tag k="landuse" v="education"/>
  <tag k="name" v="Central Campus"/>
  <tag k="operator" v="University of Michigan"/>
 </way>
 <way id="52448275" visible="true" version="25" changeset="162146268" timestamp="2025-02-04T23:50:30Z" user="CurlConnoisseur" uid="21683308">
  <nd ref="31039838"/>
  <nd ref="666518623"/>
  <nd ref="666518624"/>
  <nd ref="666518626"/>
  <nd ref="666518625"/>
  <nd ref="666518627"/>
  <nd ref="666518628"/>
  <nd ref="666518634"/>
  <nd ref="666518633"/>
  <nd ref="666518632"/>
  <nd ref="666518616"/>
  <nd ref="666518648"/>
  <nd ref="666518651"/>
  <nd ref="666518650"/>
  <nd ref="666518653"/>
  <nd ref="666518652"/>
  <nd ref="666518649"/>
  <nd ref="5605092095"/>
  <nd ref="5605092094"/>
  <nd ref="5605092096"/>
  <nd ref="5605092093"/>
  <nd ref="5605092091"/>
  <nd ref="5605092092"/>
  <nd ref="666518655"/>
  <nd ref="5605092090"/>
  <nd ref="5605092089"/>
  <nd ref="5605092088"/>
  <nd ref="5605092087"/>
  <nd ref="5605092086"/>
  <nd ref="5605092085"/>
  <nd ref="5605092080"/>
  <nd ref="5605092081"/>
  <nd ref="5605092082"/>
  <nd ref="666518656"/>
  <nd ref="5605092083"/>
  <nd ref="5605092084"/>
  <nd ref="5605092079"/>
  <nd ref="5605092078"/>
  <nd ref="5605092077"/>
  <nd ref="5605092076"/>
  <nd ref="5605092075"/>
  <nd ref="5605092074"/>
  <nd ref="5605092073"/>
  <nd ref="5605092097"/>
  <nd ref="5605092098"/>
  <nd ref="666518642"/>
  <nd ref="5605092072"/>
  <nd ref="5605092099"/>
  <nd ref="5605092100"/>
  <nd ref="5605092071"/>
  <nd ref="5605092101"/>
  <nd ref="5605092102"/>
  <nd ref="5605092103"/>
  <nd ref="5605092070"/>
  <nd ref="5605092104"/>
  <nd ref="5605092105"/>
  <nd ref="5605092069"/>
  <nd ref="5605092068"/>
  <nd ref="666518644"/>
  <nd ref="5605092067"/>
  <nd ref="5605092066"/>
  <nd ref="5605092065"/>
  <nd ref="666518645"/>
  <nd ref="5605092064"/>
  <nd ref="666518643"/>
  <nd ref="5605092106"/>
  <nd ref="666518660"/>
  <nd ref="666518253"/>
  <nd ref="666518254"/>
  <nd ref="666518251"/>
  <nd ref="5605092063"/>
  <nd ref="3266930128"/>
  <nd ref="666518252"/>
  <nd ref="666518233"/>
  <nd ref="3800100114"/>
  <nd ref="666518222"/>
  <nd ref="666518223"/>
  <nd ref="666518226"/>
  <nd ref="12236572867"/>
  <nd ref="666518227"/>
  <nd ref="666518224"/>
  <nd ref="666518225"/>
  <nd ref="666518184"/>
  <nd ref="666518183"/>
  <nd ref="666518182"/>
  <nd ref="666518181"/>
  <nd ref="666518180"/>
  <nd ref="666518171"/>
  <nd ref="666518170"/>
  <nd ref="666518169"/>
  <nd ref="666518168"/>
  <nd ref="666518191"/>
  <nd ref="666518190"/>
  <nd ref="666518189"/>
  <nd ref="666518195"/>
  <nd ref="666518199"/>
  <nd ref="666518198"/>
  <nd ref="666518197"/>
  <nd ref="666518196"/>
  <nd ref="666518201"/>
  <nd ref="666518202"/>
  <nd ref="666518203"/>
  <nd ref="666518204"/>
  <nd ref="666518205"/>
  <nd ref="666518206"/>
  <nd ref="666518357"/>
  <nd ref="666518358"/>
  <nd ref="666518359"/>
  <nd ref="2262875487"/>
  <nd ref="666518360"/>
  <nd ref="666518361"/>
  <nd ref="666518362"/>
  <nd ref="666518371"/>
  <nd ref="666518374"/>
  <nd ref="666518376"/>
  <nd ref="666518379"/>
  <nd ref="666518389"/>
  <nd ref="666518388"/>
  <nd ref="666518387"/>
  <nd ref="666518391"/>
  <nd ref="666518390"/>
  <nd ref="666518399"/>
  <nd ref="666518398"/>
  <nd ref="666518401"/>
  <nd ref="666518400"/>
  <nd ref="666518402"/>
  <nd ref="666518320"/>
  <nd ref="666518322"/>
  <nd ref="666518321"/>
  <nd ref="666518324"/>
  <nd ref="666518323"/>
  <nd ref="666518310"/>
  <nd ref="2342819561"/>
  <nd ref="12557794791"/>
  <nd ref="666518309"/>
  <nd ref="666518305"/>
  <nd ref="666518304"/>
  <nd ref="666518307"/>
  <nd ref="666518306"/>
  <nd ref="666518308"/>
  <nd ref="666518299"/>
  <nd ref="666518301"/>
  <nd ref="666518300"/>
  <nd ref="666518286"/>
  <nd ref="666518285"/>
  <nd ref="666518288"/>
  <nd ref="666518287"/>
  <nd ref="666518290"/>
  <nd ref="666518289"/>
  <nd ref="666518291"/>
  <nd ref="1729302218"/>
  <nd ref="666518265"/>
  <nd ref="12557794745"/>
  <nd ref="666518266"/>
  <nd ref="4555402451"/>
  <nd ref="666518267"/>
  <nd ref="666518268"/>
  <nd ref="6932249608"/>
  <nd ref="666518156"/>
  <nd ref="666518157"/>
  <nd ref="666518158"/>
  <nd ref="6932249607"/>
  <nd ref="666518159"/>
  <nd ref="666518160"/>
  <nd ref="666518161"/>
  <nd ref="666518162"/>
  <nd ref="4555402450"/>
  <nd ref="6932249606"/>
  <nd ref="666518163"/>
  <nd ref="666518164"/>
  <nd ref="6932249605"/>
  <nd ref="666518110"/>
  <nd ref="666518111"/>
  <nd ref="666518112"/>
  <nd ref="666518113"/>
  <nd ref="2342202462"/>
  <nd ref="666518101"/>
  <nd ref="666518104"/>
  <nd ref="666518103"/>
  <nd ref="666518127"/>
  <nd ref="666518129"/>
  <nd ref="1729302222"/>
  <nd ref="666518128"/>
  <nd ref="666518135"/>
  <nd ref="666518099"/>
  <nd ref="666518098"/>
  <nd ref="666518097"/>
  <nd ref="666518142"/>
  <nd ref="666518141"/>
  <nd ref="666518145"/>
  <nd ref="666518146"/>
  <nd ref="5567692994"/>
  <nd ref="666518143"/>
  <nd ref="5567692995"/>
  <nd ref="666518144"/>
  <nd ref="5567692996"/>
  <nd ref="666518147"/>
  <nd ref="5567692997"/>
  <nd ref="666518148"/>
  <nd ref="5567692998"/>
  <nd ref="666518089"/>
  <nd ref="12061494672"/>
  <nd ref="666518091"/>
  <nd ref="666518092"/>
  <nd ref="666518079"/>
  <nd ref="666518084"/>
  <nd ref="8064013408"/>
  <nd ref="8064013409"/>
  <nd ref="666518087"/>
  <nd ref="8064013405"/>
  <nd ref="8064013406"/>
  <nd ref="8064013407"/>
  <nd ref="666518088"/>
  <nd ref="1729302278"/>
  <nd ref="11880616381"/>
  <nd ref="11880616382"/>
  <nd ref="8063968466"/>
  <nd ref="11880616383"/>
  <nd ref="11880616380"/>
  <nd ref="1729302280"/>
  <nd ref="1729302282"/>
  <nd ref="666518085"/>
  <nd ref="1729302287"/>
  <nd ref="1729302291"/>
  <nd ref="305090633"/>
  <tag k="NHD:ComID" v="145334255"/>
  <tag k="NHD:FCode" v="46006"/>
  <tag k="NHD:FDate" v="2006/02/04"/>
  <tag k="NHD:FTYPE" v="StreamRiver"/>
  <tag k="NHD:RESOLUTION" v="High"/>
  <tag k="source" v="NHD"/>
 </way>
 <way id="193910367" visible="true" version="2" changeset="111887150" timestamp="2021-09-29T20:51:14Z" user="A2in4mation" uid="6895580">
  <nd ref="2044154237"/>
  <nd ref="9133317274"/>
  <nd ref="2044154369"/>
  <nd ref="2044154395"/>
  <nd ref="2044154287"/>
  <nd ref="2044154450"/>
  <nd ref="2044154234"/>
  <tag k="highway" v="service"/>
  <tag k="service" v="driveway"/>
 </way>
 <way id="193910370" visible="true" version="2" changeset="27304111" timestamp="2014-12-07T03:02:25Z" user="DougPeterson" uid="1469704">
  <nd ref="2044154280"/>
  <nd ref="2044154376"/>
  <nd ref="2044154446"/>
  <nd ref="2044154234"/>
  <nd ref="2044154350"/>
  <nd ref="2044154307"/>
  <nd ref="2044154369"/>
  <tag k="highway" v="service"/>
  <tag k="service" v="driveway"/>
 </way>
 <way id="223569637" visible="true" version="1" changeset="16340355" timestamp="2013-05-29T16:53:21Z" user="miqrogroove" uid="713233">
  <nd ref="2324516503"/>
  <nd ref="2324517603"/>
  <nd ref="2324517607"/>
  <nd ref="2324517605"/>
  <nd ref="2324517608"/>
  <nd ref="2324517601"/>
  <nd ref="2324517600"/>
  <tag k="power" v="minor_line"/>
 </way>
 <way id="302169786" visible="true" version="5" changeset="116003189" timestamp="2022-01-11T00:40:34Z" user="yamanq" uid="13624358">
  <nd ref="3064171280"/>
  <nd ref="3064171282"/>
  <nd ref="3064171283"/>
  <nd ref="3064171284"/>
  <nd ref="4325241097"/>
  <nd ref="3064171303"/>
  <nd ref="3064171304"/>
  <nd ref="4325241098"/>
  <nd ref="4326923391"/>
  <nd ref="4325241108"/>
  <nd ref="4325241107"/>
  <nd ref="3064171281"/>
  <nd ref="3064171295"/>
  <nd ref="3064171294"/>
  <nd ref="3064171293"/>
  <nd ref="3064171292"/>
  <nd ref="3064171280"/>
  <tag k="addr:city" v="Ann Arbor"/>
  <tag k="addr:housenumber" v="1150"/>
  <tag k="addr:postcode" v="48109"/>
  <tag k="addr:street" v="West Medical Center Drive"/>
  <tag k="building" v="university"/>
  <tag k="name" v="Medical Sciences Research Building"/>
  <tag k="short_name" v="MSRB"/>
 </way>
 <way id="316162251" visible="true" version="4" changeset="174286458" timestamp="2025-11-06T12:45:19Z" user="Hypsometric" uid="3307068">
  <nd ref="3222750872"/>
  <nd ref="2044154307"/>
  <nd ref="2044154350"/>
  <nd ref="2044154234"/>
  <nd ref="2044154446"/>
  <nd ref="2044154376"/>
  <nd ref="3222750893"/>
  <nd ref="3222750890"/>
  <nd ref="3222750884"/>
  <nd ref="3222750879"/>
  <nd ref="3222750872"/>
  <tag k="access" v="customers"/>
  <tag k="amenity" v="parking"/>
  <tag k="fee" v="yes"/>
  <tag k="parking" v="surface"/>
  <tag k="ref" v="M69"/>
 </way>
 <way id="316162261" visible="true" version="6" changeset="174350752" timestamp="2025-11-07T20:31:29Z" user="bjanevic" uid="21821241">
  <nd ref="9132752890"/>
  <nd ref="3222750917"/>
  <nd ref="4939310274"/>
  <tag k="bicycle" v="designated"/>
  <tag k="crossing" v="traffic_signals"/>
  <tag k="crossing:island" v="no"/>
  <tag k="crossing:markings" v="zebra"/>
  <tag k="cycleway" v="crossing"/>
  <tag k="foot" v="designated"/>
  <tag k="highway" v="cycleway"/>
  <tag k="surface" v="asphalt"/>
 </way>
 <way id="441598618" visible="true" version="8" changeset="168474141" timestamp="2025-07-04T08:08:38Z" user="torapa" uid="5446055">
  <nd ref="62484686"/>
  <nd ref="4939302590"/>
  <nd ref="6801512031"/>
  <nd ref="62484688"/>
  <nd ref="5624555580"/>
  <nd ref="62484693"/>
  <nd ref="62484695"/>
  <nd ref="62484697"/>
  <nd ref="62484700"/>
  <nd ref="62484701"/>
  <nd ref="62484702"/>
  <nd ref="4393371182"/>
  <tag k="cycleway:right" v="lane"/>
  <tag k="highway" v="secondary"/>
  <tag k="lanes" v="2"/>
  <tag k="maxspeed" v="35 mph"/>
  <tag k="name" v="Fuller Street"/>
  <tag k="name_1" v="Glen Avenue"/>
  <tag k="surface" v="asphalt"/>
  <tag k="tiger:cfcc" v="A41"/>
  <tag k="tiger:county" v="Washtenaw, MI"/>
  <tag k="tiger:name_base" v="Fuller"/>
  <tag k="tiger:name_base_1" v="Glen"/>
  <tag k="tiger:name_type" v="St"/>
  <tag k="tiger:name_type_1" v="Ave"/>
  <tag k="tiger:reviewed" v="no"/>
 </way>
 <way id="441598627" visible="true" version="12" changeset="156833364" timestamp="2024-09-19T17:58:54Z" user="Technotion" uid="21326676">
  <nd ref="62518003"/>
  <nd ref="4939334675"/>
  <nd ref="5329580711"/>
  <nd ref="12185209786"/>
  <nd ref="4646094456"/>
  <nd ref="2044154392"/>
  <nd ref="12185209784"/>
  <nd ref="62544538"/>
  <nd ref="62544539"/>
  <nd ref="62544540"/>
  <nd ref="62544542"/>
  <tag k="cycleway:both" v="no"/>
  <tag k="highway" v="secondary"/>
  <tag k="lanes" v="4"/>
  <tag k="lanes:backward" v="2"/>
  <tag k="lanes:forward" v="2"/>
  <tag k="lit" v="yes"/>
  <tag k="maxheight" v="default"/>
  <tag k="maxspeed" v="35 mph"/>
  <tag k="name" v="Glen Avenue"/>
  <tag k="name_1" v="Glen Avenue"/>
  <tag k="shoulder" v="no"/>
  <tag k="surface" v="asphalt"/>
  <tag k="tiger:cfcc" v="A41"/>
  <tag k="tiger:county" v="Washtenaw, MI"/>
  <tag k="tiger:name_base" v="Glen"/>
  <tag k="tiger:name_base_1" v="Glen"/>
  <tag k="tiger:name_type" v="Ave"/>
  <tag k="tiger:name_type_1" v="Ave"/>
  <tag k="tiger:reviewed" v="no"/>
  <tag k="tiger:zip_left" v="48104"/>
  <tag k="tiger:zip_right" v="48104"/>
  <tag k="turn:lanes:forward" v="left|"/>
 </way>
 <way id="459799478" visible="true" version="2" changeset="76405524" timestamp="2019-10-30T16:26:45Z" user="lmum" uid="1084189">
  <nd ref="2342170548"/>
  <nd ref="2342170547"/>
  <nd ref="2342170545"/>
  <nd ref="2342170543"/>
  <nd ref="2342170538"/>
  <nd ref="2342170536"/>
  <nd ref="2342170533"/>
  <nd ref="2342170531"/>
  <nd ref="2342170523"/>
  <nd ref="2342170513"/>
  <nd ref="2342170516"/>
  <nd ref="2342170517"/>
  <nd ref="2342170525"/>
  <nd ref="2342170528"/>
  <nd ref="2342170530"/>
  <nd ref="2342170532"/>
  <nd ref="2342170535"/>
  <nd ref="666518112"/>
  <nd ref="666518111"/>
  <nd ref="666518110"/>
  <nd ref="6932249605"/>
  <nd ref="666518164"/>
  <nd ref="666518163"/>
  <nd ref="6932249606"/>
  <nd ref="4555402450"/>
  <nd ref="666518162"/>
  <nd ref="666518161"/>
  <nd ref="666518160"/>
  <nd ref="666518159"/>
  <nd ref="6932249607"/>
  <nd ref="666518158"/>
  <nd ref="666518157"/>
  <nd ref="666518156"/>
  <nd ref="6932249608"/>
  <nd ref="666518268"/>
  <nd ref="666518267"/>
  <nd ref="4555402451"/>
  <nd ref="2342170548"/>
 </way>
 <way id="469326074" visible="true" version="1" changeset="45542986" timestamp="2017-01-27T05:20:08Z" user="NateS" uid="5204667">
  <nd ref="4636754022"/>
  <nd ref="4636754023"/>
  <nd ref="4636754024"/>
  <nd ref="4636754025"/>
  <nd ref="4636754022"/>
  <tag k="addr:city" v="Ann Arbor"/>
  <tag k="addr:housenumber" v="1028"/>
  <tag k="addr:postcode" v="48104"/>
  <tag k="addr:state" v="MI"/>
  <tag k="addr:street" v="Fuller Street"/>
  <tag k="building" v="apartments"/>
  <tag k="building:levels" v="3"/>
 </way>
 <way id="469326270" visible="true" version="2" changeset="115999154" timestamp="2022-01-10T21:32:07Z" user="yamanq" uid="13624358">
  <nd ref="4636755100"/>
  <nd ref="4636755101"/>
  <nd ref="4636755102"/>
  <nd ref="4636755103"/>
  <nd ref="9408523374"/>
  <nd ref="9408523375"/>
  <nd ref="4636755104"/>
  <nd ref="9408523373"/>
  <nd ref="4636755105"/>
  <nd ref="9408523370"/>
  <nd ref="9408523371"/>
  <nd ref="9408523372"/>
  <nd ref="4636755106"/>
  <nd ref="4636755107"/>
  <nd ref="4636755100"/>
  <tag k="building" v="apartments"/>
 </way>
 <way id="503659200" visible="true" version="5" changeset="168474141" timestamp="2025-07-04T08:08:38Z" user="torapa" uid="5446055">
  <nd ref="4939302593"/>
  <nd ref="6801512032"/>
  <nd ref="5624555579"/>
  <nd ref="4939302597"/>
  <nd ref="4939302598"/>
  <nd ref="4939302599"/>
  <nd ref="4939302600"/>
  <nd ref="7933202772"/>
  <nd ref="4939302601"/>
  <nd ref="4939302603"/>
  <nd ref="4939302602"/>
  <tag k="footway" v="sidewalk"/>
  <tag k="highway" v="footway"/>
 </way>
 <way id="503659201" visible="true" version="2" changeset="107803354" timestamp="2021-07-12T03:03:48Z" user="aqalieh" uid="411620">
  <nd ref="4939302603"/>
  <nd ref="4939302604"/>
  <nd ref="4939302605"/>
  <nd ref="4939302606"/>
  <nd ref="4939302607"/>
  <nd ref="4939302608"/>
  <nd ref="4939302609"/>
  <nd ref="4939302610"/>
  <nd ref="4939302611"/>
  <nd ref="4939302612"/>
  <nd ref="4939302613"/>
  <nd ref="4939302614"/>
  <nd ref="4939302615"/>
  <tag k="footway" v="sidewalk"/>
  <tag k="highway" v="footway"/>
  <tag k="surface" v="concrete"/>
 </way>
 <way id="503659202" visible="true" version="5" changeset="139138910" timestamp="2023-07-28T14:53:10Z" user="khuldraeseth" uid="19971411">
  <nd ref="4939302619"/>
  <nd ref="4939302620"/>
  <nd ref="4939302721"/>
  <nd ref="4939302722"/>
  <nd ref="4939302723"/>
  <nd ref="4939302724"/>
  <nd ref="4939302725"/>
  <nd ref="4939302726"/>
  <nd ref="4939302727"/>
  <nd ref="4939302728"/>
  <nd ref="4939302729"/>
  <nd ref="9132752890"/>
  <nd ref="4939302730"/>
  <tag k="bicycle" v="designated"/>
  <tag k="foot" v="designated"/>
  <tag k="highway" v="cycleway"/>
  <tag k="segregated" v="no"/>
  <tag k="surface" v="concrete"/>
 </way>
 <way id="503659203" visible="true" version="1" changeset="49876628" timestamp="2017-06-28T00:53:20Z" user="IanH" uid="306962">
  <nd ref="4939302735"/>
  <nd ref="4939302736"/>
  <nd ref="4939302602"/>
  <tag k="footway" v="crossing"/>
  <tag k="highway" v="footway"/>
 </way>
 <way id="503659697" visible="true" version="3" changeset="174350752" timestamp="2025-11-07T20:31:29Z" user="bjanevic" uid="21821241">
  <nd ref="4939302730"/>
  <nd ref="4939310018"/>
  <nd ref="4939310019"/>
  <tag k="bicycle" v="designated"/>
  <tag k="crossing" v="traffic_signals"/>
  <tag k="crossing:island" v="no"/>
  <tag k="crossing:markings" v="zebra"/>
  <tag k="cycleway" v="crossing"/>
  <tag k="foot" v="designated"/>
  <tag k="highway" v="cycleway"/>
  <tag k="surface" v="asphalt"/>
 </way>
 <way id="503659698" visible="true" version="5" changeset="139138910" timestamp="2023-07-28T14:53:09Z" user="khuldraeseth" uid="19971411">
  <nd ref="4939310019"/>
  <nd ref="4939310020"/>
  <tag k="bicycle" v="designated"/>
  <tag k="foot" v="designated"/>
  <tag k="highway" v="cycleway"/>
  <tag k="segregated" v="no"/>
  <tag k="surface" v="concrete"/>
 </way>
 <way id="503659717" visible="true" version="5" changeset="139138910" timestamp="2023-07-28T14:53:09Z" user="khuldraeseth" uid="19971411">
  <nd ref="4939334674"/>
  <nd ref="4939334673"/>
  <nd ref="4939334672"/>
  <nd ref="4939334671"/>
  <nd ref="4939334670"/>
  <nd ref="4939334669"/>
  <nd ref="4939334668"/>
  <nd ref="4939334667"/>
  <nd ref="4939334666"/>
  <nd ref="4939334665"/>
  <nd ref="4939334664"/>
  <nd ref="4939334663"/>
  <nd ref="4939334662"/>
  <nd ref="4939334661"/>
  <nd ref="4939310274"/>
  <nd ref="4939334659"/>
  <nd ref="4939334660"/>
  <nd ref="4939334658"/>
  <tag k="bicycle" v="designated"/>
  <tag k="foot" v="designated"/>
  <tag k="highway" v="cycleway"/>
  <tag k="segregated" v="no"/>
  <tag k="surface" v="concrete"/>
 </way>
 <way id="503662548" visible="true" version="4" changeset="154833197" timestamp="2024-08-05T00:23:29Z" user="mapper377" uid="2052336">
  <nd ref="4939310020"/>
  <nd ref="4939310221"/>
  <nd ref="4939334657"/>
  <nd ref="4939310222"/>
  <nd ref="4939334655"/>
  <tag k="bicycle" v="designated"/>
  <tag k="bridge" v="yes"/>
  <tag k="foot" v="designated"/>
  <tag k="highway" v="cycleway"/>
  <tag k="layer" v="1"/>
  <tag k="segregated" v="no"/>
  <tag k="surface" v="concrete"/>
  <tag k="width" v="10'"/>
 </way>
 <way id="503662549" visible="true" version="5" changeset="154833197" timestamp="2024-08-05T00:23:29Z" user="mapper377" uid="2052336">
  <nd ref="4939334658"/>
  <nd ref="4939334654"/>
  <nd ref="6043760202"/>
  <nd ref="4939334656"/>
  <tag k="bicycle" v="designated"/>
  <tag k="bridge" v="yes"/>
  <tag k="foot" v="designated"/>
  <tag k="highway" v="cycleway"/>
  <tag k="layer" v="1"/>
  <tag k="segregated" v="no"/>
  <tag k="surface" v="concrete"/>
  <tag k="width" v="10'"/>
 </way>
 <way id="537957136" visible="true" version="1" changeset="53478063" timestamp="2017-11-03T12:39:18Z" user="A2in4mation" uid="6895580">
  <nd ref="5208261625"/>
  <nd ref="5208261626"/>
  <nd ref="5208261627"/>
  <nd ref="5208261628"/>
  <nd ref="5208261625"/>
  <tag k="amenity" v="motorcycle_parking"/>
  <tag k="name" v="Unumbered motorcycle parking"/>
 </way>
 <way id="582981041" visible="true" version="4" changeset="162258058" timestamp="2025-02-07T19:16:15Z" user="CurlConnoisseur" uid="21683308">
  <nd ref="5574160063"/>
  <nd ref="3065664544"/>
  <nd ref="3065664545"/>
  <nd ref="3065664546"/>
  <nd ref="5574160062"/>
  <nd ref="5574160061"/>
  <nd ref="3065664547"/>
  <nd ref="5574160060"/>
  <nd ref="3065664548"/>
  <nd ref="3065664549"/>
  <nd ref="3065664550"/>
  <nd ref="5481526660"/>
  <nd ref="5481526659"/>
  <nd ref="5481526658"/>
  <nd ref="5481526657"/>
  <nd ref="5481526661"/>
  <nd ref="3065664551"/>
  <nd ref="5481526656"/>
  <nd ref="3065664552"/>
  <nd ref="5481526655"/>
  <nd ref="5964787451"/>
  <nd ref="3065664553"/>
  <nd ref="5964787452"/>
  <nd ref="5481526654"/>
  <nd ref="5481526644"/>
  <nd ref="3065664554"/>
  <nd ref="5481526649"/>
  <nd ref="5481526650"/>
  <nd ref="5481526651"/>
  <nd ref="353981389"/>
  <nd ref="12566143459"/>
  <nd ref="5574160089"/>
  <nd ref="5574160088"/>
  <nd ref="354015071"/>
  <nd ref="12566143457"/>
  <nd ref="12566143458"/>
  <nd ref="3049411099"/>
  <nd ref="3049411098"/>
  <nd ref="3049411097"/>
  <nd ref="3049411096"/>
  <nd ref="3049411095"/>
  <nd ref="3049411094"/>
  <nd ref="12566143456"/>
  <nd ref="12566143455"/>
  <nd ref="12566143454"/>
  <nd ref="5574160082"/>
  <nd ref="12566143453"/>
  <nd ref="12566143452"/>
  <nd ref="5574160081"/>
  <nd ref="12566143451"/>
  <nd ref="5574160080"/>
  <nd ref="5574160079"/>
  <nd ref="5574160078"/>
  <nd ref="5574160077"/>
  <nd ref="5574160076"/>
  <nd ref="5574160075"/>
  <nd ref="5574160074"/>
  <nd ref="5574160073"/>
  <nd ref="5574160072"/>
  <nd ref="5574160071"/>
  <nd ref="5574160070"/>
  <nd ref="5574160069"/>
  <nd ref="499329736"/>
  <nd ref="2342822255"/>
  <nd ref="499329748"/>
  <nd ref="2342822254"/>
  <nd ref="499329756"/>
  <nd ref="2342822256"/>
  <nd ref="2044154326"/>
  <nd ref="499329771"/>
  <nd ref="2044154224"/>
  <nd ref="5574160068"/>
  <nd ref="5574160067"/>
  <nd ref="5574160066"/>
  <nd ref="5574160065"/>
  <nd ref="5574160064"/>
  <nd ref="5574160063"/>
  <tag k="addr:city" v="Ann Arbor"/>
  <tag k="addr:postcode" v="48109"/>
  <tag k="amenity" v="hospital"/>
  <tag k="check_date" v="2024-09-02"/>
  <tag k="emergency" v="yes"/>
  <tag k="gnis:feature_id" v="1615314"/>
  <tag k="healthcare" v="hospital"/>
  <tag k="name" v="University of Michigan Medical Center"/>
  <tag k="opening_hours" v="24/7"/>
  <tag k="operator" v="Michigan Medicine"/>
  <tag k="website" v="https://www.uofmhealth.org/"/>
 </way>
 <way id="641838340" visible="true" version="2" changeset="154833197" timestamp="2024-08-05T00:23:29Z" user="mapper377" uid="2052336">
  <nd ref="6043760205"/>
  <nd ref="6043760203"/>
  <nd ref="4939310020"/>
  <nd ref="69371339"/>
  <nd ref="4939334658"/>
  <nd ref="6043760204"/>
  <nd ref="6043760206"/>
  <nd ref="4939334656"/>
  <nd ref="69371328"/>
  <nd ref="4939334655"/>
  <nd ref="6043760205"/>
  <tag k="bridge:structure" v="beam"/>
  <tag k="layer" v="1"/>
  <tag k="man_made" v="bridge"/>
  <tag k="operator" v="City of Ann Arbor"/>
  <tag k="ref:US:dot:nbi" v="11069"/>
  <tag k="start_date" v="1982"/>
 </way>
 <way id="850350950" visible="true" version="1" changeset="91331383" timestamp="2020-09-23T04:40:44Z" user="vrevanth" uid="11558576">
  <nd ref="62484697"/>
  <nd ref="7933202772"/>
  <nd ref="7933202773"/>
  <nd ref="7933202774"/>
  <nd ref="7933202775"/>
  <nd ref="7933202776"/>
  <nd ref="4939302608"/>
  <nd ref="7933202777"/>
  <tag k="highway" v="service"/>
 </way>
 <way id="988115070" visible="true" version="2" changeset="123022629" timestamp="2022-06-29T23:24:50Z" user="chriswhy" uid="5568963">
  <nd ref="4941260323"/>
  <nd ref="9133317267"/>
  <nd ref="9133317270"/>
  <nd ref="9856830883"/>
  <nd ref="9133317273"/>
  <nd ref="9133317274"/>
  <nd ref="9133317275"/>
  <nd ref="9133317276"/>
  <nd ref="9133317278"/>
  <nd ref="9133317279"/>
  <nd ref="9133317280"/>
  <nd ref="9133317281"/>
  <nd ref="9133317284"/>
  <nd ref="9133317285"/>
  <nd ref="9133317286"/>
  <nd ref="9133317287"/>
  <nd ref="9856830882"/>
  <nd ref="9133317289"/>
  <nd ref="9133317290"/>
  <nd ref="9133317291"/>
  <nd ref="9133317292"/>
  <nd ref="9133317295"/>
  <nd ref="9133317297"/>
  <nd ref="9133317298"/>
  <nd ref="9133317300"/>
  <nd ref="9133317301"/>
  <nd ref="6068836690"/>
  <tag k="footway" v="sidewalk"/>
  <tag k="highway" v="footway"/>
 </way>
 <way id="1074654783" visible="true" version="2" changeset="174286458" timestamp="2025-11-06T12:45:19Z" user="Hypsometric" uid="3307068">
  <nd ref="62508702"/>
  <nd ref="62508705"/>
  <nd ref="62508707"/>
  <nd ref="62508710"/>
  <nd ref="62508712"/>
  <nd ref="62508714"/>
  <nd ref="62508716"/>
  <nd ref="2044154237"/>
  <nd ref="62508720"/>
  <nd ref="62508721"/>
  <nd ref="5329580712"/>
  <tag k="highway" v="residential"/>
  <tag k="lanes" v="2"/>
  <tag k="lit" v="yes"/>
  <tag k="maxspeed" v="25 mph"/>
  <tag k="name" v="West Medical Center Drive"/>
  <tag k="sidewalk:left" v="separate"/>
  <tag k="sidewalk:right" v="no"/>
  <tag k="surface" v="asphalt"/>
  <tag k="tiger:cfcc" v="A41"/>
  <tag k="tiger:county" v="Washtenaw, MI"/>
  <tag k="tiger:name_base" v="Medical Center"/>
  <tag k="tiger:name_direction_prefix" v="W"/>
  <tag k="tiger:name_type" v="Dr;Arc"/>
  <tag k="tiger:reviewed" v="no"/>
 </way>
 <way id="1161772102" visible="true" version="1" changeset="134831203" timestamp="2023-04-12T18:19:16Z" user="wusatosi" uid="17641847">
  <nd ref="4939302730"/>
  <nd ref="4939302731"/>
  <nd ref="4939302732"/>
  <nd ref="4939302733"/>
  <nd ref="4939302734"/>
  <nd ref="4939302735"/>
  <tag k="footway" v="sidewalk"/>
  <tag k="highway" v="footway"/>
  <tag k="surface" v="concrete"/>
 </way>
 <way id="1237131879" visible="true" version="1" changeset="145902716" timestamp="2024-01-05T01:32:36Z" user="RailandSea" uid="18757334">
  <nd ref="11489737360"/>
  <nd ref="62604849"/>
  <nd ref="62604847"/>
  <nd ref="62604844"/>
  <nd ref="62604842"/>
  <nd ref="369022531"/>
  <nd ref="2037528005"/>
  <nd ref="2037528006"/>
  <nd ref="62604838"/>
  <nd ref="62604487"/>
  <nd ref="62604491"/>
  <nd ref="62604494"/>
  <nd ref="2037527994"/>
  <nd ref="62604497"/>
  <nd ref="3891251594"/>
  <nd ref="62604500"/>
  <tag k="electrified" v="no"/>
  <tag k="gauge" v="1435"/>
  <tag k="maxspeed" v="65 mph"/>
  <tag k="maxspeed:freight" v="50 mph"/>
  <tag k="name" v="Michigan Subdivision"/>
  <tag k="note:old_railway_operator" v="MC"/>
  <tag k="old_railway_operator" v="NYC"/>
  <tag k="operator" v="Amtrak"/>
  <tag k="owner" v="Michigan Department of Transportation"/>
  <tag k="ownership" v="state"/>
  <tag k="railway" v="rail"/>
  <tag k="railway:ctc" v="yes"/>
  <tag k="railway:etms" v="yes"/>
  <tag k="railway:itcs" v="yes"/>
  <tag k="railway:ptc" v="yes"/>
  <tag k="railway:track_ref" v="main"/>
  <tag k="tiger:cfcc" v="B11"/>
  <tag k="tiger:county" v="Washtenaw, MI"/>
  <tag k="tiger:name_base" v="Conrail Railroad"/>
  <tag k="tiger:reviewed" v="no"/>
  <tag k="usage" v="main"/>
 </way>
 <way id="1237131880" visible="true" version="1" changeset="145902716" timestamp="2024-01-05T01:32:36Z" user="RailandSea" uid="18757334">
  <nd ref="11489737361"/>
  <nd ref="2264452369"/>
  <nd ref="62604868"/>
  <nd ref="62604866"/>
  <nd ref="2037528010"/>
  <nd ref="62604864"/>
  <nd ref="62604862"/>
  <nd ref="62604861"/>
  <nd ref="2037528018"/>
  <nd ref="62604859"/>
  <nd ref="62604858"/>
  <nd ref="3891251592"/>
  <nd ref="62604855"/>
  <nd ref="2037528001"/>
  <nd ref="2037528002"/>
  <nd ref="62604853"/>
  <nd ref="62604851"/>
  <nd ref="11489737360"/>
  <tag k="electrified" v="no"/>
  <tag k="gauge" v="1435"/>
  <tag k="maxspeed" v="55 mph"/>
  <tag k="maxspeed:freight" v="30 mph"/>
  <tag k="name" v="Michigan Subdivision"/>
  <tag k="note:old_railway_operator" v="MC"/>
  <tag k="old_railway_operator" v="NYC"/>
  <tag k="operator" v="Amtrak"/>
  <tag k="owner" v="Michigan Department of Transportation"/>
  <tag k="ownership" v="state"/>
  <tag k="railway" v="rail"/>
  <tag k="railway:ctc" v="yes"/>
  <tag k="railway:etms" v="yes"/>
  <tag k="railway:itcs" v="yes"/>
  <tag k="railway:ptc" v="yes"/>
  <tag k="railway:track_ref" v="main"/>
  <tag k="tiger:cfcc" v="B11"/>
  <tag k="tiger:county" v="Washtenaw, MI"/>
  <tag k="tiger:name_base" v="Conrail Railroad"/>
  <tag k="tiger:reviewed" v="no"/>
  <tag k="usage" v="main"/>
 </way>
 <way id="1320755213" visible="true" version="1" changeset="157465891" timestamp="2024-10-04T15:10:40Z" user="Trail_Caretaker" uid="10927321">
  <nd ref="12222531303"/>
  <nd ref="12222531304"/>
  <nd ref="12222531305"/>
  <nd ref="12222531306"/>
  <nd ref="12222531307"/>
  <nd ref="12222531308"/>
  <nd ref="12222531309"/>
  <nd ref="12222531310"/>
  <nd ref="12222531317"/>
  <nd ref="12222531311"/>
  <nd ref="12222531312"/>
  <nd ref="12222531313"/>
  <nd ref="12222531322"/>
  <nd ref="12222531314"/>
  <nd ref="12222531331"/>
  <nd ref="12222531315"/>
  <nd ref="12222531316"/>
  <nd ref="12222531323"/>
  <nd ref="12222531326"/>
  <nd ref="12222531324"/>
  <nd ref="12222531325"/>
  <nd ref="12222531336"/>
  <nd ref="12222531337"/>
  <nd ref="12222531338"/>
  <nd ref="12222531339"/>
  <nd ref="12222531340"/>
  <nd ref="12222531341"/>
  <nd ref="12222531342"/>
  <nd ref="12222531343"/>
  <nd ref="12222531344"/>
  <nd ref="12222531345"/>
  <nd ref="12222531346"/>
  <nd ref="12222531347"/>
  <nd ref="12222531348"/>
  <nd ref="12222531349"/>
  <nd ref="12222531350"/>
  <nd ref="12222531351"/>
  <nd ref="12222531352"/>
  <nd ref="12222531353"/>
  <nd ref="12222531354"/>
  <nd ref="12222531355"/>
  <nd ref="12222531358"/>
  <tag k="highway" v="service"/>
  <tag k="surface" v="gravel"/>
 </way>
 <relation id="451490" visible="true" version="14" changeset="100515482" timestamp="2021-03-05T21:27:41Z" user="VLD087" uid="9362695">
  <member type="way" ref="52448275" role="outer"/>
  <member type="way" ref="52448286" role="outer"/>
  <member type="way" ref="52448274" role="outer"/>
  <member type="way" ref="52448278" role="outer"/>
  <member type="way" ref="4828326" role="outer"/>
  <member type="way" ref="217059741" role="inner"/>
  <member type="way" ref="193914234" role="inner"/>
  <member type="way" ref="193914232" role="inner"/>
  <member type="way" ref="459799482" role="inner"/>
  <member type="way" ref="459799481" role="inner"/>
  <member type="way" ref="718980755" role="inner"/>
  <member type="way" ref="718980756" role="inner"/>
  <tag k="intermittent" v="no"/>
  <tag k="name" v="Huron River"/>
  <tag k="natural" v="water"/>
  <tag k="tidal" v="no"/>
  <tag k="type" v="multipolygon"/>
  <tag k="water" v="river"/>
 </relation>
 <relation id="1665342" visible="true" version="213" changeset="172136660" timestamp="2025-09-19T00:03:09Z" user="RailandSea" uid="18757334">
  <member type="node" ref="2398894899" role="stop_entry_only"/>
  <member type="way" ref="231951964" role="platform_entry_only"/>
  <member type="node" ref="7022681113" role="stop"/>
  <member type="way" ref="134817085" role="platform"/>
  <member type="node" ref="1538895356" role="stop"/>
  <member type="way" ref="195458541" role="platform"/>
  <member type="node" ref="7030190955" role="stop"/>
  <member type="way" ref="752069590" role="platform"/>
  <member type="node" ref="8109980104" role="stop"/>
  <member type="way" ref="537049220" role="platform"/>
  <member type="node" ref="7022681107" role="stop"/>
  <member type="way" ref="193214101" role="platform"/>
  <member type="node" ref="1538895349" role="stop"/>
  <member type="way" ref="535699894" role="platform"/>
  <member type="node" ref="184699475" role="stop"/>
  <member type="way" ref="122399701" role="platform"/>
  <member type="node" ref="2264452369" role="stop"/>
  <member type="way" ref="122396026" role="platform"/>
  <member type="node" ref="62748613" role="stop"/>
  <member type="way" ref="320841790" role="platform"/>
  <member type="node" ref="1763554946" role="stop"/>
  <member type="node" ref="1538895359" role="stop"/>
  <member type="way" ref="536971820" role="platform"/>
  <member type="node" ref="62219805" role="stop"/>
  <member type="way" ref="677296949" role="platform"/>
  <member type="node" ref="6341735187" role="stop_exit_only"/>
  <member type="way" ref="121841397" role="platform_exit_only"/>
  <member type="way" ref="321874303" role=""/>
  <member type="way" ref="763014492" role=""/>
  <member type="way" ref="763014484" role=""/>
  <member type="way" ref="763014486" role=""/>
  <member type="way" ref="763014485" role=""/>
  <member type="way" ref="1221838868" role=""/>
  <member type="way" ref="604078118" role=""/>
  <member type="way" ref="763014449" role=""/>
  <member type="way" ref="763014457" role=""/>
  <member type="way" ref="763014462" role=""/>
  <member type="way" ref="626360728" role=""/>
  <member type="way" ref="231512938" role=""/>
  <member type="way" ref="59917651" role=""/>
  <member type="way" ref="233450416" role=""/>
  <member type="way" ref="56242482" role=""/>
  <member type="way" ref="56242484" role=""/>
  <member type="way" ref="641640119" role=""/>
  <member type="way" ref="1219904301" role=""/>
  <member type="way" ref="56242483" role=""/>
  <member type="way" ref="635271942" role=""/>
  <member type="way" ref="635271948" role=""/>
  <member type="way" ref="233570496" role=""/>
  <member type="way" ref="1220151224" role=""/>
  <member type="way" ref="1220151226" role=""/>
  <member type="way" ref="1017452513" role=""/>
  <member type="way" ref="1017452514" role=""/>
  <member type="way" ref="1222536457" role=""/>
  <member type="way" ref="1326376682" role=""/>
  <member type="way" ref="1326376681" role=""/>
  <member type="way" ref="1326376707" role=""/>
  <member type="way" ref="1326376708" role=""/>
  <member type="way" ref="59917667" role=""/>
  <member type="way" ref="1326376767" role=""/>
  <member type="way" ref="1326376766" role=""/>
  <member type="way" ref="56246263" role=""/>
  <member type="way" ref="868130322" role=""/>
  <member type="way" ref="868130325" role=""/>
  <member type="way" ref="868130323" role=""/>
  <member type="way" ref="1187045993" role=""/>
  <member type="way" ref="1222651872" role=""/>
  <member type="way" ref="1187045994" role=""/>
  <member type="way" ref="56246264" role=""/>
  <member type="way" ref="56249016" role=""/>
  <member type="way" ref="56249015" role=""/>
  <member type="way" ref="56250146" role=""/>
  <member type="way" ref="56250145" role=""/>
  <member type="way" ref="56250144" role=""/>
  <member type="way" ref="56250143" role=""/>
  <member type="way" ref="56250154" role=""/>
  <member type="way" ref="56250153" role=""/>
  <member type="way" ref="56250071" role=""/>
  <member type="way" ref="56250070" role=""/>
  <member type="way" ref="56250069" role=""/>
  <member type="way" ref="56250078" role=""/>
  <member type="way" ref="56250077" role=""/>
  <member type="way" ref="56250076" role=""/>
  <member type="way" ref="56250075" role=""/>
  <member type="way" ref="56250074" role=""/>
  <member type="way" ref="56250083" role=""/>
  <member type="way" ref="56250082" role=""/>
  <member type="way" ref="56250081" role=""/>
  <member type="way" ref="56250080" role=""/>
  <member type="way" ref="56250079" role=""/>
  <member type="way" ref="56250088" role=""/>
  <member type="way" ref="868130327" role=""/>
  <member type="way" ref="56997704" role=""/>
  <member type="way" ref="1002582758" role=""/>
  <member type="way" ref="1222651869" role=""/>
  <member type="way" ref="1002582759" role=""/>
  <member type="way" ref="1002582783" role=""/>
  <member type="way" ref="1002582784" role=""/>
  <member type="way" ref="1002582798" role=""/>
  <member type="way" ref="1002582799" role=""/>
  <member type="way" ref="1002582819" role=""/>
  <member type="way" ref="1002582820" role=""/>
  <member type="way" ref="1002647138" role=""/>
  <member type="way" ref="1002647139" role=""/>
  <member type="way" ref="1002647167" role=""/>
  <member type="way" ref="1002647168" role=""/>
  <member type="way" ref="1002647195" role=""/>
  <member type="way" ref="1002647196" role=""/>
  <member type="way" ref="56997703" role=""/>
  <member type="way" ref="1003359853" role=""/>
  <member type="way" ref="1003359872" role=""/>
  <member type="way" ref="1003359873" role=""/>
  <member type="way" ref="1003359852" role=""/>
  <member type="way" ref="1003359892" role=""/>
  <member type="way" ref="1003359891" role=""/>
  <member type="way" ref="56997660" role=""/>
  <member type="way" ref="1002647209" role=""/>
  <member type="way" ref="1002647210" role=""/>
  <member type="way" ref="868130330" role=""/>
  <member type="way" ref="1003521470" role=""/>
  <member type="way" ref="1003521471" role=""/>
  <member type="way" ref="1000935530" role=""/>
  <member type="way" ref="1003521634" role=""/>
  <member type="way" ref="1003521633" role=""/>
  <member type="way" ref="1000935531" role=""/>
  <member type="way" ref="1003521546" role=""/>
  <member type="way" ref="1003521547" role=""/>
  <member type="way" ref="1003521641" role=""/>
  <member type="way" ref="1003521642" role=""/>
  <member type="way" ref="1003521581" role=""/>
  <member type="way" ref="1003521582" role=""/>
  <member type="way" ref="1003521617" role=""/>
  <member type="way" ref="1003521618" role=""/>
  <member type="way" ref="56997659" role=""/>
  <member type="way" ref="1003524852" role=""/>
  <member type="way" ref="1003524851" role=""/>
  <member type="way" ref="1003524840" role=""/>
  <member type="way" ref="1003524839" role=""/>
  <member type="way" ref="1000663243" role=""/>
  <member type="way" ref="1000663236" role=""/>
  <member type="way" ref="1000663203" role=""/>
  <member type="way" ref="1000663196" role=""/>
  <member type="way" ref="1000663222" role=""/>
  <member type="way" ref="1000663221" role=""/>
  <member type="way" ref="1000663182" role=""/>
  <member type="way" ref="1000663175" role=""/>
  <member type="way" ref="1000663142" role=""/>
  <member type="way" ref="1000663141" role=""/>
  <member type="way" ref="57006918" role=""/>
  <member type="way" ref="57006917" role=""/>
  <member type="way" ref="57006914" role=""/>
  <member type="way" ref="57006913" role=""/>
  <member type="way" ref="1222651875" role=""/>
  <member type="way" ref="57006912" role=""/>
  <member type="way" ref="57006911" role=""/>
  <member type="way" ref="57010477" role=""/>
  <member type="way" ref="868130333" role=""/>
  <member type="way" ref="1222651877" role=""/>
  <member type="way" ref="57010475" role=""/>
  <member type="way" ref="272503402" role=""/>
  <member type="way" ref="868130339" role=""/>
  <member type="way" ref="632892993" role=""/>
  <member type="way" ref="632893007" role=""/>
  <member type="way" ref="58407320" role=""/>
  <member type="way" ref="1222651867" role=""/>
  <member type="way" ref="881789414" role=""/>
  <member type="way" ref="1222651881" role=""/>
  <member type="way" ref="868130319" role=""/>
  <member type="way" ref="58404213" role=""/>
  <member type="way" ref="58404207" role=""/>
  <member type="way" ref="868130359" role=""/>
  <member type="way" ref="271954054" role=""/>
  <member type="way" ref="868130320" role=""/>
  <member type="way" ref="363510612" role=""/>
  <member type="way" ref="1222651886" role=""/>
  <member type="way" ref="363510615" role=""/>
  <member type="way" ref="58404854" role=""/>
  <member type="way" ref="908217587" role=""/>
  <member type="way" ref="908217588" role=""/>
  <member type="way" ref="58404852" role=""/>
  <member type="way" ref="58404850" role=""/>
  <member type="way" ref="58404861" role=""/>
  <member type="way" ref="58404846" role=""/>
  <member type="way" ref="58404845" role=""/>
  <member type="way" ref="58404848" role=""/>
  <member type="way" ref="58404847" role=""/>
  <member type="way" ref="58404849" role=""/>
  <member type="way" ref="58404839" role=""/>
  <member type="way" ref="58404842" role=""/>
  <member type="way" ref="58404841" role=""/>
  <member type="way" ref="58404844" role=""/>
  <member type="way" ref="58404843" role=""/>
  <member type="way" ref="58404837" role=""/>
  <member type="way" ref="58404836" role=""/>
  <member type="way" ref="238616690" role=""/>
  <member type="way" ref="238616689" role=""/>
  <member type="way" ref="58404833" role=""/>
  <member type="way" ref="58404838" role=""/>
  <member type="way" ref="58404834" role=""/>
  <member type="way" ref="1222644525" role=""/>
  <member type="way" ref="17507759" role=""/>
  <member type="way" ref="140466134" role=""/>
  <member type="way" ref="134821187" role=""/>
  <member type="way" ref="58404823" role=""/>
  <member type="way" ref="1163681376" role=""/>
  <member type="way" ref="606080786" role=""/>
  <member type="way" ref="606080785" role=""/>
  <member type="way" ref="58404826" role=""/>
  <member type="way" ref="1163681379" role=""/>
  <member type="way" ref="1163681378" role=""/>
  <member type="way" ref="135694662" role=""/>
  <member type="way" ref="1163681380" role=""/>
  <member type="way" ref="770096384" role=""/>
  <member type="way" ref="770096383" role=""/>
  <member type="way" ref="1163681381" role=""/>
  <member type="way" ref="1163681383" role=""/>
  <member type="way" ref="1164920272" role=""/>
  <member type="way" ref="1164920273" role=""/>
  <member type="way" ref="17735372" role=""/>
  <member type="way" ref="1163681384" role=""/>
  <member type="way" ref="135543119" role=""/>
  <member type="way" ref="135543121" role=""/>
  <member type="way" ref="1164920274" role=""/>
  <member type="way" ref="1164920275" role=""/>
  <member type="way" ref="135086472" role=""/>
  <member type="way" ref="868441828" role=""/>
  <member type="way" ref="764645538" role=""/>
  <member type="way" ref="1173157840" role=""/>
  <member type="way" ref="868441829" role=""/>
  <member type="way" ref="764645540" role=""/>
  <member type="way" ref="764645541" role=""/>
  <member type="way" ref="17742755" role=""/>
  <member type="way" ref="17742345" role=""/>
  <member type="way" ref="17750720" role=""/>
  <member type="way" ref="764645532" role=""/>
  <member type="way" ref="764645533" role=""/>
  <member type="way" ref="290370145" role=""/>
  <member type="way" ref="290370146" role=""/>
  <member type="way" ref="193208639" role=""/>
  <member type="way" ref="193208643" role=""/>
  <member type="way" ref="135081107" role=""/>
  <member type="way" ref="135081105" role=""/>
  <member type="way" ref="135081106" role=""/>
  <member type="way" ref="135081101" role=""/>
  <member type="way" ref="135081103" role=""/>
  <member type="way" ref="17985039" role=""/>
  <member type="way" ref="138954876" role=""/>
  <member type="way" ref="138954877" role=""/>
  <member type="way" ref="1173157841" role=""/>
  <member type="way" ref="569489652" role=""/>
  <member type="way" ref="1394842025" role=""/>
  <member type="way" ref="1394842033" role=""/>
  <member type="way" ref="91736064" role=""/>
  <member type="way" ref="1408925601" role=""/>
  <member type="way" ref="1394842031" role=""/>
  <member type="way" ref="1394842029" role=""/>
  <member type="way" ref="707305440" role=""/>
  <member type="way" ref="868441820" role=""/>
  <member type="way" ref="569492665" role=""/>
  <member type="way" ref="1394842036" role=""/>
  <member type="way" ref="1394842028" role=""/>
  <member type="way" ref="91748558" role=""/>
  <member type="way" ref="91748567" role=""/>
  <member type="way" ref="91748557" role=""/>
  <member type="way" ref="91748555" role=""/>
  <member type="way" ref="1394842038" role=""/>
  <member type="way" ref="868441816" role=""/>
  <member type="way" ref="17839164" role=""/>
  <member type="way" ref="1394842043" role=""/>
  <member type="way" ref="1067935600" role=""/>
  <member type="way" ref="1067935599" role=""/>
  <member type="way" ref="149478310" role=""/>
  <member type="way" ref="1167232313" role=""/>
  <member type="way" ref="1167232314" role=""/>
  <member type="way" ref="149478315" role=""/>
  <member type="way" ref="1394842044" role=""/>
  <member type="way" ref="868441811" role=""/>
  <member type="way" ref="17741803" role=""/>
  <member type="way" ref="1394842046" role=""/>
  <member type="way" ref="38846530" role=""/>
  <member type="way" ref="868441808" role=""/>
  <member type="way" ref="868441809" role=""/>
  <member type="way" ref="707322235" role=""/>
  <member type="way" ref="231227846" role=""/>
  <member type="way" ref="868441804" role=""/>
  <member type="way" ref="868441806" role=""/>
  <member type="way" ref="139269438" role=""/>
  <member type="way" ref="868441801" role=""/>
  <member type="way" ref="1362739003" role=""/>
  <member type="way" ref="231227845" role=""/>
  <member type="way" ref="1362739001" role=""/>
  <member type="way" ref="868441800" role=""/>
  <member type="way" ref="60776352" role=""/>
  <member type="way" ref="1431052762" role=""/>
  <member type="way" ref="1431052764" role=""/>
  <member type="way" ref="1431052763" role=""/>
  <member type="way" ref="60776356" role=""/>
  <member type="way" ref="166371134" role=""/>
  <member type="way" ref="1431052761" role=""/>
  <member type="way" ref="166371135" role=""/>
  <member type="way" ref="139302537" role=""/>
  <member type="way" ref="139302541" role=""/>
  <member type="way" ref="1362713855" role=""/>
  <member type="way" ref="1362713854" role=""/>
  <member type="way" ref="1362713853" role=""/>
  <member type="way" ref="1425073331" role=""/>
  <member type="way" ref="1362713850" role=""/>
  <member type="way" ref="1362713849" role=""/>
  <member type="way" ref="1362713848" role=""/>
  <member type="way" ref="476803504" role=""/>
  <member type="way" ref="1362713847" role=""/>
  <member type="way" ref="1362713846" role=""/>
  <member type="way" ref="1362713845" role=""/>
  <member type="way" ref="1362713844" role=""/>
  <member type="way" ref="1362713843" role=""/>
  <member type="way" ref="1362713842" role=""/>
  <member type="way" ref="1362713841" role=""/>
  <member type="way" ref="513336583" role=""/>
  <member type="way" ref="513336587" role=""/>
  <member type="way" ref="476803499" role=""/>
  <member type="way" ref="869968815" role=""/>
  <member type="way" ref="1362713840" role=""/>
  <member type="way" ref="152679612" role=""/>
  <member type="way" ref="152679619" role=""/>
  <member type="way" ref="152679624" role=""/>
  <member type="way" ref="152679625" role=""/>
  <member type="way" ref="122404171" role=""/>
  <member type="way" ref="122404180" role=""/>
  <member type="way" ref="122399680" role=""/>
  <member type="way" ref="1362713835" role=""/>
  <member type="way" ref="1362713837" role=""/>
  <member type="way" ref="223181972" role=""/>
  <member type="way" ref="223181294" role=""/>
  <member type="way" ref="223182996" role=""/>
  <member type="way" ref="1237131890" role=""/>
  <member type="way" ref="122399707" role=""/>
  <member type="way" ref="1237131889" role=""/>
  <member type="way" ref="122399684" role=""/>
  <member type="way" ref="8732880" role=""/>
  <member type="way" ref="122399683" role=""/>
  <member type="way" ref="8732872" role=""/>
  <member type="way" ref="1237131887" role=""/>
  <member type="way" ref="1237131886" role=""/>
  <member type="way" ref="1237131885" role=""/>
  <member type="way" ref="1237131884" role=""/>
  <member type="way" ref="9686973" role=""/>
  <member type="way" ref="463533088" role=""/>
  <member type="way" ref="463533087" role=""/>
  <member type="way" ref="9686974" role=""/>
  <member type="way" ref="1237131883" role=""/>
  <member type="way" ref="9686971" role=""/>
  <member type="way" ref="9686972" role=""/>
  <member type="way" ref="1237131882" role=""/>
  <member type="way" ref="9596404" role=""/>
  <member type="way" ref="9596406" role=""/>
  <member type="way" ref="9596402" role=""/>
  <member type="way" ref="9596403" role=""/>
  <member type="way" ref="9596399" role=""/>
  <member type="way" ref="9596401" role=""/>
  <member type="way" ref="9596395" role=""/>
  <member type="way" ref="9596394" role=""/>
  <member type="way" ref="9596392" role=""/>
  <member type="way" ref="9749269" role=""/>
  <member type="way" ref="9749267" role=""/>
  <member type="way" ref="9749273" role=""/>
  <member type="way" ref="9749271" role=""/>
  <member type="way" ref="9257806" role=""/>
  <member type="way" ref="1237131881" role=""/>
  <member type="way" ref="1237131880" role=""/>
  <member type="way" ref="1237131879" role=""/>
  <member type="way" ref="12388883" role=""/>
  <member type="way" ref="12388879" role=""/>
  <member type="way" ref="12388885" role=""/>
  <member type="way" ref="1237131878" role=""/>
  <member type="way" ref="12388886" role=""/>
  <member type="way" ref="1237131877" role=""/>
  <member type="way" ref="1237131876" role=""/>
  <member type="way" ref="25584416" role=""/>
  <member type="way" ref="25584417" role=""/>
  <member type="way" ref="560615369" role=""/>
  <member type="way" ref="560615370" role=""/>
  <member type="way" ref="25584418" role=""/>
  <member type="way" ref="25584419" role=""/>
  <member type="way" ref="25584422" role=""/>
  <member type="way" ref="25584423" role=""/>
  <member type="way" ref="25584424" role=""/>
  <member type="way" ref="1237131875" role=""/>
  <member type="way" ref="25584426" role=""/>
  <member type="way" ref="25584427" role=""/>
  <member type="way" ref="503149608" role=""/>
  <member type="way" ref="503149607" role=""/>
  <member type="way" ref="869968812" role=""/>
  <member type="way" ref="214338040" role=""/>
  <member type="way" ref="8732031" role=""/>
  <member type="way" ref="40942171" role=""/>
  <member type="way" ref="40942173" role=""/>
  <member type="way" ref="25793407" role=""/>
  <member type="way" ref="25793408" role=""/>
  <member type="way" ref="8733466" role=""/>
  <member type="way" ref="8746325" role=""/>
  <member type="way" ref="1236678476" role=""/>
  <member type="way" ref="869968807" role=""/>
  <member type="way" ref="1236678474" role=""/>
  <member type="way" ref="8729588" role=""/>
  <member type="way" ref="25806403" role=""/>
  <member type="way" ref="25806404" role=""/>
  <member type="way" ref="122311102" role=""/>
  <member type="way" ref="122311090" role=""/>
  <member type="way" ref="121857420" role=""/>
  <member type="way" ref="25806409" role=""/>
  <member type="way" ref="25806410" role=""/>
  <member type="way" ref="121857419" role=""/>
  <member type="way" ref="25806411" role=""/>
  <member type="way" ref="25806412" role=""/>
  <member type="way" ref="121857416" role=""/>
  <member type="way" ref="25926145" role=""/>
  <member type="way" ref="25926146" role=""/>
  <member type="way" ref="25926147" role=""/>
  <member type="way" ref="8746358" role=""/>
  <member type="way" ref="25926150" role=""/>
  <member type="way" ref="25926151" role=""/>
  <member type="way" ref="25926156" role=""/>
  <member type="way" ref="25926157" role=""/>
  <member type="way" ref="25907365" role=""/>
  <member type="way" ref="869968806" role=""/>
  <member type="way" ref="869968803" role=""/>
  <member type="way" ref="25907366" role=""/>
  <member type="way" ref="701675455" role=""/>
  <member type="way" ref="701675456" role=""/>
  <member type="way" ref="268783756" role=""/>
  <member type="way" ref="321032098" role=""/>
  <member type="way" ref="321032099" role=""/>
  <member type="way" ref="321032101" role=""/>
  <member type="way" ref="321032100" role=""/>
  <member type="way" ref="220404545" role=""/>
  <member type="way" ref="1236678467" role=""/>
  <member type="way" ref="869968802" role=""/>
  <member type="way" ref="162640743" role=""/>
  <member type="way" ref="25907361" role=""/>
  <member type="way" ref="869968801" role=""/>
  <member type="way" ref="8748204" role=""/>
  <member type="way" ref="25907367" role=""/>
  <member type="way" ref="25907368" role=""/>
  <member type="way" ref="25907373" role=""/>
  <member type="way" ref="8756420" role=""/>
  <member type="way" ref="58528174" role=""/>
  <member type="way" ref="869968798" role=""/>
  <member type="way" ref="8756466" role=""/>
  <member type="way" ref="8756367" role=""/>
  <member type="way" ref="25841395" role=""/>
  <member type="way" ref="25841394" role=""/>
  <member type="way" ref="25841393" role=""/>
  <member type="way" ref="869968796" role=""/>
  <member type="way" ref="707356714" role=""/>
  <member type="way" ref="678803203" role=""/>
  <member type="way" ref="321028173" role=""/>
  <member type="way" ref="321028172" role=""/>
  <member type="way" ref="526560615" role=""/>
  <member type="way" ref="869968780" role=""/>
  <member type="way" ref="869968779" role=""/>
  <member type="way" ref="8746462" role=""/>
  <member type="way" ref="59012041" role=""/>
  <member type="way" ref="59038111" role=""/>
  <member type="way" ref="59038110" role=""/>
  <member type="way" ref="58528037" role=""/>
  <member type="way" ref="58528042" role=""/>
  <member type="way" ref="59038114" role=""/>
  <member type="way" ref="59038113" role=""/>
  <member type="way" ref="59038112" role=""/>
  <member type="way" ref="59038121" role=""/>
  <member type="way" ref="59038120" role=""/>
  <member type="way" ref="121853893" role=""/>
  <member type="way" ref="59038118" role=""/>
  <member type="way" ref="219724014" role=""/>
  <member type="way" ref="59038126" role=""/>
  <member type="way" ref="59038125" role=""/>
  <member type="way" ref="869968774" role=""/>
  <member type="way" ref="59038124" role=""/>
  <member type="way" ref="59038123" role=""/>
  <member type="way" ref="8752681" role=""/>
  <member type="way" ref="58528039" role=""/>
  <member type="way" ref="8746387" role=""/>
  <member type="way" ref="39800769" role=""/>
  <member type="way" ref="59038149" role=""/>
  <member type="way" ref="59038146" role=""/>
  <member type="way" ref="59038157" role=""/>
  <member type="way" ref="59038154" role=""/>
  <member type="way" ref="42372823" role=""/>
  <member type="way" ref="42372819" role=""/>
  <member type="way" ref="59038151" role=""/>
  <member type="way" ref="59038152" role=""/>
  <member type="way" ref="59038164" role=""/>
  <member type="way" ref="59038162" role=""/>
  <member type="way" ref="59011720" role=""/>
  <member type="way" ref="59011777" role=""/>
  <member type="way" ref="39800723" role=""/>
  <member type="way" ref="164751366" role=""/>
  <member type="way" ref="164751375" role=""/>
  <member type="way" ref="39800724" role=""/>
  <member type="way" ref="59011791" role=""/>
  <member type="way" ref="869968771" role=""/>
  <member type="way" ref="59011801" role=""/>
  <member type="way" ref="8746442" role=""/>
  <member type="way" ref="59011881" role=""/>
  <member type="way" ref="8746373" role=""/>
  <member type="way" ref="59011886" role=""/>
  <member type="way" ref="59011885" role=""/>
  <member type="way" ref="59011891" role=""/>
  <member type="way" ref="59011890" role=""/>
  <member type="way" ref="59011888" role=""/>
  <member type="way" ref="59011889" role=""/>
  <member type="way" ref="59011896" role=""/>
  <member type="way" ref="59011894" role=""/>
  <member type="way" ref="40879463" role=""/>
  <member type="way" ref="40879462" role=""/>
  <member type="way" ref="59011911" role=""/>
  <member type="way" ref="59011904" role=""/>
  <member type="way" ref="40808454" role=""/>
  <member type="way" ref="164751412" role=""/>
  <member type="way" ref="164751373" role=""/>
  <member type="way" ref="164751398" role=""/>
  <member type="way" ref="39451778" role=""/>
  <member type="way" ref="39451779" role=""/>
  <member type="way" ref="59011918" role=""/>
  <member type="way" ref="59011919" role=""/>
  <member type="way" ref="164751271" role=""/>
  <member type="way" ref="164751411" role=""/>
  <member type="way" ref="164751273" role=""/>
  <member type="way" ref="164751270" role=""/>
  <member type="way" ref="8752669" role=""/>
  <member type="way" ref="164660046" role=""/>
  <member type="way" ref="44665808" role=""/>
  <member type="way" ref="869968758" role=""/>
  <member type="way" ref="869968755" role=""/>
  <member type="way" ref="219357412" role=""/>
  <member type="way" ref="1093020610" role=""/>
  <member type="way" ref="164982566" role=""/>
  <member type="way" ref="869968751" role=""/>
  <member type="way" ref="869968748" role=""/>
  <member type="way" ref="177074812" role=""/>
  <member type="way" ref="687474831" role=""/>
  <member type="way" ref="687474832" role=""/>
  <member type="way" ref="687476388" role=""/>
  <member type="way" ref="687476387" role=""/>
  <member type="way" ref="687476390" role=""/>
  <member type="way" ref="687476392" role=""/>
  <member type="way" ref="869968746" role=""/>
  <member type="way" ref="687476394" role=""/>
  <member type="way" ref="687476396" role=""/>
  <member type="way" ref="687476395" role=""/>
  <member type="way" ref="59004715" role=""/>
  <member type="way" ref="59004720" role=""/>
  <member type="way" ref="59004721" role=""/>
  <member type="way" ref="59004706" role=""/>
  <member type="way" ref="59004707" role=""/>
  <member type="way" ref="59004708" role=""/>
  <member type="way" ref="59004710" role=""/>
  <member type="way" ref="869968743" role=""/>
  <member type="way" ref="59004711" role=""/>
  <member type="way" ref="869968742" role=""/>
  <member type="way" ref="39568747" role=""/>
  <member type="way" ref="519774880" role=""/>
  <member type="way" ref="383344778" role=""/>
  <member type="way" ref="869968741" role=""/>
  <member type="way" ref="869968738" role=""/>
  <member type="way" ref="869968737" role=""/>
  <member type="way" ref="869968739" role=""/>
  <member type="way" ref="38726506" role=""/>
  <member type="way" ref="29250887" role=""/>
  <member type="way" ref="29250879" role=""/>
  <member type="way" ref="29250874" role=""/>
  <member type="way" ref="29250875" role=""/>
  <member type="way" ref="29250863" role=""/>
  <member type="way" ref="29250861" role=""/>
  <member type="way" ref="29250827" role=""/>
  <member type="way" ref="29250819" role=""/>
  <member type="way" ref="29250790" role=""/>
  <member type="way" ref="29250789" role=""/>
  <member type="way" ref="41001434" role=""/>
  <member type="way" ref="41001433" role=""/>
  <member type="way" ref="29250783" role=""/>
  <member type="way" ref="29250782" role=""/>
  <member type="way" ref="29250772" role=""/>
  <member type="way" ref="29250771" role=""/>
  <member type="way" ref="29250764" role=""/>
  <member type="way" ref="29250766" role=""/>
  <member type="way" ref="29250745" role=""/>
  <member type="way" ref="29250744" role=""/>
  <member type="way" ref="29250739" role=""/>
  <member type="way" ref="29250737" role=""/>
  <member type="way" ref="29250668" role=""/>
  <member type="way" ref="41001413" role=""/>
  <member type="way" ref="41001414" role=""/>
  <member type="way" ref="121846863" role=""/>
  <member type="way" ref="121846857" role=""/>
  <member type="way" ref="121846870" role=""/>
  <member type="way" ref="121846866" role=""/>
  <member type="way" ref="121846867" role=""/>
  <member type="way" ref="121846874" role=""/>
  <member type="way" ref="699246893" role=""/>
  <member type="way" ref="699246894" role=""/>
  <member type="way" ref="699246895" role=""/>
  <member type="way" ref="677283443" role=""/>
  <member type="way" ref="699246897" role=""/>
  <tag k="colour" v="darkgoldenrod"/>
  <tag k="from" v="Chicago Union Station"/>
  <tag k="name" v="Amtrak Wolverine: Chicago =&gt; Pontiac"/>
  <tag k="network" v="Amtrak"/>
  <tag k="network:wikidata" v="Q23239"/>
  <tag k="network:wikipedia" v="en:Amtrak"/>
  <tag k="operator" v="Amtrak"/>
  <tag k="passenger" v="regional"/>
  <tag k="public_transport:version" v="2"/>
  <tag k="ref" v="Wolverine"/>
  <tag k="route" v="train"/>
  <tag k="to" v="Pontiac"/>
  <tag k="trip_ref" v="350"/>
  <tag k="type" v="route"/>
  <tag k="via" v="Hammond-Whiting;Dowagiac"/>
  <tag k="website" v="https://www.amtrak.com/"/>
  <tag k="wikidata" v="Q260450"/>
  <tag k="wikipedia" v="en:Wolverine (Amtrak train)"/>
 </relation>
 <relation id="2961936" visible="true" version="48" changeset="123295556" timestamp="2022-07-06T22:49:19Z" user="EllieNyaa" uid="14448454">
  <member type="relation" ref="14317048" role=""/>
  <member type="relation" ref="14317046" role=""/>
  <tag k="name" v="Bus 3: Huron River"/>
  <tag k="network" v="AAATA"/>
  <tag k="network:wikidata" v="Q4766233"/>
  <tag k="official_name" v="Huron River"/>
  <tag k="operator" v="AAATA"/>
  <tag k="public_transport:version" v="2"/>
  <tag k="ref" v="3"/>
  <tag k="route_master" v="bus"/>
  <tag k="type" v="route_master"/>
 </relation>
 <relation id="2998132" visible="true" version="39" changeset="176635788" timestamp="2025-12-30T16:10:27Z" user="bjanevic" uid="21821241">
  <member type="node" ref="4964930145" role="stop"/>
  <member type="node" ref="5763980405" role="stop"/>
  <member type="node" ref="2343810594" role="stop"/>
  <member type="way" ref="225622116" role="forward"/>
  <member type="way" ref="413189666" role=""/>
  <member type="way" ref="441448162" role="forward"/>
  <member type="way" ref="61508808" role="forward"/>
  <member type="way" ref="441448163" role="forward"/>
  <member type="way" ref="441566047" role="forward"/>
  <member type="way" ref="222787431" role="forward"/>
  <member type="way" ref="410027434" role="forward"/>
  <member type="way" ref="160964165" role="forward"/>
  <member type="way" ref="8734192" role="forward"/>
  <member type="way" ref="1462865405" role="forward"/>
  <member type="way" ref="412448863" role=""/>
  <member type="way" ref="412448865" role=""/>
  <member type="way" ref="441142722" role=""/>
  <member type="way" ref="414845168" role=""/>
  <member type="way" ref="414845169" role=""/>
  <member type="way" ref="1395130849" role=""/>
  <member type="way" ref="1395130850" role=""/>
  <member type="way" ref="222784532" role=""/>
  <member type="way" ref="222784531" role=""/>
  <member type="way" ref="225622117" role=""/>
  <member type="way" ref="410015012" role=""/>
  <member type="way" ref="1182141378" role=""/>
  <member type="way" ref="441448159" role=""/>
  <member type="way" ref="1396194426" role=""/>
  <member type="way" ref="8727887" role=""/>
  <member type="way" ref="9257816" role=""/>
  <member type="way" ref="441598630" role=""/>
  <member type="way" ref="9257818" role=""/>
  <member type="way" ref="9257819" role="forward"/>
  <member type="way" ref="641843556" role="forward"/>
  <member type="way" ref="220171724" role="forward"/>
  <member type="way" ref="441598589" role="forward"/>
  <member type="way" ref="9257821" role="forward"/>
  <member type="way" ref="9257821" role="backward"/>
  <member type="way" ref="213562887" role="backward"/>
  <member type="way" ref="441598632" role="backward"/>
  <member type="way" ref="441598633" role="backward"/>
  <member type="way" ref="441598585" role="backward"/>
  <member type="way" ref="441598586" role="backward"/>
  <member type="way" ref="441598581" role="forward"/>
  <member type="way" ref="441598596" role="forward"/>
  <member type="way" ref="441598592" role="forward"/>
  <member type="way" ref="441598582" role="forward"/>
  <member type="way" ref="441598590" role="forward"/>
  <member type="way" ref="441598584" role="forward"/>
  <member type="way" ref="441598634" role="backward"/>
  <member type="way" ref="8728449" role="backward"/>
  <member type="way" ref="213562888" role="forward"/>
  <member type="way" ref="1209957168" role="forward"/>
  <member type="way" ref="213562890" role="forward"/>
  <member type="way" ref="441598622" role="forward"/>
  <member type="way" ref="225623131" role="backward"/>
  <member type="way" ref="9257798" role="backward"/>
  <member type="way" ref="441598621" role="forward"/>
  <member type="way" ref="4618337" role="forward"/>
  <member type="way" ref="222821828" role="forward"/>
  <member type="way" ref="441598640" role="forward"/>
  <member type="way" ref="9257804" role="forward"/>
  <member type="way" ref="220169074" role="backward"/>
  <member type="way" ref="441598602" role="backward"/>
  <member type="way" ref="8734730" role="backward"/>
  <member type="way" ref="220169073" role="forward"/>
  <member type="way" ref="441598579" role="forward"/>
  <member type="way" ref="8727270" role="forward"/>
  <member type="way" ref="441598625" role="forward"/>
  <member type="way" ref="1316745045" role="forward"/>
  <member type="way" ref="441598627" role="forward"/>
  <member type="way" ref="8722107" role="forward"/>
  <member type="way" ref="9257827" role="forward"/>
  <member type="way" ref="9257812" role="forward"/>
  <member type="way" ref="441598619" role="forward"/>
  <member type="way" ref="9257814" role="forward"/>
  <member type="way" ref="8724149" role="backward"/>
  <member type="way" ref="441598636" role="backward"/>
  <member type="way" ref="441598631" role="backward"/>
  <member type="way" ref="441598593" role="backward"/>
  <member type="way" ref="504121174" role=""/>
  <member type="way" ref="441598599" role="forward"/>
  <member type="way" ref="441598591" role="forward"/>
  <member type="way" ref="441598583" role="forward"/>
  <member type="way" ref="441598588" role="forward"/>
  <member type="way" ref="441598597" role="forward"/>
  <tag k="name" v="U-M Pontiac"/>
  <tag k="network" v="AAATA"/>
  <tag k="network:wikidata" v="Q4766233"/>
  <tag k="network:wikipedia" v="en:Ann Arbor Area Transportation Authority"/>
  <tag k="operator" v="AAATA"/>
  <tag k="public_transport:version" v="1"/>
  <tag k="ref" v="63"/>
  <tag k="route" v="bus"/>
  <tag k="type" v="route"/>
 </relation>
 <relation id="3990210" visible="true" version="27" changeset="174878512" timestamp="2025-11-19T20:44:27Z" user="CurlConnoisseur" uid="21683308">
  <member type="way" ref="674010649" role="outer"/>
  <member type="way" ref="40976143" role="outer"/>
  <member type="way" ref="224110372" role="outer"/>
  <member type="way" ref="300065677" role="outer"/>
  <member type="way" ref="381594465" role="outer"/>
  <member type="way" ref="300067732" role="outer"/>
  <member type="way" ref="443277789" role="inner"/>
  <member type="way" ref="673891570" role="outer"/>
  <member type="way" ref="673891571" role="outer"/>
  <member type="way" ref="673894481" role="outer"/>
  <member type="way" ref="673905828" role="outer"/>
  <member type="way" ref="673922106" role="outer"/>
  <tag k="addr:city" v="Ann Arbor"/>
  <tag k="addr:housenumber" v="500"/>
  <tag k="addr:postcode" v="48109"/>
  <tag k="addr:state" v="MI"/>
  <tag k="addr:street" v="South State Street"/>
  <tag k="amenity" v="university"/>
  <tag k="education" v="university"/>
  <tag k="internet_access" v="yes"/>
  <tag k="landuse" v="education"/>
  <tag k="name" v="University of Michigan"/>
  <tag k="operator" v="University of Michigan"/>
  <tag k="operator:type" v="public"/>
  <tag k="phone" v="+1-734-764-1817"/>
  <tag k="short_name" v="UM"/>
  <tag k="type" v="multipolygon"/>
  <tag k="website" v="https://www.umich.edu/"/>
  <tag k="wikidata" v="Q230492"/>
  <tag k="wikipedia" v="en:University of Michigan"/>
 </relation>
 <relation id="5570176" visible="true" version="2" changeset="136055241" timestamp="2023-05-13T14:55:56Z" user="RubenKelevra" uid="61341">
  <member type="way" ref="213222780" role="from"/>
  <member type="node" ref="62484686" role="via"/>
  <member type="way" ref="1172473566" role="to"/>
  <tag k="restriction" v="no_left_turn"/>
  <tag k="type" v="restriction"/>
 </relation>
 <relation id="6152206" visible="true" version="3" changeset="50280694" timestamp="2017-07-14T11:27:56Z" user="corinag_telenav" uid="5607966">
  <member type="node" ref="62518003" role="via"/>
  <member type="way" ref="507544018" role="from"/>
  <member type="way" ref="507544018" role="to"/>
  <tag k="restriction" v="no_u_turn"/>
  <tag k="type" v="restriction"/>
 </relation>
 <relation id="6794807" visible="true" version="2" changeset="81618918" timestamp="2020-02-29T12:21:56Z" user="wolfgang8741" uid="307520">
  <member type="way" ref="459799478" role="outer"/>
  <member type="way" ref="459799502" role="outer"/>
  <tag k="gnis:feature_id" v="2709516"/>
  <tag k="leisure" v="park"/>
  <tag k="name" v="Fuller Park"/>
  <tag k="type" v="multipolygon"/>
  <tag k="wikidata" v="Q49492381"/>
 </relation>
 <relation id="9838166" visible="true" version="22" changeset="172136660" timestamp="2025-09-19T00:03:09Z" user="RailandSea" uid="18757334">
  <member type="way" ref="569492665" role=""/>
  <member type="way" ref="1394842036" role=""/>
  <member type="way" ref="1394842028" role=""/>
  <member type="way" ref="91748558" role=""/>
  <member type="way" ref="91748567" role=""/>
  <member type="way" ref="91748557" role=""/>
  <member type="way" ref="91748555" role=""/>
  <member type="way" ref="1394842038" role=""/>
  <member type="way" ref="868441816" role=""/>
  <member type="way" ref="17839164" role=""/>
  <member type="way" ref="1394842043" role=""/>
  <member type="way" ref="1067935600" role=""/>
  <member type="way" ref="1067935599" role=""/>
  <member type="way" ref="149478310" role=""/>
  <member type="way" ref="1167232313" role=""/>
  <member type="way" ref="1167232314" role=""/>
  <member type="way" ref="149478315" role=""/>
  <member type="way" ref="1394842044" role=""/>
  <member type="way" ref="868441811" role=""/>
  <member type="way" ref="17741803" role=""/>
  <member type="way" ref="1394842046" role=""/>
  <member type="way" ref="38846530" role=""/>
  <member type="way" ref="91748551" role=""/>
  <member type="way" ref="91748562" role=""/>
  <member type="way" ref="1394842027" role=""/>
  <member type="way" ref="1394842037" role=""/>
  <member type="way" ref="569492664" role=""/>
  <member type="way" ref="1394842042" role=""/>
  <member type="way" ref="172082231" role=""/>
  <member type="way" ref="1394842039" role=""/>
  <member type="way" ref="231227842" role=""/>
  <member type="way" ref="1394842045" role=""/>
  <member type="way" ref="1362739003" role=""/>
  <member type="way" ref="231227845" role=""/>
  <member type="way" ref="1362739001" role=""/>
  <member type="way" ref="868441800" role=""/>
  <member type="way" ref="60776352" role=""/>
  <member type="way" ref="1431052762" role=""/>
  <member type="way" ref="1431052764" role=""/>
  <member type="way" ref="1431052763" role=""/>
  <member type="way" ref="60776356" role=""/>
  <member type="way" ref="166371134" role=""/>
  <member type="way" ref="1431052761" role=""/>
  <member type="way" ref="166371135" role=""/>
  <member type="way" ref="139302537" role=""/>
  <member type="way" ref="139302541" role=""/>
  <member type="way" ref="1362713855" role=""/>
  <member type="way" ref="1362713854" role=""/>
  <member type="way" ref="1362713853" role=""/>
  <member type="way" ref="1425073331" role=""/>
  <member type="way" ref="1362713850" role=""/>
  <member type="way" ref="1362713849" role=""/>
  <member type="way" ref="1362713841" role=""/>
  <member type="way" ref="1362713842" role=""/>
  <member type="way" ref="1362713843" role=""/>
  <member type="way" ref="1362713844" role=""/>
  <member type="way" ref="1362713845" role=""/>
  <member type="way" ref="1362713846" role=""/>
  <member type="way" ref="1362713847" role=""/>
  <member type="way" ref="476803504" role=""/>
  <member type="way" ref="1362713848" role=""/>
  <member type="way" ref="513336587" role=""/>
  <member type="way" ref="476803499" role=""/>
  <member type="way" ref="869968815" role=""/>
  <member type="way" ref="1362713840" role=""/>
  <member type="way" ref="152679612" role=""/>
  <member type="way" ref="152679619" role=""/>
  <member type="way" ref="152679624" role=""/>
  <member type="way" ref="152679625" role=""/>
  <member type="way" ref="122404171" role=""/>
  <member type="way" ref="122404180" role=""/>
  <member type="way" ref="122399680" role=""/>
  <member type="way" ref="1362713835" role=""/>
  <member type="way" ref="1362713837" role=""/>
  <member type="way" ref="223181972" role=""/>
  <member type="way" ref="223181294" role=""/>
  <member type="way" ref="223182996" role=""/>
  <member type="way" ref="1237131890" role=""/>
  <member type="way" ref="122399707" role=""/>
  <member type="way" ref="1237131889" role=""/>
  <member type="way" ref="122399684" role=""/>
  <member type="way" ref="8732880" role=""/>
  <member type="way" ref="122399683" role=""/>
  <member type="way" ref="8732872" role=""/>
  <member type="way" ref="1237131887" role=""/>
  <member type="way" ref="1237131886" role=""/>
  <member type="way" ref="1237131885" role=""/>
  <member type="way" ref="1237131884" role=""/>
  <member type="way" ref="9686973" role=""/>
  <member type="way" ref="463533088" role=""/>
  <member type="way" ref="463533087" role=""/>
  <member type="way" ref="9686974" role=""/>
  <member type="way" ref="1237131883" role=""/>
  <member type="way" ref="9686971" role=""/>
  <member type="way" ref="9686972" role=""/>
  <member type="way" ref="1237131882" role=""/>
  <member type="way" ref="9596404" role=""/>
  <member type="way" ref="9596406" role=""/>
  <member type="way" ref="9596402" role=""/>
  <member type="way" ref="9596403" role=""/>
  <member type="way" ref="9596399" role=""/>
  <member type="way" ref="9596401" role=""/>
  <member type="way" ref="9596395" role=""/>
  <member type="way" ref="9596394" role=""/>
  <member type="way" ref="9596392" role=""/>
  <member type="way" ref="9749269" role=""/>
  <member type="way" ref="9749267" role=""/>
  <member type="way" ref="9749273" role=""/>
  <member type="way" ref="9749271" role=""/>
  <member type="way" ref="9257806" role=""/>
  <member type="way" ref="1237131881" role=""/>
  <member type="way" ref="1237131880" role=""/>
  <member type="way" ref="1237131879" role=""/>
  <member type="way" ref="12388883" role=""/>
  <member type="way" ref="12388879" role=""/>
  <member type="way" ref="12388885" role=""/>
  <member type="way" ref="1237131878" role=""/>
  <member type="way" ref="12388886" role=""/>
  <member type="way" ref="1237131877" role=""/>
  <member type="way" ref="1237131876" role=""/>
  <member type="way" ref="25584416" role=""/>
  <member type="way" ref="25584417" role=""/>
  <member type="way" ref="560615369" role=""/>
  <member type="way" ref="560615370" role=""/>
  <member type="way" ref="25584418" role=""/>
  <member type="way" ref="25584419" role=""/>
  <member type="way" ref="25584422" role=""/>
  <member type="way" ref="25584423" role=""/>
  <member type="way" ref="25584424" role=""/>
  <member type="way" ref="1237131875" role=""/>
  <member type="way" ref="25584426" role=""/>
  <member type="way" ref="25584427" role=""/>
  <member type="way" ref="503149608" role=""/>
  <member type="way" ref="503149607" role=""/>
  <member type="way" ref="869968812" role=""/>
  <member type="way" ref="8732840" role=""/>
  <member type="way" ref="1236678468" role=""/>
  <member type="way" ref="8746319" role=""/>
  <member type="way" ref="40942169" role=""/>
  <member type="way" ref="40942172" role=""/>
  <member type="way" ref="25793405" role=""/>
  <member type="way" ref="8730208" role=""/>
  <member type="way" ref="1236678475" role=""/>
  <member type="way" ref="869968808" role=""/>
  <member type="way" ref="1236678473" role=""/>
  <member type="way" ref="869968811" role=""/>
  <member type="way" ref="680742704" role=""/>
  <member type="way" ref="680742698" role=""/>
  <member type="way" ref="680742693" role=""/>
  <member type="way" ref="680742676" role=""/>
  <member type="way" ref="680742688" role=""/>
  <member type="way" ref="680742682" role=""/>
  <member type="way" ref="25926143" role=""/>
  <member type="way" ref="25926144" role=""/>
  <member type="way" ref="25926148" role=""/>
  <member type="way" ref="25926149" role=""/>
  <member type="way" ref="25926152" role=""/>
  <member type="way" ref="25926153" role=""/>
  <member type="way" ref="25926154" role=""/>
  <member type="way" ref="680735321" role=""/>
  <member type="way" ref="680739738" role=""/>
  <member type="way" ref="869968805" role=""/>
  <member type="way" ref="869968804" role=""/>
  <member type="way" ref="701675457" role=""/>
  <member type="way" ref="214338040" role=""/>
  <member type="way" ref="8732031" role=""/>
  <member type="way" ref="40942171" role=""/>
  <member type="way" ref="40942173" role=""/>
  <member type="way" ref="25793407" role=""/>
  <member type="way" ref="25793408" role=""/>
  <member type="way" ref="8733466" role=""/>
  <member type="way" ref="8746325" role=""/>
  <member type="way" ref="1236678476" role=""/>
  <member type="way" ref="869968807" role=""/>
  <member type="way" ref="1236678474" role=""/>
  <member type="way" ref="8729588" role=""/>
  <member type="way" ref="25806403" role=""/>
  <member type="way" ref="25806404" role=""/>
  <member type="way" ref="122311102" role=""/>
  <member type="way" ref="122311090" role=""/>
  <member type="way" ref="121857420" role=""/>
  <member type="way" ref="25806409" role=""/>
  <member type="way" ref="25806410" role=""/>
  <member type="way" ref="121857419" role=""/>
  <member type="way" ref="25806411" role=""/>
  <member type="way" ref="25806412" role=""/>
  <member type="way" ref="121857416" role=""/>
  <member type="way" ref="25926145" role=""/>
  <member type="way" ref="25926146" role=""/>
  <member type="way" ref="25926147" role=""/>
  <member type="way" ref="8746358" role=""/>
  <member type="way" ref="25926150" role=""/>
  <member type="way" ref="25926151" role=""/>
  <member type="way" ref="25926156" role=""/>
  <member type="way" ref="25926157" role=""/>
  <member type="way" ref="25907365" role=""/>
  <member type="way" ref="869968806" role=""/>
  <member type="way" ref="869968803" role=""/>
  <member type="way" ref="25907366" role=""/>
  <member type="way" ref="701675456" role=""/>
  <member type="way" ref="268783756" role=""/>
  <member type="way" ref="321032098" role=""/>
  <member type="way" ref="321032099" role=""/>
  <member type="way" ref="321032101" role=""/>
  <member type="way" ref="321032100" role=""/>
  <member type="way" ref="220404545" role=""/>
  <member type="way" ref="1236678467" role=""/>
  <member type="way" ref="680739739" role=""/>
  <member type="way" ref="25907363" role=""/>
  <member type="way" ref="25907364" role=""/>
  <member type="way" ref="8730992" role=""/>
  <member type="way" ref="8746343" role=""/>
  <member type="way" ref="162618262" role=""/>
  <member type="way" ref="1236678466" role=""/>
  <member type="way" ref="1362739000" role=""/>
  <member type="way" ref="161203605" role=""/>
  <member type="way" ref="1362739002" role=""/>
  <member type="way" ref="17829599" role=""/>
  <member type="way" ref="223183941" role=""/>
  <member type="way" ref="17829578" role=""/>
  <member type="way" ref="1362713834" role=""/>
  <member type="way" ref="1362713836" role=""/>
  <member type="way" ref="17829584" role=""/>
  <member type="way" ref="17829553" role=""/>
  <member type="way" ref="223183944" role=""/>
  <member type="way" ref="223183940" role=""/>
  <member type="way" ref="223183939" role=""/>
  <member type="way" ref="223183942" role=""/>
  <member type="way" ref="223184559" role=""/>
  <member type="way" ref="223184558" role=""/>
  <member type="way" ref="1362713839" role=""/>
  <tag k="from" v="Dearborn, Michigan"/>
  <tag k="name" v="Michigan Subdivison"/>
  <tag k="note" v="Name is prefixed as there are multiple Michigan Lines on this consecutive right-of-way."/>
  <tag k="note:old_railway_operator" v="MC"/>
  <tag k="old_railway_operator" v="NYC"/>
  <tag k="operator" v="Amtrak"/>
  <tag k="operator:wikidata" v="Q23239"/>
  <tag k="ownership" v="state"/>
  <tag k="route" v="railway"/>
  <tag k="to" v="Porter, Indiana"/>
  <tag k="type" v="route"/>
  <tag k="wikidata" v="Q117478770"/>
 </relation>
 <relation id="10322740" visible="true" version="6" changeset="144923504" timestamp="2023-12-09T03:49:29Z" user="Mundilfari" uid="349543">
  <member type="relation" ref="1665342" role=""/>
  <member type="relation" ref="12044090" role=""/>
  <member type="relation" ref="12044091" role=""/>
  <member type="relation" ref="11879712" role=""/>
  <member type="relation" ref="12044088" role=""/>
  <member type="relation" ref="12044089" role=""/>
  <tag k="colour" v="darkgoldenrod"/>
  <tag k="name" v="Amtrak Wolverine"/>
  <tag k="network" v="Amtrak"/>
  <tag k="network:wikidata" v="Q23239"/>
  <tag k="network:wikipedia" v="en:Amtrak"/>
  <tag k="operator" v="Amtrak"/>
  <tag k="ref" v="Wolverine"/>
  <tag k="route_master" v="train"/>
  <tag k="type" v="route_master"/>
 </relation>
 <relation id="10358642" visible="true" version="2" changeset="97463677" timestamp="2021-01-13T20:47:16Z" user="clay_c" uid="119881">
  <member type="node" ref="7024286689" role="stop"/>
  <member type="node" ref="2264452369" role="stop"/>
  <member type="way" ref="122396026" role="platform"/>
  <member type="node" ref="7024286688" role=""/>
  <tag k="addr:state" v="MI"/>
  <tag k="name" v="Ann Arbor"/>
  <tag k="network" v="Amtrak"/>
  <tag k="public_transport" v="stop_area"/>
  <tag k="railway" v="facility"/>
  <tag k="railway:ref" v="ARB"/>
  <tag k="type" v="public_transport"/>
 </relation>
 <relation id="11879712" visible="true" version="45" changeset="172136660" timestamp="2025-09-19T00:03:09Z" user="RailandSea" uid="18757334">
  <member type="node" ref="6341735187" role="stop_entry_only"/>
  <member type="way" ref="121841397" role="platform_entry_only"/>
  <member type="node" ref="62219805" role="stop"/>
  <member type="way" ref="677296949" role="platform"/>
  <member type="node" ref="1538895359" role="stop"/>
  <member type="way" ref="536971820" role="platform"/>
  <member type="node" ref="62748947" role="stop"/>
  <member type="node" ref="7030190949" role="stop"/>
  <member type="way" ref="680735322" role="platform"/>
  <member type="node" ref="7024286689" role="stop"/>
  <member type="way" ref="122396026" role="platform"/>
  <member type="node" ref="7022756477" role="stop"/>
  <member type="way" ref="751185871" role="platform"/>
  <member type="node" ref="1538895348" role="stop"/>
  <member type="way" ref="677901640" role="platform"/>
  <member type="node" ref="1538895349" role="stop"/>
  <member type="way" ref="535699894" role="platform"/>
  <member type="node" ref="7022681108" role="stop"/>
  <member type="way" ref="193214100" role="platform"/>
  <member type="node" ref="2398894899" role="stop_exit_only"/>
  <member type="way" ref="231951964" role="platform_exit_only"/>
  <member type="way" ref="699246897" role=""/>
  <member type="way" ref="677283443" role=""/>
  <member type="way" ref="699246895" role=""/>
  <member type="way" ref="699246894" role=""/>
  <member type="way" ref="699246893" role=""/>
  <member type="way" ref="121846874" role=""/>
  <member type="way" ref="121846867" role=""/>
  <member type="way" ref="121846866" role=""/>
  <member type="way" ref="121846870" role=""/>
  <member type="way" ref="121846857" role=""/>
  <member type="way" ref="121846863" role=""/>
  <member type="way" ref="41001414" role=""/>
  <member type="way" ref="41001413" role=""/>
  <member type="way" ref="29250668" role=""/>
  <member type="way" ref="29250737" role=""/>
  <member type="way" ref="29250739" role=""/>
  <member type="way" ref="29250744" role=""/>
  <member type="way" ref="29250745" role=""/>
  <member type="way" ref="29250766" role=""/>
  <member type="way" ref="29250764" role=""/>
  <member type="way" ref="29250771" role=""/>
  <member type="way" ref="29250772" role=""/>
  <member type="way" ref="29250782" role=""/>
  <member type="way" ref="29250783" role=""/>
  <member type="way" ref="41001433" role=""/>
  <member type="way" ref="41001434" role=""/>
  <member type="way" ref="29250789" role=""/>
  <member type="way" ref="29250790" role=""/>
  <member type="way" ref="29250819" role=""/>
  <member type="way" ref="29250827" role=""/>
  <member type="way" ref="29250861" role=""/>
  <member type="way" ref="29250863" role=""/>
  <member type="way" ref="29250875" role=""/>
  <member type="way" ref="29250874" role=""/>
  <member type="way" ref="29250879" role=""/>
  <member type="way" ref="29250887" role=""/>
  <member type="way" ref="38726506" role=""/>
  <member type="way" ref="869968739" role=""/>
  <member type="way" ref="869968737" role=""/>
  <member type="way" ref="869968738" role=""/>
  <member type="way" ref="38726519" role=""/>
  <member type="way" ref="519774879" role=""/>
  <member type="way" ref="519774877" role=""/>
  <member type="way" ref="869968744" role=""/>
  <member type="way" ref="869968745" role=""/>
  <member type="way" ref="519774870" role=""/>
  <member type="way" ref="687476408" role=""/>
  <member type="way" ref="687476403" role=""/>
  <member type="way" ref="687476404" role=""/>
  <member type="way" ref="687476405" role=""/>
  <member type="way" ref="687476406" role=""/>
  <member type="way" ref="687476407" role=""/>
  <member type="way" ref="58425706" role=""/>
  <member type="way" ref="307751563" role=""/>
  <member type="way" ref="59004722" role=""/>
  <member type="way" ref="869968747" role=""/>
  <member type="way" ref="39364605" role=""/>
  <member type="way" ref="687476391" role=""/>
  <member type="way" ref="687476385" role=""/>
  <member type="way" ref="39364606" role=""/>
  <member type="way" ref="58425704" role=""/>
  <member type="way" ref="58425705" role=""/>
  <member type="way" ref="58528573" role=""/>
  <member type="way" ref="39364575" role=""/>
  <member type="way" ref="8756038" role=""/>
  <member type="way" ref="58425692" role=""/>
  <member type="way" ref="56159653" role=""/>
  <member type="way" ref="869968749" role=""/>
  <member type="way" ref="8756481" role=""/>
  <member type="way" ref="164982566" role=""/>
  <member type="way" ref="1093020610" role=""/>
  <member type="way" ref="58436442" role=""/>
  <member type="way" ref="869968754" role=""/>
  <member type="way" ref="869968759" role=""/>
  <member type="way" ref="164751275" role=""/>
  <member type="way" ref="164751274" role=""/>
  <member type="way" ref="219357414" role=""/>
  <member type="way" ref="219357413" role=""/>
  <member type="way" ref="164751272" role=""/>
  <member type="way" ref="164751419" role=""/>
  <member type="way" ref="164751352" role=""/>
  <member type="way" ref="164751269" role=""/>
  <member type="way" ref="164751379" role=""/>
  <member type="way" ref="164751369" role=""/>
  <member type="way" ref="164751384" role=""/>
  <member type="way" ref="59011914" role=""/>
  <member type="way" ref="59011913" role=""/>
  <member type="way" ref="40808455" role=""/>
  <member type="way" ref="164751396" role=""/>
  <member type="way" ref="164751321" role=""/>
  <member type="way" ref="164751409" role=""/>
  <member type="way" ref="164751322" role=""/>
  <member type="way" ref="164751410" role=""/>
  <member type="way" ref="164751382" role=""/>
  <member type="way" ref="164751327" role=""/>
  <member type="way" ref="164751422" role=""/>
  <member type="way" ref="164751340" role=""/>
  <member type="way" ref="164751420" role=""/>
  <member type="way" ref="164751333" role=""/>
  <member type="way" ref="164751401" role=""/>
  <member type="way" ref="164751400" role=""/>
  <member type="way" ref="164751328" role=""/>
  <member type="way" ref="164751338" role=""/>
  <member type="way" ref="164751424" role=""/>
  <member type="way" ref="869968769" role=""/>
  <member type="way" ref="869968772" role=""/>
  <member type="way" ref="164751336" role=""/>
  <member type="way" ref="164751399" role=""/>
  <member type="way" ref="164751385" role=""/>
  <member type="way" ref="164751374" role=""/>
  <member type="way" ref="164751388" role=""/>
  <member type="way" ref="164751387" role=""/>
  <member type="way" ref="164751332" role=""/>
  <member type="way" ref="164751407" role=""/>
  <member type="way" ref="164751378" role=""/>
  <member type="way" ref="164751380" role=""/>
  <member type="way" ref="164751370" role=""/>
  <member type="way" ref="164751386" role=""/>
  <member type="way" ref="164751349" role=""/>
  <member type="way" ref="164751395" role=""/>
  <member type="way" ref="164751376" role=""/>
  <member type="way" ref="164751404" role=""/>
  <member type="way" ref="164751372" role=""/>
  <member type="way" ref="164751394" role=""/>
  <member type="way" ref="164751323" role=""/>
  <member type="way" ref="164751364" role=""/>
  <member type="way" ref="164751341" role=""/>
  <member type="way" ref="164751368" role=""/>
  <member type="way" ref="164751348" role=""/>
  <member type="way" ref="869968775" role=""/>
  <member type="way" ref="164751426" role=""/>
  <member type="way" ref="164751393" role=""/>
  <member type="way" ref="448243514" role=""/>
  <member type="way" ref="448243513" role=""/>
  <member type="way" ref="448243511" role=""/>
  <member type="way" ref="448243509" role=""/>
  <member type="way" ref="448243508" role=""/>
  <member type="way" ref="448243506" role=""/>
  <member type="way" ref="448243505" role=""/>
  <member type="way" ref="448243504" role=""/>
  <member type="way" ref="448243503" role=""/>
  <member type="way" ref="448243502" role=""/>
  <member type="way" ref="448243500" role=""/>
  <member type="way" ref="448243498" role=""/>
  <member type="way" ref="448243497" role=""/>
  <member type="way" ref="448243495" role=""/>
  <member type="way" ref="869968778" role=""/>
  <member type="way" ref="526560615" role=""/>
  <member type="way" ref="321028172" role=""/>
  <member type="way" ref="321028173" role=""/>
  <member type="way" ref="678803203" role=""/>
  <member type="way" ref="869968797" role=""/>
  <member type="way" ref="162618275" role=""/>
  <member type="way" ref="162618268" role=""/>
  <member type="way" ref="162618281" role=""/>
  <member type="way" ref="162618267" role=""/>
  <member type="way" ref="162640739" role=""/>
  <member type="way" ref="869968799" role=""/>
  <member type="way" ref="162640756" role=""/>
  <member type="way" ref="162640745" role=""/>
  <member type="way" ref="162640754" role=""/>
  <member type="way" ref="162640741" role=""/>
  <member type="way" ref="162640753" role=""/>
  <member type="way" ref="162640740" role=""/>
  <member type="way" ref="869968800" role=""/>
  <member type="way" ref="162640750" role=""/>
  <member type="way" ref="162640742" role=""/>
  <member type="way" ref="1236678466" role=""/>
  <member type="way" ref="162618262" role=""/>
  <member type="way" ref="8746343" role=""/>
  <member type="way" ref="8730992" role=""/>
  <member type="way" ref="25907364" role=""/>
  <member type="way" ref="25907363" role=""/>
  <member type="way" ref="680739739" role=""/>
  <member type="way" ref="702167486" role=""/>
  <member type="way" ref="701675457" role=""/>
  <member type="way" ref="869968804" role=""/>
  <member type="way" ref="869968805" role=""/>
  <member type="way" ref="680739738" role=""/>
  <member type="way" ref="680735321" role=""/>
  <member type="way" ref="25926154" role=""/>
  <member type="way" ref="25926153" role=""/>
  <member type="way" ref="25926152" role=""/>
  <member type="way" ref="25926149" role=""/>
  <member type="way" ref="25926148" role=""/>
  <member type="way" ref="25926144" role=""/>
  <member type="way" ref="25926143" role=""/>
  <member type="way" ref="680742682" role=""/>
  <member type="way" ref="680742688" role=""/>
  <member type="way" ref="680742676" role=""/>
  <member type="way" ref="680742693" role=""/>
  <member type="way" ref="680742698" role=""/>
  <member type="way" ref="680742704" role=""/>
  <member type="way" ref="869968811" role=""/>
  <member type="way" ref="1236678473" role=""/>
  <member type="way" ref="869968808" role=""/>
  <member type="way" ref="1236678475" role=""/>
  <member type="way" ref="8730208" role=""/>
  <member type="way" ref="25793405" role=""/>
  <member type="way" ref="40942172" role=""/>
  <member type="way" ref="40942169" role=""/>
  <member type="way" ref="8746319" role=""/>
  <member type="way" ref="1236678468" role=""/>
  <member type="way" ref="8732840" role=""/>
  <member type="way" ref="869968812" role=""/>
  <member type="way" ref="503149607" role=""/>
  <member type="way" ref="503149608" role=""/>
  <member type="way" ref="25584427" role=""/>
  <member type="way" ref="25584426" role=""/>
  <member type="way" ref="1237131875" role=""/>
  <member type="way" ref="25584424" role=""/>
  <member type="way" ref="25584423" role=""/>
  <member type="way" ref="25584422" role=""/>
  <member type="way" ref="25584419" role=""/>
  <member type="way" ref="25584418" role=""/>
  <member type="way" ref="560615370" role=""/>
  <member type="way" ref="560615369" role=""/>
  <member type="way" ref="25584417" role=""/>
  <member type="way" ref="25584416" role=""/>
  <member type="way" ref="1237131876" role=""/>
  <member type="way" ref="1237131877" role=""/>
  <member type="way" ref="12388886" role=""/>
  <member type="way" ref="1237131878" role=""/>
  <member type="way" ref="12388885" role=""/>
  <member type="way" ref="12388879" role=""/>
  <member type="way" ref="12388883" role=""/>
  <member type="way" ref="1237131879" role=""/>
  <member type="way" ref="1237131880" role=""/>
  <member type="way" ref="1237131881" role=""/>
  <member type="way" ref="9257806" role=""/>
  <member type="way" ref="9749271" role=""/>
  <member type="way" ref="9749273" role=""/>
  <member type="way" ref="9749267" role=""/>
  <member type="way" ref="9749269" role=""/>
  <member type="way" ref="9596392" role=""/>
  <member type="way" ref="9596394" role=""/>
  <member type="way" ref="9596395" role=""/>
  <member type="way" ref="9596401" role=""/>
  <member type="way" ref="9596399" role=""/>
  <member type="way" ref="9596403" role=""/>
  <member type="way" ref="9596402" role=""/>
  <member type="way" ref="9596406" role=""/>
  <member type="way" ref="9596404" role=""/>
  <member type="way" ref="1237131882" role=""/>
  <member type="way" ref="9686972" role=""/>
  <member type="way" ref="9686971" role=""/>
  <member type="way" ref="1237131883" role=""/>
  <member type="way" ref="9686974" role=""/>
  <member type="way" ref="463533087" role=""/>
  <member type="way" ref="463533088" role=""/>
  <member type="way" ref="9686973" role=""/>
  <member type="way" ref="1237131884" role=""/>
  <member type="way" ref="1237131885" role=""/>
  <member type="way" ref="1237131886" role=""/>
  <member type="way" ref="1237131887" role=""/>
  <member type="way" ref="8732872" role=""/>
  <member type="way" ref="122399683" role=""/>
  <member type="way" ref="8732880" role=""/>
  <member type="way" ref="122399684" role=""/>
  <member type="way" ref="1237131889" role=""/>
  <member type="way" ref="122399707" role=""/>
  <member type="way" ref="1237131890" role=""/>
  <member type="way" ref="223182996" role=""/>
  <member type="way" ref="17829553" role=""/>
  <member type="way" ref="17829584" role=""/>
  <member type="way" ref="1362713836" role=""/>
  <member type="way" ref="1362713834" role=""/>
  <member type="way" ref="17829578" role=""/>
  <member type="way" ref="17829599" role=""/>
  <member type="way" ref="223183941" role=""/>
  <member type="way" ref="223183944" role=""/>
  <member type="way" ref="223183940" role=""/>
  <member type="way" ref="223183939" role=""/>
  <member type="way" ref="223183942" role=""/>
  <member type="way" ref="223184559" role=""/>
  <member type="way" ref="223184558" role=""/>
  <member type="way" ref="1362713839" role=""/>
  <member type="way" ref="869968815" role=""/>
  <member type="way" ref="476803499" role=""/>
  <member type="way" ref="513336587" role=""/>
  <member type="way" ref="513336583" role=""/>
  <member type="way" ref="1362713841" role=""/>
  <member type="way" ref="1362713842" role=""/>
  <member type="way" ref="1362713843" role=""/>
  <member type="way" ref="1362713844" role=""/>
  <member type="way" ref="1362713845" role=""/>
  <member type="way" ref="1362713846" role=""/>
  <member type="way" ref="1362713847" role=""/>
  <member type="way" ref="476803504" role=""/>
  <member type="way" ref="1362713848" role=""/>
  <member type="way" ref="1362713849" role=""/>
  <member type="way" ref="1362713850" role=""/>
  <member type="way" ref="1425073331" role=""/>
  <member type="way" ref="1362713853" role=""/>
  <member type="way" ref="1362713854" role=""/>
  <member type="way" ref="1362713855" role=""/>
  <member type="way" ref="139302541" role=""/>
  <member type="way" ref="139302537" role=""/>
  <member type="way" ref="166371135" role=""/>
  <member type="way" ref="1431052761" role=""/>
  <member type="way" ref="166371134" role=""/>
  <member type="way" ref="60776356" role=""/>
  <member type="way" ref="1431052763" role=""/>
  <member type="way" ref="1431052764" role=""/>
  <member type="way" ref="1431052762" role=""/>
  <member type="way" ref="60776352" role=""/>
  <member type="way" ref="868441800" role=""/>
  <member type="way" ref="1362739000" role=""/>
  <member type="way" ref="161203605" role=""/>
  <member type="way" ref="1362739002" role=""/>
  <member type="way" ref="868441803" role=""/>
  <member type="way" ref="868441801" role=""/>
  <member type="way" ref="139269438" role=""/>
  <member type="way" ref="868441806" role=""/>
  <member type="way" ref="868441804" role=""/>
  <member type="way" ref="231227846" role=""/>
  <member type="way" ref="707322235" role=""/>
  <member type="way" ref="1394842045" role=""/>
  <member type="way" ref="231227842" role=""/>
  <member type="way" ref="868441811" role=""/>
  <member type="way" ref="1394842044" role=""/>
  <member type="way" ref="149478315" role=""/>
  <member type="way" ref="1167232314" role=""/>
  <member type="way" ref="1167232313" role=""/>
  <member type="way" ref="149478310" role=""/>
  <member type="way" ref="1067935599" role=""/>
  <member type="way" ref="1067935600" role=""/>
  <member type="way" ref="1394842043" role=""/>
  <member type="way" ref="17839164" role=""/>
  <member type="way" ref="1394842042" role=""/>
  <member type="way" ref="172082231" role=""/>
  <member type="way" ref="1394842039" role=""/>
  <member type="way" ref="122220939" role=""/>
  <member type="way" ref="91748554" role=""/>
  <member type="way" ref="91748561" role=""/>
  <member type="way" ref="91748551" role=""/>
  <member type="way" ref="91748562" role=""/>
  <member type="way" ref="1394842027" role=""/>
  <member type="way" ref="1394842037" role=""/>
  <member type="way" ref="569492664" role=""/>
  <member type="way" ref="707305441" role=""/>
  <member type="way" ref="868441821" role=""/>
  <member type="way" ref="1394842030" role=""/>
  <member type="way" ref="1394842032" role=""/>
  <member type="way" ref="1408925600" role=""/>
  <member type="way" ref="17835599" role=""/>
  <member type="way" ref="1394842034" role=""/>
  <member type="way" ref="1394842026" role=""/>
  <member type="way" ref="569489652" role=""/>
  <member type="way" ref="1173157841" role=""/>
  <member type="way" ref="138954877" role=""/>
  <member type="way" ref="138954876" role=""/>
  <member type="way" ref="17985039" role=""/>
  <member type="way" ref="135081103" role=""/>
  <member type="way" ref="135081101" role=""/>
  <member type="way" ref="135081106" role=""/>
  <member type="way" ref="135081105" role=""/>
  <member type="way" ref="135081107" role=""/>
  <member type="way" ref="193208643" role=""/>
  <member type="way" ref="193208639" role=""/>
  <member type="way" ref="290370146" role=""/>
  <member type="way" ref="290370145" role=""/>
  <member type="way" ref="764645533" role=""/>
  <member type="way" ref="764645532" role=""/>
  <member type="way" ref="17750720" role=""/>
  <member type="way" ref="17742345" role=""/>
  <member type="way" ref="17742755" role=""/>
  <member type="way" ref="764645541" role=""/>
  <member type="way" ref="764645540" role=""/>
  <member type="way" ref="868441829" role=""/>
  <member type="way" ref="1173157840" role=""/>
  <member type="way" ref="764645538" role=""/>
  <member type="way" ref="868441828" role=""/>
  <member type="way" ref="135086472" role=""/>
  <member type="way" ref="1164920275" role=""/>
  <member type="way" ref="1164920274" role=""/>
  <member type="way" ref="135543121" role=""/>
  <member type="way" ref="135543119" role=""/>
  <member type="way" ref="1163681384" role=""/>
  <member type="way" ref="17735372" role=""/>
  <member type="way" ref="1164920273" role=""/>
  <member type="way" ref="1164920272" role=""/>
  <member type="way" ref="1163681383" role=""/>
  <member type="way" ref="1163681381" role=""/>
  <member type="way" ref="770096383" role=""/>
  <member type="way" ref="770096384" role=""/>
  <member type="way" ref="1163681380" role=""/>
  <member type="way" ref="135694662" role=""/>
  <member type="way" ref="1163681378" role=""/>
  <member type="way" ref="1163681379" role=""/>
  <member type="way" ref="58404826" role=""/>
  <member type="way" ref="606080785" role=""/>
  <member type="way" ref="606080786" role=""/>
  <member type="way" ref="1163681376" role=""/>
  <member type="way" ref="58404823" role=""/>
  <member type="way" ref="134821187" role=""/>
  <member type="way" ref="219358203" role=""/>
  <member type="way" ref="1222644524" role=""/>
  <member type="way" ref="58555370" role=""/>
  <member type="way" ref="1222651873" role=""/>
  <member type="way" ref="58555355" role=""/>
  <member type="way" ref="58555352" role=""/>
  <member type="way" ref="135722108" role=""/>
  <member type="way" ref="459258492" role=""/>
  <member type="way" ref="135722214" role=""/>
  <member type="way" ref="606080824" role=""/>
  <member type="way" ref="307389048" role=""/>
  <member type="way" ref="868130385" role=""/>
  <member type="way" ref="868130386" role=""/>
  <member type="way" ref="606080783" role=""/>
  <member type="way" ref="606080784" role=""/>
  <member type="way" ref="606080781" role=""/>
  <member type="way" ref="606080782" role=""/>
  <member type="way" ref="307389049" role=""/>
  <member type="way" ref="307389047" role=""/>
  <member type="way" ref="307389046" role=""/>
  <member type="way" ref="256798531" role=""/>
  <member type="way" ref="256798530" role=""/>
  <member type="way" ref="908217589" role=""/>
  <member type="way" ref="908217590" role=""/>
  <member type="way" ref="256798529" role=""/>
  <member type="way" ref="256798528" role=""/>
  <member type="way" ref="363510601" role=""/>
  <member type="way" ref="868130370" role=""/>
  <member type="way" ref="363510597" role=""/>
  <member type="way" ref="868130369" role=""/>
  <member type="way" ref="256798532" role=""/>
  <member type="way" ref="632893003" role=""/>
  <member type="way" ref="868130353" role=""/>
  <member type="way" ref="632893002" role=""/>
  <member type="way" ref="1222651880" role=""/>
  <member type="way" ref="127906970" role=""/>
  <member type="way" ref="881789413" role=""/>
  <member type="way" ref="632892994" role=""/>
  <member type="way" ref="868130350" role=""/>
  <member type="way" ref="868130339" role=""/>
  <member type="way" ref="57006908" role=""/>
  <member type="way" ref="1222651876" role=""/>
  <member type="way" ref="57010478" role=""/>
  <member type="way" ref="57010480" role=""/>
  <member type="way" ref="57006904" role=""/>
  <member type="way" ref="1222651874" role=""/>
  <member type="way" ref="57006903" role=""/>
  <member type="way" ref="57006906" role=""/>
  <member type="way" ref="57006905" role=""/>
  <member type="way" ref="57006907" role=""/>
  <member type="way" ref="1000663139" role=""/>
  <member type="way" ref="1000663140" role=""/>
  <member type="way" ref="1000663176" role=""/>
  <member type="way" ref="1000663181" role=""/>
  <member type="way" ref="1000663220" role=""/>
  <member type="way" ref="1000663223" role=""/>
  <member type="way" ref="1000663197" role=""/>
  <member type="way" ref="1000663202" role=""/>
  <member type="way" ref="1000663237" role=""/>
  <member type="way" ref="1000663242" role=""/>
  <member type="way" ref="1003524837" role=""/>
  <member type="way" ref="1003524838" role=""/>
  <member type="way" ref="56997647" role=""/>
  <member type="way" ref="1003524850" role=""/>
  <member type="way" ref="1003524849" role=""/>
  <member type="way" ref="1003521616" role=""/>
  <member type="way" ref="1003521615" role=""/>
  <member type="way" ref="1003521580" role=""/>
  <member type="way" ref="1003521579" role=""/>
  <member type="way" ref="1003521640" role=""/>
  <member type="way" ref="1003521639" role=""/>
  <member type="way" ref="1003521545" role=""/>
  <member type="way" ref="1003521544" role=""/>
  <member type="way" ref="1000935532" role=""/>
  <member type="way" ref="1003521631" role=""/>
  <member type="way" ref="1003521632" role=""/>
  <member type="way" ref="1000935529" role=""/>
  <member type="way" ref="1003521469" role=""/>
  <member type="way" ref="1003521468" role=""/>
  <member type="way" ref="868130329" role=""/>
  <member type="way" ref="1002647208" role=""/>
  <member type="way" ref="1002647207" role=""/>
  <member type="way" ref="56997650" role=""/>
  <member type="way" ref="1003359893" role=""/>
  <member type="way" ref="1003359894" role=""/>
  <member type="way" ref="1003359851" role=""/>
  <member type="way" ref="1003359871" role=""/>
  <member type="way" ref="1003359870" role=""/>
  <member type="way" ref="1003359854" role=""/>
  <member type="way" ref="56242486" role=""/>
  <member type="way" ref="1002647194" role=""/>
  <member type="way" ref="1002647193" role=""/>
  <member type="way" ref="1002647166" role=""/>
  <member type="way" ref="1002647165" role=""/>
  <member type="way" ref="1002647137" role=""/>
  <member type="way" ref="1002647136" role=""/>
  <member type="way" ref="1002582818" role=""/>
  <member type="way" ref="1002582817" role=""/>
  <member type="way" ref="1002582800" role=""/>
  <member type="way" ref="1002582797" role=""/>
  <member type="way" ref="1002582785" role=""/>
  <member type="way" ref="1002582782" role=""/>
  <member type="way" ref="1002582757" role=""/>
  <member type="way" ref="1222651870" role=""/>
  <member type="way" ref="1002582756" role=""/>
  <member type="way" ref="56997706" role=""/>
  <member type="way" ref="868130328" role=""/>
  <member type="way" ref="56997705" role=""/>
  <member type="way" ref="56250094" role=""/>
  <member type="way" ref="56250089" role=""/>
  <member type="way" ref="56250087" role=""/>
  <member type="way" ref="56250086" role=""/>
  <member type="way" ref="56250085" role=""/>
  <member type="way" ref="56250084" role=""/>
  <member type="way" ref="56250093" role=""/>
  <member type="way" ref="56250092" role=""/>
  <member type="way" ref="56250091" role=""/>
  <member type="way" ref="56250090" role=""/>
  <member type="way" ref="56250127" role=""/>
  <member type="way" ref="56250116" role=""/>
  <member type="way" ref="56250106" role=""/>
  <member type="way" ref="56250102" role=""/>
  <member type="way" ref="56250149" role=""/>
  <member type="way" ref="56250148" role=""/>
  <member type="way" ref="56250158" role=""/>
  <member type="way" ref="56250157" role=""/>
  <member type="way" ref="56250156" role=""/>
  <member type="way" ref="56250155" role=""/>
  <member type="way" ref="56249027" role=""/>
  <member type="way" ref="56249026" role=""/>
  <member type="way" ref="1187045996" role=""/>
  <member type="way" ref="1222651871" role=""/>
  <member type="way" ref="1187045995" role=""/>
  <member type="way" ref="868130324" role=""/>
  <member type="way" ref="868130326" role=""/>
  <member type="way" ref="868130321" role=""/>
  <member type="way" ref="56246266" role=""/>
  <member type="way" ref="1326376768" role=""/>
  <member type="way" ref="1326376769" role=""/>
  <member type="way" ref="56246265" role=""/>
  <member type="way" ref="1326376710" role=""/>
  <member type="way" ref="1326376709" role=""/>
  <member type="way" ref="1326376684" role=""/>
  <member type="way" ref="1326376683" role=""/>
  <member type="way" ref="1222536458" role=""/>
  <member type="way" ref="1017452516" role=""/>
  <member type="way" ref="1017452515" role=""/>
  <member type="way" ref="1017452499" role=""/>
  <member type="way" ref="1017452498" role=""/>
  <member type="way" ref="635271945" role=""/>
  <member type="way" ref="764032839" role=""/>
  <member type="way" ref="1272607776" role=""/>
  <member type="way" ref="59917666" role=""/>
  <member type="way" ref="1219904302" role=""/>
  <member type="way" ref="59917669" role=""/>
  <member type="way" ref="56242476" role=""/>
  <member type="way" ref="56242477" role=""/>
  <member type="way" ref="233444864" role=""/>
  <member type="way" ref="763014465" role=""/>
  <member type="way" ref="763014453" role=""/>
  <member type="way" ref="626360732" role=""/>
  <member type="way" ref="763014476" role=""/>
  <member type="way" ref="231512939" role=""/>
  <member type="way" ref="763014478" role=""/>
  <member type="way" ref="745472362" role=""/>
  <member type="way" ref="763014492" role=""/>
  <member type="way" ref="321874303" role=""/>
  <tag k="colour" v="darkgoldenrod"/>
  <tag k="from" v="Pontiac"/>
  <tag k="name" v="Amtrak Wolverine: Pontiac =&gt; Chicago"/>
  <tag k="network" v="Amtrak"/>
  <tag k="network:wikidata" v="Q23239"/>
  <tag k="network:wikipedia" v="en:Amtrak"/>
  <tag k="operator" v="Amtrak"/>
  <tag k="passenger" v="regional"/>
  <tag k="public_transport:version" v="2"/>
  <tag k="ref" v="Wolverine"/>
  <tag k="route" v="train"/>
  <tag k="to" v="Chicago Union Station"/>
  <tag k="trip_ref" v="351"/>
  <tag k="type" v="route"/>
  <tag k="via" v="Albion"/>
  <tag k="website" v="https://www.amtrak.com/"/>
  <tag k="wikidata" v="Q260450"/>
  <tag k="wikipedia" v="en:Wolverine (Amtrak train)"/>
 </relation>
 <relation id="12044088" visible="true" version="43" changeset="172136660" timestamp="2025-09-19T00:03:09Z" user="RailandSea" uid="18757334">
  <member type="node" ref="6341735187" role="stop_entry_only"/>
  <member type="way" ref="121841397" role="platform_entry_only"/>
  <member type="node" ref="62219805" role="stop"/>
  <member type="way" ref="677296949" role="platform"/>
  <member type="node" ref="1538895359" role="stop"/>
  <member type="way" ref="536971820" role="platform"/>
  <member type="node" ref="62748947" role="stop"/>
  <member type="node" ref="7030190949" role="stop"/>
  <member type="way" ref="680735322" role="platform"/>
  <member type="node" ref="7024286689" role="stop"/>
  <member type="way" ref="122396026" role="platform"/>
  <member type="node" ref="7022756477" role="stop"/>
  <member type="way" ref="751185871" role="platform"/>
  <member type="node" ref="1538895349" role="stop"/>
  <member type="way" ref="535699894" role="platform"/>
  <member type="node" ref="7022681108" role="stop"/>
  <member type="way" ref="193214100" role="platform"/>
  <member type="node" ref="2037110600" role="stop"/>
  <member type="way" ref="193193903" role="platform"/>
  <member type="node" ref="1538895356" role="stop"/>
  <member type="way" ref="195458541" role="platform"/>
  <member type="node" ref="7022681112" role="stop"/>
  <member type="way" ref="134817085" role="platform"/>
  <member type="node" ref="2398894899" role="stop_exit_only"/>
  <member type="way" ref="231951964" role="platform_exit_only"/>
  <member type="way" ref="699246897" role=""/>
  <member type="way" ref="677283443" role=""/>
  <member type="way" ref="699246895" role=""/>
  <member type="way" ref="699246894" role=""/>
  <member type="way" ref="699246893" role=""/>
  <member type="way" ref="121846874" role=""/>
  <member type="way" ref="121846867" role=""/>
  <member type="way" ref="121846866" role=""/>
  <member type="way" ref="121846870" role=""/>
  <member type="way" ref="121846857" role=""/>
  <member type="way" ref="121846863" role=""/>
  <member type="way" ref="41001414" role=""/>
  <member type="way" ref="41001413" role=""/>
  <member type="way" ref="29250668" role=""/>
  <member type="way" ref="29250737" role=""/>
  <member type="way" ref="29250739" role=""/>
  <member type="way" ref="29250744" role=""/>
  <member type="way" ref="29250745" role=""/>
  <member type="way" ref="29250766" role=""/>
  <member type="way" ref="29250764" role=""/>
  <member type="way" ref="29250771" role=""/>
  <member type="way" ref="29250772" role=""/>
  <member type="way" ref="29250782" role=""/>
  <member type="way" ref="29250783" role=""/>
  <member type="way" ref="41001433" role=""/>
  <member type="way" ref="41001434" role=""/>
  <member type="way" ref="29250789" role=""/>
  <member type="way" ref="29250790" role=""/>
  <member type="way" ref="29250819" role=""/>
  <member type="way" ref="29250827" role=""/>
  <member type="way" ref="29250861" role=""/>
  <member type="way" ref="29250863" role=""/>
  <member type="way" ref="29250875" role=""/>
  <member type="way" ref="29250874" role=""/>
  <member type="way" ref="29250879" role=""/>
  <member type="way" ref="29250887" role=""/>
  <member type="way" ref="38726506" role=""/>
  <member type="way" ref="869968739" role=""/>
  <member type="way" ref="869968737" role=""/>
  <member type="way" ref="869968738" role=""/>
  <member type="way" ref="38726519" role=""/>
  <member type="way" ref="519774879" role=""/>
  <member type="way" ref="519774877" role=""/>
  <member type="way" ref="869968744" role=""/>
  <member type="way" ref="869968745" role=""/>
  <member type="way" ref="519774870" role=""/>
  <member type="way" ref="687476408" role=""/>
  <member type="way" ref="687476403" role=""/>
  <member type="way" ref="687476404" role=""/>
  <member type="way" ref="687476405" role=""/>
  <member type="way" ref="687476406" role=""/>
  <member type="way" ref="687476407" role=""/>
  <member type="way" ref="58425706" role=""/>
  <member type="way" ref="307751563" role=""/>
  <member type="way" ref="59004722" role=""/>
  <member type="way" ref="869968747" role=""/>
  <member type="way" ref="39364605" role=""/>
  <member type="way" ref="687476391" role=""/>
  <member type="way" ref="687476385" role=""/>
  <member type="way" ref="39364606" role=""/>
  <member type="way" ref="58425704" role=""/>
  <member type="way" ref="58425705" role=""/>
  <member type="way" ref="58528573" role=""/>
  <member type="way" ref="39364575" role=""/>
  <member type="way" ref="8756038" role=""/>
  <member type="way" ref="58425692" role=""/>
  <member type="way" ref="56159653" role=""/>
  <member type="way" ref="869968749" role=""/>
  <member type="way" ref="8756481" role=""/>
  <member type="way" ref="164982566" role=""/>
  <member type="way" ref="1093020610" role=""/>
  <member type="way" ref="58436442" role=""/>
  <member type="way" ref="869968754" role=""/>
  <member type="way" ref="869968759" role=""/>
  <member type="way" ref="164751275" role=""/>
  <member type="way" ref="164751274" role=""/>
  <member type="way" ref="219357414" role=""/>
  <member type="way" ref="219357413" role=""/>
  <member type="way" ref="164751272" role=""/>
  <member type="way" ref="164751419" role=""/>
  <member type="way" ref="164751352" role=""/>
  <member type="way" ref="164751269" role=""/>
  <member type="way" ref="164751379" role=""/>
  <member type="way" ref="164751369" role=""/>
  <member type="way" ref="164751384" role=""/>
  <member type="way" ref="59011914" role=""/>
  <member type="way" ref="59011913" role=""/>
  <member type="way" ref="40808455" role=""/>
  <member type="way" ref="164751396" role=""/>
  <member type="way" ref="164751321" role=""/>
  <member type="way" ref="164751409" role=""/>
  <member type="way" ref="164751322" role=""/>
  <member type="way" ref="164751410" role=""/>
  <member type="way" ref="164751382" role=""/>
  <member type="way" ref="164751327" role=""/>
  <member type="way" ref="164751422" role=""/>
  <member type="way" ref="164751340" role=""/>
  <member type="way" ref="164751420" role=""/>
  <member type="way" ref="164751333" role=""/>
  <member type="way" ref="164751401" role=""/>
  <member type="way" ref="164751400" role=""/>
  <member type="way" ref="164751328" role=""/>
  <member type="way" ref="164751338" role=""/>
  <member type="way" ref="164751424" role=""/>
  <member type="way" ref="869968769" role=""/>
  <member type="way" ref="869968772" role=""/>
  <member type="way" ref="164751336" role=""/>
  <member type="way" ref="164751399" role=""/>
  <member type="way" ref="164751385" role=""/>
  <member type="way" ref="164751374" role=""/>
  <member type="way" ref="164751388" role=""/>
  <member type="way" ref="164751387" role=""/>
  <member type="way" ref="164751332" role=""/>
  <member type="way" ref="164751407" role=""/>
  <member type="way" ref="164751378" role=""/>
  <member type="way" ref="164751380" role=""/>
  <member type="way" ref="164751370" role=""/>
  <member type="way" ref="164751386" role=""/>
  <member type="way" ref="164751349" role=""/>
  <member type="way" ref="164751395" role=""/>
  <member type="way" ref="164751376" role=""/>
  <member type="way" ref="164751404" role=""/>
  <member type="way" ref="164751372" role=""/>
  <member type="way" ref="164751394" role=""/>
  <member type="way" ref="164751323" role=""/>
  <member type="way" ref="164751364" role=""/>
  <member type="way" ref="164751341" role=""/>
  <member type="way" ref="164751368" role=""/>
  <member type="way" ref="164751348" role=""/>
  <member type="way" ref="869968775" role=""/>
  <member type="way" ref="164751426" role=""/>
  <member type="way" ref="164751393" role=""/>
  <member type="way" ref="448243514" role=""/>
  <member type="way" ref="448243513" role=""/>
  <member type="way" ref="448243511" role=""/>
  <member type="way" ref="448243509" role=""/>
  <member type="way" ref="448243508" role=""/>
  <member type="way" ref="448243506" role=""/>
  <member type="way" ref="448243505" role=""/>
  <member type="way" ref="448243504" role=""/>
  <member type="way" ref="448243503" role=""/>
  <member type="way" ref="448243502" role=""/>
  <member type="way" ref="448243500" role=""/>
  <member type="way" ref="448243498" role=""/>
  <member type="way" ref="448243497" role=""/>
  <member type="way" ref="448243495" role=""/>
  <member type="way" ref="869968778" role=""/>
  <member type="way" ref="526560615" role=""/>
  <member type="way" ref="321028172" role=""/>
  <member type="way" ref="321028173" role=""/>
  <member type="way" ref="678803203" role=""/>
  <member type="way" ref="869968797" role=""/>
  <member type="way" ref="162618275" role=""/>
  <member type="way" ref="162618268" role=""/>
  <member type="way" ref="162618281" role=""/>
  <member type="way" ref="162618267" role=""/>
  <member type="way" ref="162640739" role=""/>
  <member type="way" ref="869968799" role=""/>
  <member type="way" ref="162640756" role=""/>
  <member type="way" ref="162640745" role=""/>
  <member type="way" ref="162640754" role=""/>
  <member type="way" ref="162640741" role=""/>
  <member type="way" ref="162640753" role=""/>
  <member type="way" ref="162640740" role=""/>
  <member type="way" ref="869968800" role=""/>
  <member type="way" ref="162640750" role=""/>
  <member type="way" ref="162640742" role=""/>
  <member type="way" ref="1236678466" role=""/>
  <member type="way" ref="162618262" role=""/>
  <member type="way" ref="8746343" role=""/>
  <member type="way" ref="8730992" role=""/>
  <member type="way" ref="25907364" role=""/>
  <member type="way" ref="25907363" role=""/>
  <member type="way" ref="680739739" role=""/>
  <member type="way" ref="702167486" role=""/>
  <member type="way" ref="701675457" role=""/>
  <member type="way" ref="869968804" role=""/>
  <member type="way" ref="869968805" role=""/>
  <member type="way" ref="680739738" role=""/>
  <member type="way" ref="680735321" role=""/>
  <member type="way" ref="25926154" role=""/>
  <member type="way" ref="25926153" role=""/>
  <member type="way" ref="25926152" role=""/>
  <member type="way" ref="25926149" role=""/>
  <member type="way" ref="25926148" role=""/>
  <member type="way" ref="25926144" role=""/>
  <member type="way" ref="25926143" role=""/>
  <member type="way" ref="680742682" role=""/>
  <member type="way" ref="680742688" role=""/>
  <member type="way" ref="680742676" role=""/>
  <member type="way" ref="680742693" role=""/>
  <member type="way" ref="680742698" role=""/>
  <member type="way" ref="680742704" role=""/>
  <member type="way" ref="869968811" role=""/>
  <member type="way" ref="1236678473" role=""/>
  <member type="way" ref="869968808" role=""/>
  <member type="way" ref="1236678475" role=""/>
  <member type="way" ref="8730208" role=""/>
  <member type="way" ref="25793405" role=""/>
  <member type="way" ref="40942172" role=""/>
  <member type="way" ref="40942169" role=""/>
  <member type="way" ref="8746319" role=""/>
  <member type="way" ref="1236678468" role=""/>
  <member type="way" ref="8732840" role=""/>
  <member type="way" ref="869968812" role=""/>
  <member type="way" ref="503149607" role=""/>
  <member type="way" ref="503149608" role=""/>
  <member type="way" ref="25584427" role=""/>
  <member type="way" ref="25584426" role=""/>
  <member type="way" ref="1237131875" role=""/>
  <member type="way" ref="25584424" role=""/>
  <member type="way" ref="25584423" role=""/>
  <member type="way" ref="25584422" role=""/>
  <member type="way" ref="25584419" role=""/>
  <member type="way" ref="25584418" role=""/>
  <member type="way" ref="560615370" role=""/>
  <member type="way" ref="560615369" role=""/>
  <member type="way" ref="25584417" role=""/>
  <member type="way" ref="25584416" role=""/>
  <member type="way" ref="1237131876" role=""/>
  <member type="way" ref="1237131877" role=""/>
  <member type="way" ref="12388886" role=""/>
  <member type="way" ref="1237131878" role=""/>
  <member type="way" ref="12388885" role=""/>
  <member type="way" ref="12388879" role=""/>
  <member type="way" ref="12388883" role=""/>
  <member type="way" ref="1237131879" role=""/>
  <member type="way" ref="1237131880" role=""/>
  <member type="way" ref="1237131881" role=""/>
  <member type="way" ref="9257806" role=""/>
  <member type="way" ref="9749271" role=""/>
  <member type="way" ref="9749273" role=""/>
  <member type="way" ref="9749267" role=""/>
  <member type="way" ref="9749269" role=""/>
  <member type="way" ref="9596392" role=""/>
  <member type="way" ref="9596394" role=""/>
  <member type="way" ref="9596395" role=""/>
  <member type="way" ref="9596401" role=""/>
  <member type="way" ref="9596399" role=""/>
  <member type="way" ref="9596403" role=""/>
  <member type="way" ref="9596402" role=""/>
  <member type="way" ref="9596406" role=""/>
  <member type="way" ref="9596404" role=""/>
  <member type="way" ref="1237131882" role=""/>
  <member type="way" ref="9686972" role=""/>
  <member type="way" ref="9686971" role=""/>
  <member type="way" ref="1237131883" role=""/>
  <member type="way" ref="9686974" role=""/>
  <member type="way" ref="463533087" role=""/>
  <member type="way" ref="463533088" role=""/>
  <member type="way" ref="9686973" role=""/>
  <member type="way" ref="1237131884" role=""/>
  <member type="way" ref="1237131885" role=""/>
  <member type="way" ref="1237131886" role=""/>
  <member type="way" ref="1237131887" role=""/>
  <member type="way" ref="8732872" role=""/>
  <member type="way" ref="122399683" role=""/>
  <member type="way" ref="8732880" role=""/>
  <member type="way" ref="122399684" role=""/>
  <member type="way" ref="1237131889" role=""/>
  <member type="way" ref="122399707" role=""/>
  <member type="way" ref="1237131890" role=""/>
  <member type="way" ref="223182996" role=""/>
  <member type="way" ref="17829553" role=""/>
  <member type="way" ref="17829584" role=""/>
  <member type="way" ref="1362713836" role=""/>
  <member type="way" ref="1362713834" role=""/>
  <member type="way" ref="17829578" role=""/>
  <member type="way" ref="17829599" role=""/>
  <member type="way" ref="223183941" role=""/>
  <member type="way" ref="223183944" role=""/>
  <member type="way" ref="223183940" role=""/>
  <member type="way" ref="223183939" role=""/>
  <member type="way" ref="223183942" role=""/>
  <member type="way" ref="223184559" role=""/>
  <member type="way" ref="223184558" role=""/>
  <member type="way" ref="1362713839" role=""/>
  <member type="way" ref="869968815" role=""/>
  <member type="way" ref="476803499" role=""/>
  <member type="way" ref="513336587" role=""/>
  <member type="way" ref="513336583" role=""/>
  <member type="way" ref="1362713841" role=""/>
  <member type="way" ref="1362713842" role=""/>
  <member type="way" ref="1362713843" role=""/>
  <member type="way" ref="1362713844" role=""/>
  <member type="way" ref="1362713845" role=""/>
  <member type="way" ref="1362713846" role=""/>
  <member type="way" ref="1362713847" role=""/>
  <member type="way" ref="476803504" role=""/>
  <member type="way" ref="1362713848" role=""/>
  <member type="way" ref="1362713849" role=""/>
  <member type="way" ref="1362713850" role=""/>
  <member type="way" ref="1425073331" role=""/>
  <member type="way" ref="1362713853" role=""/>
  <member type="way" ref="1362713854" role=""/>
  <member type="way" ref="1362713855" role=""/>
  <member type="way" ref="139302541" role=""/>
  <member type="way" ref="139302537" role=""/>
  <member type="way" ref="166371135" role=""/>
  <member type="way" ref="1431052761" role=""/>
  <member type="way" ref="166371134" role=""/>
  <member type="way" ref="60776356" role=""/>
  <member type="way" ref="1431052763" role=""/>
  <member type="way" ref="1431052764" role=""/>
  <member type="way" ref="1431052762" role=""/>
  <member type="way" ref="60776352" role=""/>
  <member type="way" ref="868441800" role=""/>
  <member type="way" ref="1362739000" role=""/>
  <member type="way" ref="161203605" role=""/>
  <member type="way" ref="1362739002" role=""/>
  <member type="way" ref="868441803" role=""/>
  <member type="way" ref="868441801" role=""/>
  <member type="way" ref="139269438" role=""/>
  <member type="way" ref="868441806" role=""/>
  <member type="way" ref="868441804" role=""/>
  <member type="way" ref="231227846" role=""/>
  <member type="way" ref="707322235" role=""/>
  <member type="way" ref="1394842045" role=""/>
  <member type="way" ref="231227842" role=""/>
  <member type="way" ref="868441811" role=""/>
  <member type="way" ref="1394842044" role=""/>
  <member type="way" ref="149478315" role=""/>
  <member type="way" ref="1167232314" role=""/>
  <member type="way" ref="1167232313" role=""/>
  <member type="way" ref="149478310" role=""/>
  <member type="way" ref="1067935599" role=""/>
  <member type="way" ref="1067935600" role=""/>
  <member type="way" ref="1394842043" role=""/>
  <member type="way" ref="17839164" role=""/>
  <member type="way" ref="1394842042" role=""/>
  <member type="way" ref="172082231" role=""/>
  <member type="way" ref="1394842039" role=""/>
  <member type="way" ref="122220939" role=""/>
  <member type="way" ref="91748554" role=""/>
  <member type="way" ref="91748561" role=""/>
  <member type="way" ref="91748551" role=""/>
  <member type="way" ref="91748562" role=""/>
  <member type="way" ref="1394842027" role=""/>
  <member type="way" ref="1394842037" role=""/>
  <member type="way" ref="569492664" role=""/>
  <member type="way" ref="707305441" role=""/>
  <member type="way" ref="868441821" role=""/>
  <member type="way" ref="1394842030" role=""/>
  <member type="way" ref="1394842032" role=""/>
  <member type="way" ref="1408925600" role=""/>
  <member type="way" ref="17835599" role=""/>
  <member type="way" ref="1394842034" role=""/>
  <member type="way" ref="1394842026" role=""/>
  <member type="way" ref="569489652" role=""/>
  <member type="way" ref="1173157841" role=""/>
  <member type="way" ref="138954877" role=""/>
  <member type="way" ref="138954876" role=""/>
  <member type="way" ref="17985039" role=""/>
  <member type="way" ref="135081103" role=""/>
  <member type="way" ref="135081101" role=""/>
  <member type="way" ref="135081106" role=""/>
  <member type="way" ref="135081105" role=""/>
  <member type="way" ref="135081107" role=""/>
  <member type="way" ref="193208643" role=""/>
  <member type="way" ref="193208639" role=""/>
  <member type="way" ref="290370146" role=""/>
  <member type="way" ref="290370145" role=""/>
  <member type="way" ref="764645533" role=""/>
  <member type="way" ref="764645532" role=""/>
  <member type="way" ref="17750720" role=""/>
  <member type="way" ref="17742345" role=""/>
  <member type="way" ref="17742755" role=""/>
  <member type="way" ref="764645541" role=""/>
  <member type="way" ref="764645540" role=""/>
  <member type="way" ref="868441829" role=""/>
  <member type="way" ref="193193900" role=""/>
  <member type="way" ref="17734938" role=""/>
  <member type="way" ref="868441828" role=""/>
  <member type="way" ref="135086472" role=""/>
  <member type="way" ref="1164920275" role=""/>
  <member type="way" ref="1164920274" role=""/>
  <member type="way" ref="135543121" role=""/>
  <member type="way" ref="135543119" role=""/>
  <member type="way" ref="1163681384" role=""/>
  <member type="way" ref="17735372" role=""/>
  <member type="way" ref="1164920273" role=""/>
  <member type="way" ref="1164920272" role=""/>
  <member type="way" ref="1163681383" role=""/>
  <member type="way" ref="1163681381" role=""/>
  <member type="way" ref="770096383" role=""/>
  <member type="way" ref="770096384" role=""/>
  <member type="way" ref="1163681380" role=""/>
  <member type="way" ref="135694662" role=""/>
  <member type="way" ref="1163681378" role=""/>
  <member type="way" ref="1163681379" role=""/>
  <member type="way" ref="58404826" role=""/>
  <member type="way" ref="606080785" role=""/>
  <member type="way" ref="606080786" role=""/>
  <member type="way" ref="1163681376" role=""/>
  <member type="way" ref="58404823" role=""/>
  <member type="way" ref="134821187" role=""/>
  <member type="way" ref="219358203" role=""/>
  <member type="way" ref="1222644524" role=""/>
  <member type="way" ref="58555370" role=""/>
  <member type="way" ref="1222651873" role=""/>
  <member type="way" ref="58555355" role=""/>
  <member type="way" ref="58555352" role=""/>
  <member type="way" ref="135722108" role=""/>
  <member type="way" ref="459258492" role=""/>
  <member type="way" ref="135722214" role=""/>
  <member type="way" ref="606080824" role=""/>
  <member type="way" ref="307389048" role=""/>
  <member type="way" ref="868130385" role=""/>
  <member type="way" ref="868130386" role=""/>
  <member type="way" ref="606080783" role=""/>
  <member type="way" ref="606080784" role=""/>
  <member type="way" ref="606080781" role=""/>
  <member type="way" ref="606080782" role=""/>
  <member type="way" ref="307389049" role=""/>
  <member type="way" ref="307389047" role=""/>
  <member type="way" ref="307389046" role=""/>
  <member type="way" ref="256798531" role=""/>
  <member type="way" ref="256798530" role=""/>
  <member type="way" ref="908217589" role=""/>
  <member type="way" ref="908217590" role=""/>
  <member type="way" ref="256798529" role=""/>
  <member type="way" ref="256798528" role=""/>
  <member type="way" ref="363510601" role=""/>
  <member type="way" ref="868130370" role=""/>
  <member type="way" ref="363510597" role=""/>
  <member type="way" ref="868130369" role=""/>
  <member type="way" ref="256798532" role=""/>
  <member type="way" ref="632893003" role=""/>
  <member type="way" ref="868130353" role=""/>
  <member type="way" ref="632893002" role=""/>
  <member type="way" ref="1222651880" role=""/>
  <member type="way" ref="127906970" role=""/>
  <member type="way" ref="881789413" role=""/>
  <member type="way" ref="632892994" role=""/>
  <member type="way" ref="868130350" role=""/>
  <member type="way" ref="868130339" role=""/>
  <member type="way" ref="57006908" role=""/>
  <member type="way" ref="1222651876" role=""/>
  <member type="way" ref="57010478" role=""/>
  <member type="way" ref="57010480" role=""/>
  <member type="way" ref="57006904" role=""/>
  <member type="way" ref="1222651874" role=""/>
  <member type="way" ref="57006903" role=""/>
  <member type="way" ref="57006906" role=""/>
  <member type="way" ref="57006905" role=""/>
  <member type="way" ref="57006907" role=""/>
  <member type="way" ref="1000663139" role=""/>
  <member type="way" ref="1000663140" role=""/>
  <member type="way" ref="1000663176" role=""/>
  <member type="way" ref="1000663181" role=""/>
  <member type="way" ref="1000663220" role=""/>
  <member type="way" ref="1000663223" role=""/>
  <member type="way" ref="1000663197" role=""/>
  <member type="way" ref="1000663202" role=""/>
  <member type="way" ref="1000663237" role=""/>
  <member type="way" ref="1000663242" role=""/>
  <member type="way" ref="1003524837" role=""/>
  <member type="way" ref="1003524838" role=""/>
  <member type="way" ref="56997647" role=""/>
  <member type="way" ref="1003524850" role=""/>
  <member type="way" ref="1003524849" role=""/>
  <member type="way" ref="1003521616" role=""/>
  <member type="way" ref="1003521615" role=""/>
  <member type="way" ref="1003521580" role=""/>
  <member type="way" ref="1003521579" role=""/>
  <member type="way" ref="1003521640" role=""/>
  <member type="way" ref="1003521639" role=""/>
  <member type="way" ref="1003521545" role=""/>
  <member type="way" ref="1003521544" role=""/>
  <member type="way" ref="1000935532" role=""/>
  <member type="way" ref="1003521631" role=""/>
  <member type="way" ref="1003521632" role=""/>
  <member type="way" ref="1000935529" role=""/>
  <member type="way" ref="1003521469" role=""/>
  <member type="way" ref="1003521468" role=""/>
  <member type="way" ref="868130329" role=""/>
  <member type="way" ref="1002647208" role=""/>
  <member type="way" ref="1002647207" role=""/>
  <member type="way" ref="56997650" role=""/>
  <member type="way" ref="1003359893" role=""/>
  <member type="way" ref="1003359894" role=""/>
  <member type="way" ref="1003359851" role=""/>
  <member type="way" ref="1003359871" role=""/>
  <member type="way" ref="1003359870" role=""/>
  <member type="way" ref="1003359854" role=""/>
  <member type="way" ref="56242486" role=""/>
  <member type="way" ref="1002647194" role=""/>
  <member type="way" ref="1002647193" role=""/>
  <member type="way" ref="1002647166" role=""/>
  <member type="way" ref="1002647165" role=""/>
  <member type="way" ref="1002647137" role=""/>
  <member type="way" ref="1002647136" role=""/>
  <member type="way" ref="1002582818" role=""/>
  <member type="way" ref="1002582817" role=""/>
  <member type="way" ref="1002582800" role=""/>
  <member type="way" ref="1002582797" role=""/>
  <member type="way" ref="1002582785" role=""/>
  <member type="way" ref="1002582782" role=""/>
  <member type="way" ref="1002582757" role=""/>
  <member type="way" ref="1222651870" role=""/>
  <member type="way" ref="1002582756" role=""/>
  <member type="way" ref="56997706" role=""/>
  <member type="way" ref="868130328" role=""/>
  <member type="way" ref="56997705" role=""/>
  <member type="way" ref="56250094" role=""/>
  <member type="way" ref="56250089" role=""/>
  <member type="way" ref="56250087" role=""/>
  <member type="way" ref="56250086" role=""/>
  <member type="way" ref="56250085" role=""/>
  <member type="way" ref="56250084" role=""/>
  <member type="way" ref="56250093" role=""/>
  <member type="way" ref="56250092" role=""/>
  <member type="way" ref="56250091" role=""/>
  <member type="way" ref="56250090" role=""/>
  <member type="way" ref="56250127" role=""/>
  <member type="way" ref="56250116" role=""/>
  <member type="way" ref="56250106" role=""/>
  <member type="way" ref="56250102" role=""/>
  <member type="way" ref="56250149" role=""/>
  <member type="way" ref="56250148" role=""/>
  <member type="way" ref="56250158" role=""/>
  <member type="way" ref="56250157" role=""/>
  <member type="way" ref="56250156" role=""/>
  <member type="way" ref="56250155" role=""/>
  <member type="way" ref="56249027" role=""/>
  <member type="way" ref="56249026" role=""/>
  <member type="way" ref="1187045996" role=""/>
  <member type="way" ref="1222651871" role=""/>
  <member type="way" ref="1187045995" role=""/>
  <member type="way" ref="868130324" role=""/>
  <member type="way" ref="868130326" role=""/>
  <member type="way" ref="868130321" role=""/>
  <member type="way" ref="56246266" role=""/>
  <member type="way" ref="1326376768" role=""/>
  <member type="way" ref="1326376769" role=""/>
  <member type="way" ref="56246265" role=""/>
  <member type="way" ref="1326376710" role=""/>
  <member type="way" ref="1326376709" role=""/>
  <member type="way" ref="1326376684" role=""/>
  <member type="way" ref="1326376683" role=""/>
  <member type="way" ref="1222536458" role=""/>
  <member type="way" ref="1017452516" role=""/>
  <member type="way" ref="1017452515" role=""/>
  <member type="way" ref="1017452499" role=""/>
  <member type="way" ref="1017452498" role=""/>
  <member type="way" ref="635271945" role=""/>
  <member type="way" ref="764032839" role=""/>
  <member type="way" ref="1272607776" role=""/>
  <member type="way" ref="59917666" role=""/>
  <member type="way" ref="1219904302" role=""/>
  <member type="way" ref="59917669" role=""/>
  <member type="way" ref="56242476" role=""/>
  <member type="way" ref="56242477" role=""/>
  <member type="way" ref="233444864" role=""/>
  <member type="way" ref="763014465" role=""/>
  <member type="way" ref="763014453" role=""/>
  <member type="way" ref="626360732" role=""/>
  <member type="way" ref="763014476" role=""/>
  <member type="way" ref="231512939" role=""/>
  <member type="way" ref="763014478" role=""/>
  <member type="way" ref="745472362" role=""/>
  <member type="way" ref="763014492" role=""/>
  <member type="way" ref="321874303" role=""/>
  <tag k="colour" v="darkgoldenrod"/>
  <tag k="from" v="Pontiac"/>
  <tag k="name" v="Amtrak Wolverine: Pontiac =&gt; Chicago"/>
  <tag k="network" v="Amtrak"/>
  <tag k="network:wikidata" v="Q23239"/>
  <tag k="network:wikipedia" v="en:Amtrak"/>
  <tag k="operator" v="Amtrak"/>
  <tag k="passenger" v="regional"/>
  <tag k="public_transport:version" v="2"/>
  <tag k="ref" v="Wolverine"/>
  <tag k="route" v="train"/>
  <tag k="to" v="Chicago Union Station"/>
  <tag k="trip_ref" v="353"/>
  <tag k="type" v="route"/>
  <tag k="via" v="Niles;New Buffalo;Hammond-Whiting"/>
  <tag k="website" v="https://www.amtrak.com/"/>
  <tag k="wikidata" v="Q260450"/>
  <tag k="wikipedia" v="en:Wolverine (Amtrak train)"/>
 </relation>
 <relation id="12044089" visible="true" version="43" changeset="172136660" timestamp="2025-09-19T00:03:09Z" user="RailandSea" uid="18757334">
  <member type="node" ref="6341735187" role="stop_entry_only"/>
  <member type="way" ref="121841397" role="platform_entry_only"/>
  <member type="node" ref="62219805" role="stop"/>
  <member type="way" ref="677296949" role="platform"/>
  <member type="node" ref="1538895359" role="stop"/>
  <member type="way" ref="536971820" role="platform"/>
  <member type="node" ref="62748947" role="stop"/>
  <member type="node" ref="7030190949" role="stop"/>
  <member type="way" ref="680735322" role="platform"/>
  <member type="node" ref="7024286689" role="stop"/>
  <member type="way" ref="122396026" role="platform"/>
  <member type="node" ref="7022756477" role="stop"/>
  <member type="way" ref="751185871" role="platform"/>
  <member type="node" ref="1538895349" role="stop"/>
  <member type="way" ref="535699894" role="platform"/>
  <member type="node" ref="7022681108" role="stop"/>
  <member type="way" ref="193214100" role="platform"/>
  <member type="node" ref="7030190954" role="stop"/>
  <member type="way" ref="537049220" role="platform"/>
  <member type="node" ref="2037110600" role="stop"/>
  <member type="way" ref="193193903" role="platform"/>
  <member type="node" ref="1538895356" role="stop"/>
  <member type="way" ref="195458541" role="platform"/>
  <member type="node" ref="7022681112" role="stop"/>
  <member type="way" ref="134817085" role="platform"/>
  <member type="node" ref="2398894899" role="stop_exit_only"/>
  <member type="way" ref="231951964" role="platform_exit_only"/>
  <member type="way" ref="699246897" role=""/>
  <member type="way" ref="677283443" role=""/>
  <member type="way" ref="699246895" role=""/>
  <member type="way" ref="699246894" role=""/>
  <member type="way" ref="699246893" role=""/>
  <member type="way" ref="121846874" role=""/>
  <member type="way" ref="121846867" role=""/>
  <member type="way" ref="121846866" role=""/>
  <member type="way" ref="121846870" role=""/>
  <member type="way" ref="121846857" role=""/>
  <member type="way" ref="121846863" role=""/>
  <member type="way" ref="41001414" role=""/>
  <member type="way" ref="41001413" role=""/>
  <member type="way" ref="29250668" role=""/>
  <member type="way" ref="29250737" role=""/>
  <member type="way" ref="29250739" role=""/>
  <member type="way" ref="29250744" role=""/>
  <member type="way" ref="29250745" role=""/>
  <member type="way" ref="29250766" role=""/>
  <member type="way" ref="29250764" role=""/>
  <member type="way" ref="29250771" role=""/>
  <member type="way" ref="29250772" role=""/>
  <member type="way" ref="29250782" role=""/>
  <member type="way" ref="29250783" role=""/>
  <member type="way" ref="41001433" role=""/>
  <member type="way" ref="41001434" role=""/>
  <member type="way" ref="29250789" role=""/>
  <member type="way" ref="29250790" role=""/>
  <member type="way" ref="29250819" role=""/>
  <member type="way" ref="29250827" role=""/>
  <member type="way" ref="29250861" role=""/>
  <member type="way" ref="29250863" role=""/>
  <member type="way" ref="29250875" role=""/>
  <member type="way" ref="29250874" role=""/>
  <member type="way" ref="29250879" role=""/>
  <member type="way" ref="29250887" role=""/>
  <member type="way" ref="38726506" role=""/>
  <member type="way" ref="869968739" role=""/>
  <member type="way" ref="869968737" role=""/>
  <member type="way" ref="869968738" role=""/>
  <member type="way" ref="38726519" role=""/>
  <member type="way" ref="519774879" role=""/>
  <member type="way" ref="519774877" role=""/>
  <member type="way" ref="869968744" role=""/>
  <member type="way" ref="869968745" role=""/>
  <member type="way" ref="519774870" role=""/>
  <member type="way" ref="687476408" role=""/>
  <member type="way" ref="687476403" role=""/>
  <member type="way" ref="687476404" role=""/>
  <member type="way" ref="687476405" role=""/>
  <member type="way" ref="687476406" role=""/>
  <member type="way" ref="687476407" role=""/>
  <member type="way" ref="58425706" role=""/>
  <member type="way" ref="307751563" role=""/>
  <member type="way" ref="59004722" role=""/>
  <member type="way" ref="869968747" role=""/>
  <member type="way" ref="39364605" role=""/>
  <member type="way" ref="687476391" role=""/>
  <member type="way" ref="687476385" role=""/>
  <member type="way" ref="39364606" role=""/>
  <member type="way" ref="58425704" role=""/>
  <member type="way" ref="58425705" role=""/>
  <member type="way" ref="58528573" role=""/>
  <member type="way" ref="39364575" role=""/>
  <member type="way" ref="8756038" role=""/>
  <member type="way" ref="58425692" role=""/>
  <member type="way" ref="56159653" role=""/>
  <member type="way" ref="869968749" role=""/>
  <member type="way" ref="8756481" role=""/>
  <member type="way" ref="164982566" role=""/>
  <member type="way" ref="1093020610" role=""/>
  <member type="way" ref="58436442" role=""/>
  <member type="way" ref="869968754" role=""/>
  <member type="way" ref="869968759" role=""/>
  <member type="way" ref="164751275" role=""/>
  <member type="way" ref="164751274" role=""/>
  <member type="way" ref="219357414" role=""/>
  <member type="way" ref="219357413" role=""/>
  <member type="way" ref="164751272" role=""/>
  <member type="way" ref="164751419" role=""/>
  <member type="way" ref="164751352" role=""/>
  <member type="way" ref="164751269" role=""/>
  <member type="way" ref="164751379" role=""/>
  <member type="way" ref="164751369" role=""/>
  <member type="way" ref="164751384" role=""/>
  <member type="way" ref="59011914" role=""/>
  <member type="way" ref="59011913" role=""/>
  <member type="way" ref="40808455" role=""/>
  <member type="way" ref="164751396" role=""/>
  <member type="way" ref="164751321" role=""/>
  <member type="way" ref="164751409" role=""/>
  <member type="way" ref="164751322" role=""/>
  <member type="way" ref="164751410" role=""/>
  <member type="way" ref="164751382" role=""/>
  <member type="way" ref="164751327" role=""/>
  <member type="way" ref="164751422" role=""/>
  <member type="way" ref="164751340" role=""/>
  <member type="way" ref="164751420" role=""/>
  <member type="way" ref="164751333" role=""/>
  <member type="way" ref="164751401" role=""/>
  <member type="way" ref="164751400" role=""/>
  <member type="way" ref="164751328" role=""/>
  <member type="way" ref="164751338" role=""/>
  <member type="way" ref="164751424" role=""/>
  <member type="way" ref="869968769" role=""/>
  <member type="way" ref="869968772" role=""/>
  <member type="way" ref="164751336" role=""/>
  <member type="way" ref="164751399" role=""/>
  <member type="way" ref="164751385" role=""/>
  <member type="way" ref="164751374" role=""/>
  <member type="way" ref="164751388" role=""/>
  <member type="way" ref="164751387" role=""/>
  <member type="way" ref="164751332" role=""/>
  <member type="way" ref="164751407" role=""/>
  <member type="way" ref="164751378" role=""/>
  <member type="way" ref="164751380" role=""/>
  <member type="way" ref="164751370" role=""/>
  <member type="way" ref="164751386" role=""/>
  <member type="way" ref="164751349" role=""/>
  <member type="way" ref="164751395" role=""/>
  <member type="way" ref="164751376" role=""/>
  <member type="way" ref="164751404" role=""/>
  <member type="way" ref="164751372" role=""/>
  <member type="way" ref="164751394" role=""/>
  <member type="way" ref="164751323" role=""/>
  <member type="way" ref="164751364" role=""/>
  <member type="way" ref="164751341" role=""/>
  <member type="way" ref="164751368" role=""/>
  <member type="way" ref="164751348" role=""/>
  <member type="way" ref="869968775" role=""/>
  <member type="way" ref="164751426" role=""/>
  <member type="way" ref="164751393" role=""/>
  <member type="way" ref="448243514" role=""/>
  <member type="way" ref="448243513" role=""/>
  <member type="way" ref="448243511" role=""/>
  <member type="way" ref="448243509" role=""/>
  <member type="way" ref="448243508" role=""/>
  <member type="way" ref="448243506" role=""/>
  <member type="way" ref="448243505" role=""/>
  <member type="way" ref="448243504" role=""/>
  <member type="way" ref="448243503" role=""/>
  <member type="way" ref="448243502" role=""/>
  <member type="way" ref="448243500" role=""/>
  <member type="way" ref="448243498" role=""/>
  <member type="way" ref="448243497" role=""/>
  <member type="way" ref="448243495" role=""/>
  <member type="way" ref="869968778" role=""/>
  <member type="way" ref="526560615" role=""/>
  <member type="way" ref="321028172" role=""/>
  <member type="way" ref="321028173" role=""/>
  <member type="way" ref="678803203" role=""/>
  <member type="way" ref="869968797" role=""/>
  <member type="way" ref="162618275" role=""/>
  <member type="way" ref="162618268" role=""/>
  <member type="way" ref="162618281" role=""/>
  <member type="way" ref="162618267" role=""/>
  <member type="way" ref="162640739" role=""/>
  <member type="way" ref="869968799" role=""/>
  <member type="way" ref="162640756" role=""/>
  <member type="way" ref="162640745" role=""/>
  <member type="way" ref="162640754" role=""/>
  <member type="way" ref="162640741" role=""/>
  <member type="way" ref="162640753" role=""/>
  <member type="way" ref="162640740" role=""/>
  <member type="way" ref="869968800" role=""/>
  <member type="way" ref="162640750" role=""/>
  <member type="way" ref="162640742" role=""/>
  <member type="way" ref="1236678466" role=""/>
  <member type="way" ref="162618262" role=""/>
  <member type="way" ref="8746343" role=""/>
  <member type="way" ref="8730992" role=""/>
  <member type="way" ref="25907364" role=""/>
  <member type="way" ref="25907363" role=""/>
  <member type="way" ref="680739739" role=""/>
  <member type="way" ref="702167486" role=""/>
  <member type="way" ref="701675457" role=""/>
  <member type="way" ref="869968804" role=""/>
  <member type="way" ref="869968805" role=""/>
  <member type="way" ref="680739738" role=""/>
  <member type="way" ref="680735321" role=""/>
  <member type="way" ref="25926154" role=""/>
  <member type="way" ref="25926153" role=""/>
  <member type="way" ref="25926152" role=""/>
  <member type="way" ref="25926149" role=""/>
  <member type="way" ref="25926148" role=""/>
  <member type="way" ref="25926144" role=""/>
  <member type="way" ref="25926143" role=""/>
  <member type="way" ref="680742682" role=""/>
  <member type="way" ref="680742688" role=""/>
  <member type="way" ref="680742676" role=""/>
  <member type="way" ref="680742693" role=""/>
  <member type="way" ref="680742698" role=""/>
  <member type="way" ref="680742704" role=""/>
  <member type="way" ref="869968811" role=""/>
  <member type="way" ref="1236678473" role=""/>
  <member type="way" ref="869968808" role=""/>
  <member type="way" ref="1236678475" role=""/>
  <member type="way" ref="8730208" role=""/>
  <member type="way" ref="25793405" role=""/>
  <member type="way" ref="40942172" role=""/>
  <member type="way" ref="40942169" role=""/>
  <member type="way" ref="8746319" role=""/>
  <member type="way" ref="1236678468" role=""/>
  <member type="way" ref="8732840" role=""/>
  <member type="way" ref="869968812" role=""/>
  <member type="way" ref="503149607" role=""/>
  <member type="way" ref="503149608" role=""/>
  <member type="way" ref="25584427" role=""/>
  <member type="way" ref="25584426" role=""/>
  <member type="way" ref="1237131875" role=""/>
  <member type="way" ref="25584424" role=""/>
  <member type="way" ref="25584423" role=""/>
  <member type="way" ref="25584422" role=""/>
  <member type="way" ref="25584419" role=""/>
  <member type="way" ref="25584418" role=""/>
  <member type="way" ref="560615370" role=""/>
  <member type="way" ref="560615369" role=""/>
  <member type="way" ref="25584417" role=""/>
  <member type="way" ref="25584416" role=""/>
  <member type="way" ref="1237131876" role=""/>
  <member type="way" ref="1237131877" role=""/>
  <member type="way" ref="12388886" role=""/>
  <member type="way" ref="1237131878" role=""/>
  <member type="way" ref="12388885" role=""/>
  <member type="way" ref="12388879" role=""/>
  <member type="way" ref="12388883" role=""/>
  <member type="way" ref="1237131879" role=""/>
  <member type="way" ref="1237131880" role=""/>
  <member type="way" ref="1237131881" role=""/>
  <member type="way" ref="9257806" role=""/>
  <member type="way" ref="9749271" role=""/>
  <member type="way" ref="9749273" role=""/>
  <member type="way" ref="9749267" role=""/>
  <member type="way" ref="9749269" role=""/>
  <member type="way" ref="9596392" role=""/>
  <member type="way" ref="9596394" role=""/>
  <member type="way" ref="9596395" role=""/>
  <member type="way" ref="9596401" role=""/>
  <member type="way" ref="9596399" role=""/>
  <member type="way" ref="9596403" role=""/>
  <member type="way" ref="9596402" role=""/>
  <member type="way" ref="9596406" role=""/>
  <member type="way" ref="9596404" role=""/>
  <member type="way" ref="1237131882" role=""/>
  <member type="way" ref="9686972" role=""/>
  <member type="way" ref="9686971" role=""/>
  <member type="way" ref="1237131883" role=""/>
  <member type="way" ref="9686974" role=""/>
  <member type="way" ref="463533087" role=""/>
  <member type="way" ref="463533088" role=""/>
  <member type="way" ref="9686973" role=""/>
  <member type="way" ref="1237131884" role=""/>
  <member type="way" ref="1237131885" role=""/>
  <member type="way" ref="1237131886" role=""/>
  <member type="way" ref="1237131887" role=""/>
  <member type="way" ref="8732872" role=""/>
  <member type="way" ref="122399683" role=""/>
  <member type="way" ref="8732880" role=""/>
  <member type="way" ref="122399684" role=""/>
  <member type="way" ref="1237131889" role=""/>
  <member type="way" ref="122399707" role=""/>
  <member type="way" ref="1237131890" role=""/>
  <member type="way" ref="223182996" role=""/>
  <member type="way" ref="17829553" role=""/>
  <member type="way" ref="17829584" role=""/>
  <member type="way" ref="1362713836" role=""/>
  <member type="way" ref="1362713834" role=""/>
  <member type="way" ref="17829578" role=""/>
  <member type="way" ref="17829599" role=""/>
  <member type="way" ref="223183941" role=""/>
  <member type="way" ref="223183944" role=""/>
  <member type="way" ref="223183940" role=""/>
  <member type="way" ref="223183939" role=""/>
  <member type="way" ref="223183942" role=""/>
  <member type="way" ref="223184559" role=""/>
  <member type="way" ref="223184558" role=""/>
  <member type="way" ref="1362713839" role=""/>
  <member type="way" ref="869968815" role=""/>
  <member type="way" ref="476803499" role=""/>
  <member type="way" ref="513336587" role=""/>
  <member type="way" ref="513336583" role=""/>
  <member type="way" ref="1362713841" role=""/>
  <member type="way" ref="1362713842" role=""/>
  <member type="way" ref="1362713843" role=""/>
  <member type="way" ref="1362713844" role=""/>
  <member type="way" ref="1362713845" role=""/>
  <member type="way" ref="1362713846" role=""/>
  <member type="way" ref="1362713847" role=""/>
  <member type="way" ref="476803504" role=""/>
  <member type="way" ref="1362713848" role=""/>
  <member type="way" ref="1362713849" role=""/>
  <member type="way" ref="1362713850" role=""/>
  <member type="way" ref="1425073331" role=""/>
  <member type="way" ref="1362713853" role=""/>
  <member type="way" ref="1362713854" role=""/>
  <member type="way" ref="1362713855" role=""/>
  <member type="way" ref="139302541" role=""/>
  <member type="way" ref="139302537" role=""/>
  <member type="way" ref="166371135" role=""/>
  <member type="way" ref="1431052761" role=""/>
  <member type="way" ref="166371134" role=""/>
  <member type="way" ref="60776356" role=""/>
  <member type="way" ref="1431052763" role=""/>
  <member type="way" ref="1431052764" role=""/>
  <member type="way" ref="1431052762" role=""/>
  <member type="way" ref="60776352" role=""/>
  <member type="way" ref="868441800" role=""/>
  <member type="way" ref="1362739000" role=""/>
  <member type="way" ref="161203605" role=""/>
  <member type="way" ref="1362739002" role=""/>
  <member type="way" ref="868441803" role=""/>
  <member type="way" ref="868441801" role=""/>
  <member type="way" ref="139269438" role=""/>
  <member type="way" ref="868441806" role=""/>
  <member type="way" ref="868441804" role=""/>
  <member type="way" ref="231227846" role=""/>
  <member type="way" ref="707322235" role=""/>
  <member type="way" ref="1394842045" role=""/>
  <member type="way" ref="231227842" role=""/>
  <member type="way" ref="868441811" role=""/>
  <member type="way" ref="1394842044" role=""/>
  <member type="way" ref="149478315" role=""/>
  <member type="way" ref="1167232314" role=""/>
  <member type="way" ref="1167232313" role=""/>
  <member type="way" ref="149478310" role=""/>
  <member type="way" ref="1067935599" role=""/>
  <member type="way" ref="1067935600" role=""/>
  <member type="way" ref="1394842043" role=""/>
  <member type="way" ref="17839164" role=""/>
  <member type="way" ref="1394842042" role=""/>
  <member type="way" ref="172082231" role=""/>
  <member type="way" ref="1394842039" role=""/>
  <member type="way" ref="122220939" role=""/>
  <member type="way" ref="91748554" role=""/>
  <member type="way" ref="91748561" role=""/>
  <member type="way" ref="91748551" role=""/>
  <member type="way" ref="91748562" role=""/>
  <member type="way" ref="1394842027" role=""/>
  <member type="way" ref="1394842037" role=""/>
  <member type="way" ref="569492664" role=""/>
  <member type="way" ref="707305441" role=""/>
  <member type="way" ref="868441821" role=""/>
  <member type="way" ref="1394842030" role=""/>
  <member type="way" ref="1394842032" role=""/>
  <member type="way" ref="1408925600" role=""/>
  <member type="way" ref="17835599" role=""/>
  <member type="way" ref="1394842034" role=""/>
  <member type="way" ref="1394842026" role=""/>
  <member type="way" ref="569489652" role=""/>
  <member type="way" ref="1173157841" role=""/>
  <member type="way" ref="138954877" role=""/>
  <member type="way" ref="138954876" role=""/>
  <member type="way" ref="17985039" role=""/>
  <member type="way" ref="135081103" role=""/>
  <member type="way" ref="135081101" role=""/>
  <member type="way" ref="135081106" role=""/>
  <member type="way" ref="135081105" role=""/>
  <member type="way" ref="135081107" role=""/>
  <member type="way" ref="193208643" role=""/>
  <member type="way" ref="193208639" role=""/>
  <member type="way" ref="290370146" role=""/>
  <member type="way" ref="290370145" role=""/>
  <member type="way" ref="764645533" role=""/>
  <member type="way" ref="764645532" role=""/>
  <member type="way" ref="868441827" role=""/>
  <member type="way" ref="764645539" role=""/>
  <member type="way" ref="868441826" role=""/>
  <member type="way" ref="868441829" role=""/>
  <member type="way" ref="193193900" role=""/>
  <member type="way" ref="17734938" role=""/>
  <member type="way" ref="868441828" role=""/>
  <member type="way" ref="135086472" role=""/>
  <member type="way" ref="1164920275" role=""/>
  <member type="way" ref="1164920274" role=""/>
  <member type="way" ref="135543121" role=""/>
  <member type="way" ref="135543119" role=""/>
  <member type="way" ref="1163681384" role=""/>
  <member type="way" ref="17735372" role=""/>
  <member type="way" ref="1164920273" role=""/>
  <member type="way" ref="1164920272" role=""/>
  <member type="way" ref="1163681383" role=""/>
  <member type="way" ref="1163681381" role=""/>
  <member type="way" ref="770096383" role=""/>
  <member type="way" ref="770096384" role=""/>
  <member type="way" ref="1163681380" role=""/>
  <member type="way" ref="135694662" role=""/>
  <member type="way" ref="1163681378" role=""/>
  <member type="way" ref="1163681379" role=""/>
  <member type="way" ref="58404826" role=""/>
  <member type="way" ref="606080785" role=""/>
  <member type="way" ref="606080786" role=""/>
  <member type="way" ref="1163681376" role=""/>
  <member type="way" ref="58404823" role=""/>
  <member type="way" ref="134821187" role=""/>
  <member type="way" ref="219358203" role=""/>
  <member type="way" ref="1222644524" role=""/>
  <member type="way" ref="58555370" role=""/>
  <member type="way" ref="1222651873" role=""/>
  <member type="way" ref="58555355" role=""/>
  <member type="way" ref="58555352" role=""/>
  <member type="way" ref="135722108" role=""/>
  <member type="way" ref="459258492" role=""/>
  <member type="way" ref="135722214" role=""/>
  <member type="way" ref="606080824" role=""/>
  <member type="way" ref="307389048" role=""/>
  <member type="way" ref="868130385" role=""/>
  <member type="way" ref="868130386" role=""/>
  <member type="way" ref="606080783" role=""/>
  <member type="way" ref="606080784" role=""/>
  <member type="way" ref="606080781" role=""/>
  <member type="way" ref="606080782" role=""/>
  <member type="way" ref="307389049" role=""/>
  <member type="way" ref="307389047" role=""/>
  <member type="way" ref="307389046" role=""/>
  <member type="way" ref="256798531" role=""/>
  <member type="way" ref="256798530" role=""/>
  <member type="way" ref="908217589" role=""/>
  <member type="way" ref="908217590" role=""/>
  <member type="way" ref="256798529" role=""/>
  <member type="way" ref="256798528" role=""/>
  <member type="way" ref="363510601" role=""/>
  <member type="way" ref="868130370" role=""/>
  <member type="way" ref="363510597" role=""/>
  <member type="way" ref="868130369" role=""/>
  <member type="way" ref="256798532" role=""/>
  <member type="way" ref="632893003" role=""/>
  <member type="way" ref="868130353" role=""/>
  <member type="way" ref="632893002" role=""/>
  <member type="way" ref="1222651880" role=""/>
  <member type="way" ref="127906970" role=""/>
  <member type="way" ref="881789413" role=""/>
  <member type="way" ref="632892994" role=""/>
  <member type="way" ref="868130350" role=""/>
  <member type="way" ref="868130339" role=""/>
  <member type="way" ref="57006908" role=""/>
  <member type="way" ref="1222651876" role=""/>
  <member type="way" ref="57010478" role=""/>
  <member type="way" ref="57010480" role=""/>
  <member type="way" ref="57006904" role=""/>
  <member type="way" ref="1222651874" role=""/>
  <member type="way" ref="57006903" role=""/>
  <member type="way" ref="57006906" role=""/>
  <member type="way" ref="57006905" role=""/>
  <member type="way" ref="57006907" role=""/>
  <member type="way" ref="1000663139" role=""/>
  <member type="way" ref="1000663140" role=""/>
  <member type="way" ref="1000663176" role=""/>
  <member type="way" ref="1000663181" role=""/>
  <member type="way" ref="1000663220" role=""/>
  <member type="way" ref="1000663223" role=""/>
  <member type="way" ref="1000663197" role=""/>
  <member type="way" ref="1000663202" role=""/>
  <member type="way" ref="1000663237" role=""/>
  <member type="way" ref="1000663242" role=""/>
  <member type="way" ref="1003524837" role=""/>
  <member type="way" ref="1003524838" role=""/>
  <member type="way" ref="56997647" role=""/>
  <member type="way" ref="1003524850" role=""/>
  <member type="way" ref="1003524849" role=""/>
  <member type="way" ref="1003521616" role=""/>
  <member type="way" ref="1003521615" role=""/>
  <member type="way" ref="1003521580" role=""/>
  <member type="way" ref="1003521579" role=""/>
  <member type="way" ref="1003521640" role=""/>
  <member type="way" ref="1003521639" role=""/>
  <member type="way" ref="1003521545" role=""/>
  <member type="way" ref="1003521544" role=""/>
  <member type="way" ref="1000935532" role=""/>
  <member type="way" ref="1003521631" role=""/>
  <member type="way" ref="1003521632" role=""/>
  <member type="way" ref="1000935529" role=""/>
  <member type="way" ref="1003521469" role=""/>
  <member type="way" ref="1003521468" role=""/>
  <member type="way" ref="868130329" role=""/>
  <member type="way" ref="1002647208" role=""/>
  <member type="way" ref="1002647207" role=""/>
  <member type="way" ref="56997650" role=""/>
  <member type="way" ref="1003359893" role=""/>
  <member type="way" ref="1003359894" role=""/>
  <member type="way" ref="1003359851" role=""/>
  <member type="way" ref="1003359871" role=""/>
  <member type="way" ref="1003359870" role=""/>
  <member type="way" ref="1003359854" role=""/>
  <member type="way" ref="56242486" role=""/>
  <member type="way" ref="1002647194" role=""/>
  <member type="way" ref="1002647193" role=""/>
  <member type="way" ref="1002647166" role=""/>
  <member type="way" ref="1002647165" role=""/>
  <member type="way" ref="1002647137" role=""/>
  <member type="way" ref="1002647136" role=""/>
  <member type="way" ref="1002582818" role=""/>
  <member type="way" ref="1002582817" role=""/>
  <member type="way" ref="1002582800" role=""/>
  <member type="way" ref="1002582797" role=""/>
  <member type="way" ref="1002582785" role=""/>
  <member type="way" ref="1002582782" role=""/>
  <member type="way" ref="1002582757" role=""/>
  <member type="way" ref="1222651870" role=""/>
  <member type="way" ref="1002582756" role=""/>
  <member type="way" ref="56997706" role=""/>
  <member type="way" ref="868130328" role=""/>
  <member type="way" ref="56997705" role=""/>
  <member type="way" ref="56250094" role=""/>
  <member type="way" ref="56250089" role=""/>
  <member type="way" ref="56250087" role=""/>
  <member type="way" ref="56250086" role=""/>
  <member type="way" ref="56250085" role=""/>
  <member type="way" ref="56250084" role=""/>
  <member type="way" ref="56250093" role=""/>
  <member type="way" ref="56250092" role=""/>
  <member type="way" ref="56250091" role=""/>
  <member type="way" ref="56250090" role=""/>
  <member type="way" ref="56250127" role=""/>
  <member type="way" ref="56250116" role=""/>
  <member type="way" ref="56250106" role=""/>
  <member type="way" ref="56250102" role=""/>
  <member type="way" ref="56250149" role=""/>
  <member type="way" ref="56250148" role=""/>
  <member type="way" ref="56250158" role=""/>
  <member type="way" ref="56250157" role=""/>
  <member type="way" ref="56250156" role=""/>
  <member type="way" ref="56250155" role=""/>
  <member type="way" ref="56249027" role=""/>
  <member type="way" ref="56249026" role=""/>
  <member type="way" ref="1187045996" role=""/>
  <member type="way" ref="1222651871" role=""/>
  <member type="way" ref="1187045995" role=""/>
  <member type="way" ref="868130324" role=""/>
  <member type="way" ref="868130326" role=""/>
  <member type="way" ref="868130321" role=""/>
  <member type="way" ref="56246266" role=""/>
  <member type="way" ref="1326376768" role=""/>
  <member type="way" ref="1326376769" role=""/>
  <member type="way" ref="56246265" role=""/>
  <member type="way" ref="1326376710" role=""/>
  <member type="way" ref="1326376709" role=""/>
  <member type="way" ref="1326376684" role=""/>
  <member type="way" ref="1326376683" role=""/>
  <member type="way" ref="1222536458" role=""/>
  <member type="way" ref="1017452516" role=""/>
  <member type="way" ref="1017452515" role=""/>
  <member type="way" ref="1017452499" role=""/>
  <member type="way" ref="1017452498" role=""/>
  <member type="way" ref="635271945" role=""/>
  <member type="way" ref="764032839" role=""/>
  <member type="way" ref="1272607776" role=""/>
  <member type="way" ref="59917666" role=""/>
  <member type="way" ref="1219904302" role=""/>
  <member type="way" ref="59917669" role=""/>
  <member type="way" ref="56242476" role=""/>
  <member type="way" ref="56242477" role=""/>
  <member type="way" ref="233444864" role=""/>
  <member type="way" ref="763014465" role=""/>
  <member type="way" ref="763014453" role=""/>
  <member type="way" ref="626360732" role=""/>
  <member type="way" ref="763014476" role=""/>
  <member type="way" ref="231512939" role=""/>
  <member type="way" ref="763014478" role=""/>
  <member type="way" ref="745472362" role=""/>
  <member type="way" ref="763014492" role=""/>
  <member type="way" ref="321874303" role=""/>
  <tag k="colour" v="darkgoldenrod"/>
  <tag k="from" v="Pontiac"/>
  <tag k="name" v="Amtrak Wolverine: Pontiac =&gt; Chicago"/>
  <tag k="network" v="Amtrak"/>
  <tag k="network:wikidata" v="Q23239"/>
  <tag k="network:wikipedia" v="en:Amtrak"/>
  <tag k="operator" v="Amtrak"/>
  <tag k="passenger" v="regional"/>
  <tag k="public_transport:version" v="2"/>
  <tag k="ref" v="Wolverine"/>
  <tag k="route" v="train"/>
  <tag k="to" v="Chicago Union Station"/>
  <tag k="trip_ref" v="355"/>
  <tag k="type" v="route"/>
  <tag k="via" v="Dowagiac;Niles;New Buffalo;Hammond-Whiting"/>
  <tag k="website" v="https://www.amtrak.com/"/>
  <tag k="wikidata" v="Q260450"/>
  <tag k="wikipedia" v="en:Wolverine (Amtrak train)"/>
 </relation>
 <relation id="12044090" visible="true" version="45" changeset="172136660" timestamp="2025-09-19T00:03:09Z" user="RailandSea" uid="18757334">
  <member type="node" ref="2398894899" role="stop_entry_only"/>
  <member type="way" ref="231951964" role="platform_entry_only"/>
  <member type="node" ref="1538895356" role="stop"/>
  <member type="way" ref="195458541" role="platform"/>
  <member type="node" ref="7030190955" role="stop"/>
  <member type="way" ref="752069590" role="platform"/>
  <member type="node" ref="7022681107" role="stop"/>
  <member type="way" ref="193214101" role="platform"/>
  <member type="node" ref="1538895349" role="stop"/>
  <member type="way" ref="535699894" role="platform"/>
  <member type="node" ref="184699475" role="stop"/>
  <member type="way" ref="122399701" role="platform"/>
  <member type="node" ref="2264452369" role="stop"/>
  <member type="way" ref="122396026" role="platform"/>
  <member type="node" ref="62748613" role="stop"/>
  <member type="way" ref="320841790" role="platform"/>
  <member type="node" ref="1763554946" role="stop"/>
  <member type="node" ref="1538895359" role="stop"/>
  <member type="way" ref="536971820" role="platform"/>
  <member type="node" ref="62219805" role="stop"/>
  <member type="way" ref="677296949" role="platform"/>
  <member type="node" ref="6341735187" role="stop_exit_only"/>
  <member type="way" ref="121841397" role="platform_exit_only"/>
  <member type="way" ref="321874303" role=""/>
  <member type="way" ref="763014492" role=""/>
  <member type="way" ref="763014484" role=""/>
  <member type="way" ref="763014486" role=""/>
  <member type="way" ref="763014485" role=""/>
  <member type="way" ref="1221838868" role=""/>
  <member type="way" ref="604078118" role=""/>
  <member type="way" ref="763014449" role=""/>
  <member type="way" ref="763014457" role=""/>
  <member type="way" ref="763014462" role=""/>
  <member type="way" ref="626360728" role=""/>
  <member type="way" ref="231512938" role=""/>
  <member type="way" ref="59917651" role=""/>
  <member type="way" ref="233450416" role=""/>
  <member type="way" ref="56242482" role=""/>
  <member type="way" ref="56242484" role=""/>
  <member type="way" ref="641640119" role=""/>
  <member type="way" ref="1219904301" role=""/>
  <member type="way" ref="56242483" role=""/>
  <member type="way" ref="635271942" role=""/>
  <member type="way" ref="635271948" role=""/>
  <member type="way" ref="233570496" role=""/>
  <member type="way" ref="1220151224" role=""/>
  <member type="way" ref="1220151226" role=""/>
  <member type="way" ref="1017452513" role=""/>
  <member type="way" ref="1017452514" role=""/>
  <member type="way" ref="1222536457" role=""/>
  <member type="way" ref="1326376682" role=""/>
  <member type="way" ref="1326376681" role=""/>
  <member type="way" ref="1326376707" role=""/>
  <member type="way" ref="1326376708" role=""/>
  <member type="way" ref="59917667" role=""/>
  <member type="way" ref="1326376767" role=""/>
  <member type="way" ref="1326376766" role=""/>
  <member type="way" ref="56246263" role=""/>
  <member type="way" ref="868130322" role=""/>
  <member type="way" ref="868130325" role=""/>
  <member type="way" ref="868130323" role=""/>
  <member type="way" ref="1187045993" role=""/>
  <member type="way" ref="1222651872" role=""/>
  <member type="way" ref="1187045994" role=""/>
  <member type="way" ref="56246264" role=""/>
  <member type="way" ref="56249016" role=""/>
  <member type="way" ref="56249015" role=""/>
  <member type="way" ref="56250146" role=""/>
  <member type="way" ref="56250145" role=""/>
  <member type="way" ref="56250144" role=""/>
  <member type="way" ref="56250143" role=""/>
  <member type="way" ref="56250154" role=""/>
  <member type="way" ref="56250153" role=""/>
  <member type="way" ref="56250071" role=""/>
  <member type="way" ref="56250070" role=""/>
  <member type="way" ref="56250069" role=""/>
  <member type="way" ref="56250078" role=""/>
  <member type="way" ref="56250077" role=""/>
  <member type="way" ref="56250076" role=""/>
  <member type="way" ref="56250075" role=""/>
  <member type="way" ref="56250074" role=""/>
  <member type="way" ref="56250083" role=""/>
  <member type="way" ref="56250082" role=""/>
  <member type="way" ref="56250081" role=""/>
  <member type="way" ref="56250080" role=""/>
  <member type="way" ref="56250079" role=""/>
  <member type="way" ref="56250088" role=""/>
  <member type="way" ref="868130327" role=""/>
  <member type="way" ref="56997704" role=""/>
  <member type="way" ref="1002582758" role=""/>
  <member type="way" ref="1222651869" role=""/>
  <member type="way" ref="1002582759" role=""/>
  <member type="way" ref="1002582783" role=""/>
  <member type="way" ref="1002582784" role=""/>
  <member type="way" ref="1002582798" role=""/>
  <member type="way" ref="1002582799" role=""/>
  <member type="way" ref="1002582819" role=""/>
  <member type="way" ref="1002582820" role=""/>
  <member type="way" ref="1002647138" role=""/>
  <member type="way" ref="1002647139" role=""/>
  <member type="way" ref="1002647167" role=""/>
  <member type="way" ref="1002647168" role=""/>
  <member type="way" ref="1002647195" role=""/>
  <member type="way" ref="1002647196" role=""/>
  <member type="way" ref="56997703" role=""/>
  <member type="way" ref="1003359853" role=""/>
  <member type="way" ref="1003359872" role=""/>
  <member type="way" ref="1003359873" role=""/>
  <member type="way" ref="1003359852" role=""/>
  <member type="way" ref="1003359892" role=""/>
  <member type="way" ref="1003359891" role=""/>
  <member type="way" ref="56997660" role=""/>
  <member type="way" ref="1002647209" role=""/>
  <member type="way" ref="1002647210" role=""/>
  <member type="way" ref="868130330" role=""/>
  <member type="way" ref="1003521470" role=""/>
  <member type="way" ref="1003521471" role=""/>
  <member type="way" ref="1000935530" role=""/>
  <member type="way" ref="1003521634" role=""/>
  <member type="way" ref="1003521633" role=""/>
  <member type="way" ref="1000935531" role=""/>
  <member type="way" ref="1003521546" role=""/>
  <member type="way" ref="1003521547" role=""/>
  <member type="way" ref="1003521641" role=""/>
  <member type="way" ref="1003521642" role=""/>
  <member type="way" ref="1003521581" role=""/>
  <member type="way" ref="1003521582" role=""/>
  <member type="way" ref="1003521617" role=""/>
  <member type="way" ref="1003521618" role=""/>
  <member type="way" ref="56997659" role=""/>
  <member type="way" ref="1003524852" role=""/>
  <member type="way" ref="1003524851" role=""/>
  <member type="way" ref="1003524840" role=""/>
  <member type="way" ref="1003524839" role=""/>
  <member type="way" ref="1000663243" role=""/>
  <member type="way" ref="1000663236" role=""/>
  <member type="way" ref="1000663203" role=""/>
  <member type="way" ref="1000663196" role=""/>
  <member type="way" ref="1000663222" role=""/>
  <member type="way" ref="1000663221" role=""/>
  <member type="way" ref="1000663182" role=""/>
  <member type="way" ref="1000663175" role=""/>
  <member type="way" ref="1000663142" role=""/>
  <member type="way" ref="1000663141" role=""/>
  <member type="way" ref="57006918" role=""/>
  <member type="way" ref="57006917" role=""/>
  <member type="way" ref="57006914" role=""/>
  <member type="way" ref="57006913" role=""/>
  <member type="way" ref="1222651875" role=""/>
  <member type="way" ref="57006912" role=""/>
  <member type="way" ref="57006911" role=""/>
  <member type="way" ref="57010477" role=""/>
  <member type="way" ref="868130333" role=""/>
  <member type="way" ref="1222651878" role=""/>
  <member type="way" ref="57010449" role=""/>
  <member type="way" ref="1222651868" role=""/>
  <member type="way" ref="881789412" role=""/>
  <member type="way" ref="127906971" role=""/>
  <member type="way" ref="1222651879" role=""/>
  <member type="way" ref="868130319" role=""/>
  <member type="way" ref="58404213" role=""/>
  <member type="way" ref="58404207" role=""/>
  <member type="way" ref="868130359" role=""/>
  <member type="way" ref="271954054" role=""/>
  <member type="way" ref="868130320" role=""/>
  <member type="way" ref="363510612" role=""/>
  <member type="way" ref="1222651886" role=""/>
  <member type="way" ref="363510615" role=""/>
  <member type="way" ref="58404854" role=""/>
  <member type="way" ref="908217587" role=""/>
  <member type="way" ref="908217588" role=""/>
  <member type="way" ref="58404852" role=""/>
  <member type="way" ref="58404850" role=""/>
  <member type="way" ref="58404861" role=""/>
  <member type="way" ref="58404846" role=""/>
  <member type="way" ref="58404845" role=""/>
  <member type="way" ref="58404848" role=""/>
  <member type="way" ref="58404847" role=""/>
  <member type="way" ref="58404849" role=""/>
  <member type="way" ref="58404839" role=""/>
  <member type="way" ref="58404842" role=""/>
  <member type="way" ref="58404841" role=""/>
  <member type="way" ref="58404844" role=""/>
  <member type="way" ref="58404843" role=""/>
  <member type="way" ref="58404837" role=""/>
  <member type="way" ref="58404836" role=""/>
  <member type="way" ref="238616690" role=""/>
  <member type="way" ref="238616689" role=""/>
  <member type="way" ref="58404833" role=""/>
  <member type="way" ref="58404838" role=""/>
  <member type="way" ref="58404834" role=""/>
  <member type="way" ref="1222644525" role=""/>
  <member type="way" ref="17507759" role=""/>
  <member type="way" ref="140466134" role=""/>
  <member type="way" ref="134821187" role=""/>
  <member type="way" ref="58404823" role=""/>
  <member type="way" ref="1163681376" role=""/>
  <member type="way" ref="606080786" role=""/>
  <member type="way" ref="606080785" role=""/>
  <member type="way" ref="58404826" role=""/>
  <member type="way" ref="1163681379" role=""/>
  <member type="way" ref="1163681378" role=""/>
  <member type="way" ref="135694662" role=""/>
  <member type="way" ref="1163681380" role=""/>
  <member type="way" ref="770096384" role=""/>
  <member type="way" ref="770096383" role=""/>
  <member type="way" ref="1163681381" role=""/>
  <member type="way" ref="1163681383" role=""/>
  <member type="way" ref="1164920272" role=""/>
  <member type="way" ref="1164920273" role=""/>
  <member type="way" ref="17735372" role=""/>
  <member type="way" ref="1163681384" role=""/>
  <member type="way" ref="135543119" role=""/>
  <member type="way" ref="135543121" role=""/>
  <member type="way" ref="1164920274" role=""/>
  <member type="way" ref="1164920275" role=""/>
  <member type="way" ref="135086472" role=""/>
  <member type="way" ref="868441828" role=""/>
  <member type="way" ref="764645538" role=""/>
  <member type="way" ref="1173157840" role=""/>
  <member type="way" ref="868441829" role=""/>
  <member type="way" ref="764645540" role=""/>
  <member type="way" ref="764645541" role=""/>
  <member type="way" ref="17742755" role=""/>
  <member type="way" ref="17742345" role=""/>
  <member type="way" ref="17750720" role=""/>
  <member type="way" ref="764645532" role=""/>
  <member type="way" ref="764645533" role=""/>
  <member type="way" ref="290370145" role=""/>
  <member type="way" ref="290370146" role=""/>
  <member type="way" ref="193208639" role=""/>
  <member type="way" ref="193208643" role=""/>
  <member type="way" ref="135081107" role=""/>
  <member type="way" ref="135081105" role=""/>
  <member type="way" ref="135081106" role=""/>
  <member type="way" ref="135081101" role=""/>
  <member type="way" ref="135081103" role=""/>
  <member type="way" ref="17985039" role=""/>
  <member type="way" ref="138954876" role=""/>
  <member type="way" ref="138954877" role=""/>
  <member type="way" ref="1173157841" role=""/>
  <member type="way" ref="569489652" role=""/>
  <member type="way" ref="1394842025" role=""/>
  <member type="way" ref="1394842033" role=""/>
  <member type="way" ref="91736064" role=""/>
  <member type="way" ref="1408925601" role=""/>
  <member type="way" ref="1394842031" role=""/>
  <member type="way" ref="1394842029" role=""/>
  <member type="way" ref="707305440" role=""/>
  <member type="way" ref="868441820" role=""/>
  <member type="way" ref="569492665" role=""/>
  <member type="way" ref="1394842036" role=""/>
  <member type="way" ref="1394842028" role=""/>
  <member type="way" ref="91748558" role=""/>
  <member type="way" ref="91748567" role=""/>
  <member type="way" ref="91748557" role=""/>
  <member type="way" ref="91748555" role=""/>
  <member type="way" ref="1394842038" role=""/>
  <member type="way" ref="868441816" role=""/>
  <member type="way" ref="17839164" role=""/>
  <member type="way" ref="1394842043" role=""/>
  <member type="way" ref="1067935600" role=""/>
  <member type="way" ref="1067935599" role=""/>
  <member type="way" ref="149478310" role=""/>
  <member type="way" ref="1167232313" role=""/>
  <member type="way" ref="1167232314" role=""/>
  <member type="way" ref="149478315" role=""/>
  <member type="way" ref="1394842044" role=""/>
  <member type="way" ref="868441811" role=""/>
  <member type="way" ref="17741803" role=""/>
  <member type="way" ref="1394842046" role=""/>
  <member type="way" ref="38846530" role=""/>
  <member type="way" ref="868441808" role=""/>
  <member type="way" ref="868441809" role=""/>
  <member type="way" ref="707322235" role=""/>
  <member type="way" ref="231227846" role=""/>
  <member type="way" ref="868441804" role=""/>
  <member type="way" ref="868441806" role=""/>
  <member type="way" ref="139269438" role=""/>
  <member type="way" ref="868441801" role=""/>
  <member type="way" ref="1362739003" role=""/>
  <member type="way" ref="231227845" role=""/>
  <member type="way" ref="1362739001" role=""/>
  <member type="way" ref="868441800" role=""/>
  <member type="way" ref="60776352" role=""/>
  <member type="way" ref="1431052762" role=""/>
  <member type="way" ref="1431052764" role=""/>
  <member type="way" ref="1431052763" role=""/>
  <member type="way" ref="60776356" role=""/>
  <member type="way" ref="166371134" role=""/>
  <member type="way" ref="1431052761" role=""/>
  <member type="way" ref="166371135" role=""/>
  <member type="way" ref="139302537" role=""/>
  <member type="way" ref="139302541" role=""/>
  <member type="way" ref="1362713855" role=""/>
  <member type="way" ref="1362713854" role=""/>
  <member type="way" ref="1362713853" role=""/>
  <member type="way" ref="1425073331" role=""/>
  <member type="way" ref="1362713850" role=""/>
  <member type="way" ref="1362713849" role=""/>
  <member type="way" ref="1362713848" role=""/>
  <member type="way" ref="476803504" role=""/>
  <member type="way" ref="1362713847" role=""/>
  <member type="way" ref="1362713846" role=""/>
  <member type="way" ref="1362713845" role=""/>
  <member type="way" ref="1362713844" role=""/>
  <member type="way" ref="1362713843" role=""/>
  <member type="way" ref="1362713842" role=""/>
  <member type="way" ref="1362713841" role=""/>
  <member type="way" ref="513336583" role=""/>
  <member type="way" ref="513336587" role=""/>
  <member type="way" ref="476803499" role=""/>
  <member type="way" ref="869968815" role=""/>
  <member type="way" ref="1362713840" role=""/>
  <member type="way" ref="152679612" role=""/>
  <member type="way" ref="152679619" role=""/>
  <member type="way" ref="152679624" role=""/>
  <member type="way" ref="152679625" role=""/>
  <member type="way" ref="122404171" role=""/>
  <member type="way" ref="122404180" role=""/>
  <member type="way" ref="122399680" role=""/>
  <member type="way" ref="1362713835" role=""/>
  <member type="way" ref="1362713837" role=""/>
  <member type="way" ref="223181972" role=""/>
  <member type="way" ref="223181294" role=""/>
  <member type="way" ref="223182996" role=""/>
  <member type="way" ref="1237131890" role=""/>
  <member type="way" ref="122399707" role=""/>
  <member type="way" ref="1237131889" role=""/>
  <member type="way" ref="122399684" role=""/>
  <member type="way" ref="8732880" role=""/>
  <member type="way" ref="122399683" role=""/>
  <member type="way" ref="8732872" role=""/>
  <member type="way" ref="1237131887" role=""/>
  <member type="way" ref="1237131886" role=""/>
  <member type="way" ref="1237131885" role=""/>
  <member type="way" ref="1237131884" role=""/>
  <member type="way" ref="9686973" role=""/>
  <member type="way" ref="463533088" role=""/>
  <member type="way" ref="463533087" role=""/>
  <member type="way" ref="9686974" role=""/>
  <member type="way" ref="1237131883" role=""/>
  <member type="way" ref="9686971" role=""/>
  <member type="way" ref="9686972" role=""/>
  <member type="way" ref="1237131882" role=""/>
  <member type="way" ref="9596404" role=""/>
  <member type="way" ref="9596406" role=""/>
  <member type="way" ref="9596402" role=""/>
  <member type="way" ref="9596403" role=""/>
  <member type="way" ref="9596399" role=""/>
  <member type="way" ref="9596401" role=""/>
  <member type="way" ref="9596395" role=""/>
  <member type="way" ref="9596394" role=""/>
  <member type="way" ref="9596392" role=""/>
  <member type="way" ref="9749269" role=""/>
  <member type="way" ref="9749267" role=""/>
  <member type="way" ref="9749273" role=""/>
  <member type="way" ref="9749271" role=""/>
  <member type="way" ref="9257806" role=""/>
  <member type="way" ref="1237131881" role=""/>
  <member type="way" ref="1237131880" role=""/>
  <member type="way" ref="1237131879" role=""/>
  <member type="way" ref="12388883" role=""/>
  <member type="way" ref="12388879" role=""/>
  <member type="way" ref="12388885" role=""/>
  <member type="way" ref="1237131878" role=""/>
  <member type="way" ref="12388886" role=""/>
  <member type="way" ref="1237131877" role=""/>
  <member type="way" ref="1237131876" role=""/>
  <member type="way" ref="25584416" role=""/>
  <member type="way" ref="25584417" role=""/>
  <member type="way" ref="560615369" role=""/>
  <member type="way" ref="560615370" role=""/>
  <member type="way" ref="25584418" role=""/>
  <member type="way" ref="25584419" role=""/>
  <member type="way" ref="25584422" role=""/>
  <member type="way" ref="25584423" role=""/>
  <member type="way" ref="25584424" role=""/>
  <member type="way" ref="1237131875" role=""/>
  <member type="way" ref="25584426" role=""/>
  <member type="way" ref="25584427" role=""/>
  <member type="way" ref="503149608" role=""/>
  <member type="way" ref="503149607" role=""/>
  <member type="way" ref="869968812" role=""/>
  <member type="way" ref="214338040" role=""/>
  <member type="way" ref="8732031" role=""/>
  <member type="way" ref="40942171" role=""/>
  <member type="way" ref="40942173" role=""/>
  <member type="way" ref="25793407" role=""/>
  <member type="way" ref="25793408" role=""/>
  <member type="way" ref="8733466" role=""/>
  <member type="way" ref="8746325" role=""/>
  <member type="way" ref="1236678476" role=""/>
  <member type="way" ref="869968807" role=""/>
  <member type="way" ref="1236678474" role=""/>
  <member type="way" ref="8729588" role=""/>
  <member type="way" ref="25806403" role=""/>
  <member type="way" ref="25806404" role=""/>
  <member type="way" ref="122311102" role=""/>
  <member type="way" ref="122311090" role=""/>
  <member type="way" ref="121857420" role=""/>
  <member type="way" ref="25806409" role=""/>
  <member type="way" ref="25806410" role=""/>
  <member type="way" ref="121857419" role=""/>
  <member type="way" ref="25806411" role=""/>
  <member type="way" ref="25806412" role=""/>
  <member type="way" ref="121857416" role=""/>
  <member type="way" ref="25926145" role=""/>
  <member type="way" ref="25926146" role=""/>
  <member type="way" ref="25926147" role=""/>
  <member type="way" ref="8746358" role=""/>
  <member type="way" ref="25926150" role=""/>
  <member type="way" ref="25926151" role=""/>
  <member type="way" ref="25926156" role=""/>
  <member type="way" ref="25926157" role=""/>
  <member type="way" ref="25907365" role=""/>
  <member type="way" ref="869968806" role=""/>
  <member type="way" ref="869968803" role=""/>
  <member type="way" ref="25907366" role=""/>
  <member type="way" ref="701675455" role=""/>
  <member type="way" ref="701675456" role=""/>
  <member type="way" ref="268783756" role=""/>
  <member type="way" ref="321032098" role=""/>
  <member type="way" ref="321032099" role=""/>
  <member type="way" ref="321032101" role=""/>
  <member type="way" ref="321032100" role=""/>
  <member type="way" ref="220404545" role=""/>
  <member type="way" ref="1236678467" role=""/>
  <member type="way" ref="869968802" role=""/>
  <member type="way" ref="162640743" role=""/>
  <member type="way" ref="25907361" role=""/>
  <member type="way" ref="869968801" role=""/>
  <member type="way" ref="8748204" role=""/>
  <member type="way" ref="25907367" role=""/>
  <member type="way" ref="25907368" role=""/>
  <member type="way" ref="25907373" role=""/>
  <member type="way" ref="8756420" role=""/>
  <member type="way" ref="58528174" role=""/>
  <member type="way" ref="869968798" role=""/>
  <member type="way" ref="8756466" role=""/>
  <member type="way" ref="8756367" role=""/>
  <member type="way" ref="25841395" role=""/>
  <member type="way" ref="25841394" role=""/>
  <member type="way" ref="25841393" role=""/>
  <member type="way" ref="869968796" role=""/>
  <member type="way" ref="707356714" role=""/>
  <member type="way" ref="678803203" role=""/>
  <member type="way" ref="321028173" role=""/>
  <member type="way" ref="321028172" role=""/>
  <member type="way" ref="526560615" role=""/>
  <member type="way" ref="869968780" role=""/>
  <member type="way" ref="869968779" role=""/>
  <member type="way" ref="8746462" role=""/>
  <member type="way" ref="59012041" role=""/>
  <member type="way" ref="59038111" role=""/>
  <member type="way" ref="59038110" role=""/>
  <member type="way" ref="58528037" role=""/>
  <member type="way" ref="58528042" role=""/>
  <member type="way" ref="59038114" role=""/>
  <member type="way" ref="59038113" role=""/>
  <member type="way" ref="59038112" role=""/>
  <member type="way" ref="59038121" role=""/>
  <member type="way" ref="59038120" role=""/>
  <member type="way" ref="121853893" role=""/>
  <member type="way" ref="59038118" role=""/>
  <member type="way" ref="219724014" role=""/>
  <member type="way" ref="59038126" role=""/>
  <member type="way" ref="59038125" role=""/>
  <member type="way" ref="869968774" role=""/>
  <member type="way" ref="59038124" role=""/>
  <member type="way" ref="59038123" role=""/>
  <member type="way" ref="8752681" role=""/>
  <member type="way" ref="58528039" role=""/>
  <member type="way" ref="8746387" role=""/>
  <member type="way" ref="39800769" role=""/>
  <member type="way" ref="59038149" role=""/>
  <member type="way" ref="59038146" role=""/>
  <member type="way" ref="59038157" role=""/>
  <member type="way" ref="59038154" role=""/>
  <member type="way" ref="42372823" role=""/>
  <member type="way" ref="42372819" role=""/>
  <member type="way" ref="59038151" role=""/>
  <member type="way" ref="59038152" role=""/>
  <member type="way" ref="59038164" role=""/>
  <member type="way" ref="59038162" role=""/>
  <member type="way" ref="59011720" role=""/>
  <member type="way" ref="59011777" role=""/>
  <member type="way" ref="39800723" role=""/>
  <member type="way" ref="164751366" role=""/>
  <member type="way" ref="164751375" role=""/>
  <member type="way" ref="39800724" role=""/>
  <member type="way" ref="59011791" role=""/>
  <member type="way" ref="869968771" role=""/>
  <member type="way" ref="59011801" role=""/>
  <member type="way" ref="8746442" role=""/>
  <member type="way" ref="59011881" role=""/>
  <member type="way" ref="8746373" role=""/>
  <member type="way" ref="59011886" role=""/>
  <member type="way" ref="59011885" role=""/>
  <member type="way" ref="59011891" role=""/>
  <member type="way" ref="59011890" role=""/>
  <member type="way" ref="59011888" role=""/>
  <member type="way" ref="59011889" role=""/>
  <member type="way" ref="59011896" role=""/>
  <member type="way" ref="59011894" role=""/>
  <member type="way" ref="40879463" role=""/>
  <member type="way" ref="40879462" role=""/>
  <member type="way" ref="59011911" role=""/>
  <member type="way" ref="59011904" role=""/>
  <member type="way" ref="40808454" role=""/>
  <member type="way" ref="164751412" role=""/>
  <member type="way" ref="164751373" role=""/>
  <member type="way" ref="164751398" role=""/>
  <member type="way" ref="39451778" role=""/>
  <member type="way" ref="39451779" role=""/>
  <member type="way" ref="59011918" role=""/>
  <member type="way" ref="59011919" role=""/>
  <member type="way" ref="164751271" role=""/>
  <member type="way" ref="164751411" role=""/>
  <member type="way" ref="164751273" role=""/>
  <member type="way" ref="164751270" role=""/>
  <member type="way" ref="8752669" role=""/>
  <member type="way" ref="164660046" role=""/>
  <member type="way" ref="44665808" role=""/>
  <member type="way" ref="869968758" role=""/>
  <member type="way" ref="869968755" role=""/>
  <member type="way" ref="219357412" role=""/>
  <member type="way" ref="1093020610" role=""/>
  <member type="way" ref="164982566" role=""/>
  <member type="way" ref="869968751" role=""/>
  <member type="way" ref="869968748" role=""/>
  <member type="way" ref="177074812" role=""/>
  <member type="way" ref="687474831" role=""/>
  <member type="way" ref="687474832" role=""/>
  <member type="way" ref="687476388" role=""/>
  <member type="way" ref="687476387" role=""/>
  <member type="way" ref="687476390" role=""/>
  <member type="way" ref="687476392" role=""/>
  <member type="way" ref="869968746" role=""/>
  <member type="way" ref="687476394" role=""/>
  <member type="way" ref="687476396" role=""/>
  <member type="way" ref="687476395" role=""/>
  <member type="way" ref="59004715" role=""/>
  <member type="way" ref="59004720" role=""/>
  <member type="way" ref="59004721" role=""/>
  <member type="way" ref="59004706" role=""/>
  <member type="way" ref="59004707" role=""/>
  <member type="way" ref="59004708" role=""/>
  <member type="way" ref="59004710" role=""/>
  <member type="way" ref="869968743" role=""/>
  <member type="way" ref="59004711" role=""/>
  <member type="way" ref="869968742" role=""/>
  <member type="way" ref="39568747" role=""/>
  <member type="way" ref="519774880" role=""/>
  <member type="way" ref="383344778" role=""/>
  <member type="way" ref="869968741" role=""/>
  <member type="way" ref="869968738" role=""/>
  <member type="way" ref="869968737" role=""/>
  <member type="way" ref="869968739" role=""/>
  <member type="way" ref="38726506" role=""/>
  <member type="way" ref="29250887" role=""/>
  <member type="way" ref="29250879" role=""/>
  <member type="way" ref="29250874" role=""/>
  <member type="way" ref="29250875" role=""/>
  <member type="way" ref="29250863" role=""/>
  <member type="way" ref="29250861" role=""/>
  <member type="way" ref="29250827" role=""/>
  <member type="way" ref="29250819" role=""/>
  <member type="way" ref="29250790" role=""/>
  <member type="way" ref="29250789" role=""/>
  <member type="way" ref="41001434" role=""/>
  <member type="way" ref="41001433" role=""/>
  <member type="way" ref="29250783" role=""/>
  <member type="way" ref="29250782" role=""/>
  <member type="way" ref="29250772" role=""/>
  <member type="way" ref="29250771" role=""/>
  <member type="way" ref="29250764" role=""/>
  <member type="way" ref="29250766" role=""/>
  <member type="way" ref="29250745" role=""/>
  <member type="way" ref="29250744" role=""/>
  <member type="way" ref="29250739" role=""/>
  <member type="way" ref="29250737" role=""/>
  <member type="way" ref="29250668" role=""/>
  <member type="way" ref="41001413" role=""/>
  <member type="way" ref="41001414" role=""/>
  <member type="way" ref="121846863" role=""/>
  <member type="way" ref="121846857" role=""/>
  <member type="way" ref="121846870" role=""/>
  <member type="way" ref="121846866" role=""/>
  <member type="way" ref="121846867" role=""/>
  <member type="way" ref="121846874" role=""/>
  <member type="way" ref="699246893" role=""/>
  <member type="way" ref="699246894" role=""/>
  <member type="way" ref="699246895" role=""/>
  <member type="way" ref="677283443" role=""/>
  <member type="way" ref="699246897" role=""/>
  <tag k="colour" v="darkgoldenrod"/>
  <tag k="from" v="Chicago Union Station"/>
  <tag k="name" v="Amtrak Wolverine: Chicago =&gt; Pontiac"/>
  <tag k="network" v="Amtrak"/>
  <tag k="network:wikidata" v="Q23239"/>
  <tag k="network:wikipedia" v="en:Amtrak"/>
  <tag k="operator" v="Amtrak"/>
  <tag k="passenger" v="regional"/>
  <tag k="public_transport:version" v="2"/>
  <tag k="ref" v="Wolverine"/>
  <tag k="route" v="train"/>
  <tag k="to" v="Pontiac"/>
  <tag k="trip_ref" v="352"/>
  <tag k="type" v="route"/>
  <tag k="website" v="https://www.amtrak.com/"/>
  <tag k="wikidata" v="Q260450"/>
 </relation>
 <relation id="12044091" visible="true" version="45" changeset="172136660" timestamp="2025-09-19T00:03:09Z" user="RailandSea" uid="18757334">
  <member type="node" ref="2398894899" role="stop_entry_only"/>
  <member type="way" ref="231951964" role="platform_entry_only"/>
  <member type="node" ref="1538895356" role="stop"/>
  <member type="way" ref="195458541" role="platform"/>
  <member type="node" ref="7030190955" role="stop"/>
  <member type="way" ref="752069590" role="platform"/>
  <member type="node" ref="7022681107" role="stop"/>
  <member type="way" ref="193214101" role="platform"/>
  <member type="node" ref="1538895349" role="stop"/>
  <member type="way" ref="535699894" role="platform"/>
  <member type="node" ref="1538895348" role="stop"/>
  <member type="way" ref="677901640" role="platform"/>
  <member type="node" ref="184699475" role="stop"/>
  <member type="way" ref="122399701" role="platform"/>
  <member type="node" ref="2264452369" role="stop"/>
  <member type="way" ref="122396026" role="platform"/>
  <member type="node" ref="62748613" role="stop"/>
  <member type="way" ref="320841790" role="platform"/>
  <member type="node" ref="1763554946" role="stop"/>
  <member type="node" ref="1538895359" role="stop"/>
  <member type="way" ref="536971820" role="platform"/>
  <member type="node" ref="62219805" role="stop"/>
  <member type="way" ref="677296949" role="platform"/>
  <member type="node" ref="6341735187" role="stop_exit_only"/>
  <member type="way" ref="121841397" role="platform_exit_only"/>
  <member type="way" ref="321874303" role=""/>
  <member type="way" ref="763014492" role=""/>
  <member type="way" ref="763014484" role=""/>
  <member type="way" ref="763014486" role=""/>
  <member type="way" ref="763014485" role=""/>
  <member type="way" ref="1221838868" role=""/>
  <member type="way" ref="604078118" role=""/>
  <member type="way" ref="763014449" role=""/>
  <member type="way" ref="763014457" role=""/>
  <member type="way" ref="763014462" role=""/>
  <member type="way" ref="626360728" role=""/>
  <member type="way" ref="231512938" role=""/>
  <member type="way" ref="59917651" role=""/>
  <member type="way" ref="233450416" role=""/>
  <member type="way" ref="56242482" role=""/>
  <member type="way" ref="56242484" role=""/>
  <member type="way" ref="641640119" role=""/>
  <member type="way" ref="1219904301" role=""/>
  <member type="way" ref="56242483" role=""/>
  <member type="way" ref="635271942" role=""/>
  <member type="way" ref="635271948" role=""/>
  <member type="way" ref="233570496" role=""/>
  <member type="way" ref="1220151224" role=""/>
  <member type="way" ref="1220151226" role=""/>
  <member type="way" ref="1017452513" role=""/>
  <member type="way" ref="1017452514" role=""/>
  <member type="way" ref="1222536457" role=""/>
  <member type="way" ref="1326376682" role=""/>
  <member type="way" ref="1326376681" role=""/>
  <member type="way" ref="1326376707" role=""/>
  <member type="way" ref="1326376708" role=""/>
  <member type="way" ref="59917667" role=""/>
  <member type="way" ref="1326376767" role=""/>
  <member type="way" ref="1326376766" role=""/>
  <member type="way" ref="56246263" role=""/>
  <member type="way" ref="868130322" role=""/>
  <member type="way" ref="868130325" role=""/>
  <member type="way" ref="868130323" role=""/>
  <member type="way" ref="1187045993" role=""/>
  <member type="way" ref="1222651872" role=""/>
  <member type="way" ref="1187045994" role=""/>
  <member type="way" ref="56246264" role=""/>
  <member type="way" ref="56249016" role=""/>
  <member type="way" ref="56249015" role=""/>
  <member type="way" ref="56250146" role=""/>
  <member type="way" ref="56250145" role=""/>
  <member type="way" ref="56250144" role=""/>
  <member type="way" ref="56250143" role=""/>
  <member type="way" ref="56250154" role=""/>
  <member type="way" ref="56250153" role=""/>
  <member type="way" ref="56250071" role=""/>
  <member type="way" ref="56250070" role=""/>
  <member type="way" ref="56250069" role=""/>
  <member type="way" ref="56250078" role=""/>
  <member type="way" ref="56250077" role=""/>
  <member type="way" ref="56250076" role=""/>
  <member type="way" ref="56250075" role=""/>
  <member type="way" ref="56250074" role=""/>
  <member type="way" ref="56250083" role=""/>
  <member type="way" ref="56250082" role=""/>
  <member type="way" ref="56250081" role=""/>
  <member type="way" ref="56250080" role=""/>
  <member type="way" ref="56250079" role=""/>
  <member type="way" ref="56250088" role=""/>
  <member type="way" ref="868130327" role=""/>
  <member type="way" ref="56997704" role=""/>
  <member type="way" ref="1002582758" role=""/>
  <member type="way" ref="1222651869" role=""/>
  <member type="way" ref="1002582759" role=""/>
  <member type="way" ref="1002582783" role=""/>
  <member type="way" ref="1002582784" role=""/>
  <member type="way" ref="1002582798" role=""/>
  <member type="way" ref="1002582799" role=""/>
  <member type="way" ref="1002582819" role=""/>
  <member type="way" ref="1002582820" role=""/>
  <member type="way" ref="1002647138" role=""/>
  <member type="way" ref="1002647139" role=""/>
  <member type="way" ref="1002647167" role=""/>
  <member type="way" ref="1002647168" role=""/>
  <member type="way" ref="1002647195" role=""/>
  <member type="way" ref="1002647196" role=""/>
  <member type="way" ref="56997703" role=""/>
  <member type="way" ref="1003359853" role=""/>
  <member type="way" ref="1003359872" role=""/>
  <member type="way" ref="1003359873" role=""/>
  <member type="way" ref="1003359852" role=""/>
  <member type="way" ref="1003359892" role=""/>
  <member type="way" ref="1003359891" role=""/>
  <member type="way" ref="56997660" role=""/>
  <member type="way" ref="1002647209" role=""/>
  <member type="way" ref="1002647210" role=""/>
  <member type="way" ref="868130330" role=""/>
  <member type="way" ref="1003521470" role=""/>
  <member type="way" ref="1003521471" role=""/>
  <member type="way" ref="1000935530" role=""/>
  <member type="way" ref="1003521634" role=""/>
  <member type="way" ref="1003521633" role=""/>
  <member type="way" ref="1000935531" role=""/>
  <member type="way" ref="1003521546" role=""/>
  <member type="way" ref="1003521547" role=""/>
  <member type="way" ref="1003521641" role=""/>
  <member type="way" ref="1003521642" role=""/>
  <member type="way" ref="1003521581" role=""/>
  <member type="way" ref="1003521582" role=""/>
  <member type="way" ref="1003521617" role=""/>
  <member type="way" ref="1003521618" role=""/>
  <member type="way" ref="56997659" role=""/>
  <member type="way" ref="1003524852" role=""/>
  <member type="way" ref="1003524851" role=""/>
  <member type="way" ref="1003524840" role=""/>
  <member type="way" ref="1003524839" role=""/>
  <member type="way" ref="1000663243" role=""/>
  <member type="way" ref="1000663236" role=""/>
  <member type="way" ref="1000663203" role=""/>
  <member type="way" ref="1000663196" role=""/>
  <member type="way" ref="1000663222" role=""/>
  <member type="way" ref="1000663221" role=""/>
  <member type="way" ref="1000663182" role=""/>
  <member type="way" ref="1000663175" role=""/>
  <member type="way" ref="1000663142" role=""/>
  <member type="way" ref="1000663141" role=""/>
  <member type="way" ref="57006918" role=""/>
  <member type="way" ref="57006917" role=""/>
  <member type="way" ref="57006914" role=""/>
  <member type="way" ref="57006913" role=""/>
  <member type="way" ref="1222651875" role=""/>
  <member type="way" ref="57006912" role=""/>
  <member type="way" ref="57006911" role=""/>
  <member type="way" ref="57010477" role=""/>
  <member type="way" ref="868130333" role=""/>
  <member type="way" ref="1222651878" role=""/>
  <member type="way" ref="57010449" role=""/>
  <member type="way" ref="1222651868" role=""/>
  <member type="way" ref="881789412" role=""/>
  <member type="way" ref="127906971" role=""/>
  <member type="way" ref="1222651879" role=""/>
  <member type="way" ref="868130319" role=""/>
  <member type="way" ref="58404213" role=""/>
  <member type="way" ref="58404207" role=""/>
  <member type="way" ref="868130359" role=""/>
  <member type="way" ref="271954054" role=""/>
  <member type="way" ref="868130320" role=""/>
  <member type="way" ref="363510612" role=""/>
  <member type="way" ref="1222651886" role=""/>
  <member type="way" ref="363510615" role=""/>
  <member type="way" ref="58404854" role=""/>
  <member type="way" ref="908217587" role=""/>
  <member type="way" ref="908217588" role=""/>
  <member type="way" ref="58404852" role=""/>
  <member type="way" ref="58404850" role=""/>
  <member type="way" ref="58404861" role=""/>
  <member type="way" ref="58404846" role=""/>
  <member type="way" ref="58404845" role=""/>
  <member type="way" ref="58404848" role=""/>
  <member type="way" ref="58404847" role=""/>
  <member type="way" ref="58404849" role=""/>
  <member type="way" ref="58404839" role=""/>
  <member type="way" ref="58404842" role=""/>
  <member type="way" ref="58404841" role=""/>
  <member type="way" ref="58404844" role=""/>
  <member type="way" ref="58404843" role=""/>
  <member type="way" ref="58404837" role=""/>
  <member type="way" ref="58404836" role=""/>
  <member type="way" ref="238616690" role=""/>
  <member type="way" ref="238616689" role=""/>
  <member type="way" ref="58404833" role=""/>
  <member type="way" ref="58404838" role=""/>
  <member type="way" ref="58404834" role=""/>
  <member type="way" ref="1222644525" role=""/>
  <member type="way" ref="17507759" role=""/>
  <member type="way" ref="140466134" role=""/>
  <member type="way" ref="134821187" role=""/>
  <member type="way" ref="58404823" role=""/>
  <member type="way" ref="1163681376" role=""/>
  <member type="way" ref="606080786" role=""/>
  <member type="way" ref="606080785" role=""/>
  <member type="way" ref="58404826" role=""/>
  <member type="way" ref="1163681379" role=""/>
  <member type="way" ref="1163681378" role=""/>
  <member type="way" ref="135694662" role=""/>
  <member type="way" ref="1163681380" role=""/>
  <member type="way" ref="770096384" role=""/>
  <member type="way" ref="770096383" role=""/>
  <member type="way" ref="1163681381" role=""/>
  <member type="way" ref="1163681383" role=""/>
  <member type="way" ref="1164920272" role=""/>
  <member type="way" ref="1164920273" role=""/>
  <member type="way" ref="17735372" role=""/>
  <member type="way" ref="1163681384" role=""/>
  <member type="way" ref="135543119" role=""/>
  <member type="way" ref="135543121" role=""/>
  <member type="way" ref="1164920274" role=""/>
  <member type="way" ref="1164920275" role=""/>
  <member type="way" ref="135086472" role=""/>
  <member type="way" ref="868441828" role=""/>
  <member type="way" ref="764645538" role=""/>
  <member type="way" ref="1173157840" role=""/>
  <member type="way" ref="868441829" role=""/>
  <member type="way" ref="764645540" role=""/>
  <member type="way" ref="764645541" role=""/>
  <member type="way" ref="17742755" role=""/>
  <member type="way" ref="17742345" role=""/>
  <member type="way" ref="17750720" role=""/>
  <member type="way" ref="764645532" role=""/>
  <member type="way" ref="764645533" role=""/>
  <member type="way" ref="290370145" role=""/>
  <member type="way" ref="290370146" role=""/>
  <member type="way" ref="193208639" role=""/>
  <member type="way" ref="193208643" role=""/>
  <member type="way" ref="135081107" role=""/>
  <member type="way" ref="135081105" role=""/>
  <member type="way" ref="135081106" role=""/>
  <member type="way" ref="135081101" role=""/>
  <member type="way" ref="135081103" role=""/>
  <member type="way" ref="17985039" role=""/>
  <member type="way" ref="138954876" role=""/>
  <member type="way" ref="138954877" role=""/>
  <member type="way" ref="1173157841" role=""/>
  <member type="way" ref="569489652" role=""/>
  <member type="way" ref="1394842025" role=""/>
  <member type="way" ref="1394842033" role=""/>
  <member type="way" ref="91736064" role=""/>
  <member type="way" ref="1408925601" role=""/>
  <member type="way" ref="1394842031" role=""/>
  <member type="way" ref="1394842029" role=""/>
  <member type="way" ref="707305440" role=""/>
  <member type="way" ref="868441820" role=""/>
  <member type="way" ref="569492665" role=""/>
  <member type="way" ref="1394842036" role=""/>
  <member type="way" ref="1394842028" role=""/>
  <member type="way" ref="91748558" role=""/>
  <member type="way" ref="91748567" role=""/>
  <member type="way" ref="91748557" role=""/>
  <member type="way" ref="91748555" role=""/>
  <member type="way" ref="1394842038" role=""/>
  <member type="way" ref="868441816" role=""/>
  <member type="way" ref="17839164" role=""/>
  <member type="way" ref="1394842043" role=""/>
  <member type="way" ref="1067935600" role=""/>
  <member type="way" ref="1067935599" role=""/>
  <member type="way" ref="149478310" role=""/>
  <member type="way" ref="1167232313" role=""/>
  <member type="way" ref="1167232314" role=""/>
  <member type="way" ref="149478315" role=""/>
  <member type="way" ref="1394842044" role=""/>
  <member type="way" ref="868441811" role=""/>
  <member type="way" ref="17741803" role=""/>
  <member type="way" ref="1394842046" role=""/>
  <member type="way" ref="38846530" role=""/>
  <member type="way" ref="868441808" role=""/>
  <member type="way" ref="868441809" role=""/>
  <member type="way" ref="707322235" role=""/>
  <member type="way" ref="231227846" role=""/>
  <member type="way" ref="868441804" role=""/>
  <member type="way" ref="868441806" role=""/>
  <member type="way" ref="139269438" role=""/>
  <member type="way" ref="868441801" role=""/>
  <member type="way" ref="1362739003" role=""/>
  <member type="way" ref="231227845" role=""/>
  <member type="way" ref="1362739001" role=""/>
  <member type="way" ref="868441800" role=""/>
  <member type="way" ref="60776352" role=""/>
  <member type="way" ref="1431052762" role=""/>
  <member type="way" ref="1431052764" role=""/>
  <member type="way" ref="1431052763" role=""/>
  <member type="way" ref="60776356" role=""/>
  <member type="way" ref="166371134" role=""/>
  <member type="way" ref="1431052761" role=""/>
  <member type="way" ref="166371135" role=""/>
  <member type="way" ref="139302537" role=""/>
  <member type="way" ref="139302541" role=""/>
  <member type="way" ref="1362713855" role=""/>
  <member type="way" ref="1362713854" role=""/>
  <member type="way" ref="1362713853" role=""/>
  <member type="way" ref="1425073331" role=""/>
  <member type="way" ref="1362713850" role=""/>
  <member type="way" ref="1362713849" role=""/>
  <member type="way" ref="1362713848" role=""/>
  <member type="way" ref="476803504" role=""/>
  <member type="way" ref="1362713847" role=""/>
  <member type="way" ref="1362713846" role=""/>
  <member type="way" ref="1362713845" role=""/>
  <member type="way" ref="1362713844" role=""/>
  <member type="way" ref="1362713843" role=""/>
  <member type="way" ref="1362713842" role=""/>
  <member type="way" ref="1362713841" role=""/>
  <member type="way" ref="513336583" role=""/>
  <member type="way" ref="513336587" role=""/>
  <member type="way" ref="476803499" role=""/>
  <member type="way" ref="869968815" role=""/>
  <member type="way" ref="1362713840" role=""/>
  <member type="way" ref="152679612" role=""/>
  <member type="way" ref="152679619" role=""/>
  <member type="way" ref="152679624" role=""/>
  <member type="way" ref="152679625" role=""/>
  <member type="way" ref="122404171" role=""/>
  <member type="way" ref="122404180" role=""/>
  <member type="way" ref="122399680" role=""/>
  <member type="way" ref="1362713835" role=""/>
  <member type="way" ref="1362713837" role=""/>
  <member type="way" ref="223181972" role=""/>
  <member type="way" ref="223181294" role=""/>
  <member type="way" ref="223182996" role=""/>
  <member type="way" ref="1237131890" role=""/>
  <member type="way" ref="122399707" role=""/>
  <member type="way" ref="1237131889" role=""/>
  <member type="way" ref="122399684" role=""/>
  <member type="way" ref="8732880" role=""/>
  <member type="way" ref="122399683" role=""/>
  <member type="way" ref="8732872" role=""/>
  <member type="way" ref="1237131887" role=""/>
  <member type="way" ref="1237131886" role=""/>
  <member type="way" ref="1237131885" role=""/>
  <member type="way" ref="1237131884" role=""/>
  <member type="way" ref="9686973" role=""/>
  <member type="way" ref="463533088" role=""/>
  <member type="way" ref="463533087" role=""/>
  <member type="way" ref="9686974" role=""/>
  <member type="way" ref="1237131883" role=""/>
  <member type="way" ref="9686971" role=""/>
  <member type="way" ref="9686972" role=""/>
  <member type="way" ref="1237131882" role=""/>
  <member type="way" ref="9596404" role=""/>
  <member type="way" ref="9596406" role=""/>
  <member type="way" ref="9596402" role=""/>
  <member type="way" ref="9596403" role=""/>
  <member type="way" ref="9596399" role=""/>
  <member type="way" ref="9596401" role=""/>
  <member type="way" ref="9596395" role=""/>
  <member type="way" ref="9596394" role=""/>
  <member type="way" ref="9596392" role=""/>
  <member type="way" ref="9749269" role=""/>
  <member type="way" ref="9749267" role=""/>
  <member type="way" ref="9749273" role=""/>
  <member type="way" ref="9749271" role=""/>
  <member type="way" ref="9257806" role=""/>
  <member type="way" ref="1237131881" role=""/>
  <member type="way" ref="1237131880" role=""/>
  <member type="way" ref="1237131879" role=""/>
  <member type="way" ref="12388883" role=""/>
  <member type="way" ref="12388879" role=""/>
  <member type="way" ref="12388885" role=""/>
  <member type="way" ref="1237131878" role=""/>
  <member type="way" ref="12388886" role=""/>
  <member type="way" ref="1237131877" role=""/>
  <member type="way" ref="1237131876" role=""/>
  <member type="way" ref="25584416" role=""/>
  <member type="way" ref="25584417" role=""/>
  <member type="way" ref="560615369" role=""/>
  <member type="way" ref="560615370" role=""/>
  <member type="way" ref="25584418" role=""/>
  <member type="way" ref="25584419" role=""/>
  <member type="way" ref="25584422" role=""/>
  <member type="way" ref="25584423" role=""/>
  <member type="way" ref="25584424" role=""/>
  <member type="way" ref="1237131875" role=""/>
  <member type="way" ref="25584426" role=""/>
  <member type="way" ref="25584427" role=""/>
  <member type="way" ref="503149608" role=""/>
  <member type="way" ref="503149607" role=""/>
  <member type="way" ref="869968812" role=""/>
  <member type="way" ref="214338040" role=""/>
  <member type="way" ref="8732031" role=""/>
  <member type="way" ref="40942171" role=""/>
  <member type="way" ref="40942173" role=""/>
  <member type="way" ref="25793407" role=""/>
  <member type="way" ref="25793408" role=""/>
  <member type="way" ref="8733466" role=""/>
  <member type="way" ref="8746325" role=""/>
  <member type="way" ref="1236678476" role=""/>
  <member type="way" ref="869968807" role=""/>
  <member type="way" ref="1236678474" role=""/>
  <member type="way" ref="8729588" role=""/>
  <member type="way" ref="25806403" role=""/>
  <member type="way" ref="25806404" role=""/>
  <member type="way" ref="122311102" role=""/>
  <member type="way" ref="122311090" role=""/>
  <member type="way" ref="121857420" role=""/>
  <member type="way" ref="25806409" role=""/>
  <member type="way" ref="25806410" role=""/>
  <member type="way" ref="121857419" role=""/>
  <member type="way" ref="25806411" role=""/>
  <member type="way" ref="25806412" role=""/>
  <member type="way" ref="121857416" role=""/>
  <member type="way" ref="25926145" role=""/>
  <member type="way" ref="25926146" role=""/>
  <member type="way" ref="25926147" role=""/>
  <member type="way" ref="8746358" role=""/>
  <member type="way" ref="25926150" role=""/>
  <member type="way" ref="25926151" role=""/>
  <member type="way" ref="25926156" role=""/>
  <member type="way" ref="25926157" role=""/>
  <member type="way" ref="25907365" role=""/>
  <member type="way" ref="869968806" role=""/>
  <member type="way" ref="869968803" role=""/>
  <member type="way" ref="25907366" role=""/>
  <member type="way" ref="701675455" role=""/>
  <member type="way" ref="701675456" role=""/>
  <member type="way" ref="268783756" role=""/>
  <member type="way" ref="321032098" role=""/>
  <member type="way" ref="321032099" role=""/>
  <member type="way" ref="321032101" role=""/>
  <member type="way" ref="321032100" role=""/>
  <member type="way" ref="220404545" role=""/>
  <member type="way" ref="1236678467" role=""/>
  <member type="way" ref="869968802" role=""/>
  <member type="way" ref="162640743" role=""/>
  <member type="way" ref="25907361" role=""/>
  <member type="way" ref="869968801" role=""/>
  <member type="way" ref="8748204" role=""/>
  <member type="way" ref="25907367" role=""/>
  <member type="way" ref="25907368" role=""/>
  <member type="way" ref="25907373" role=""/>
  <member type="way" ref="8756420" role=""/>
  <member type="way" ref="58528174" role=""/>
  <member type="way" ref="869968798" role=""/>
  <member type="way" ref="8756466" role=""/>
  <member type="way" ref="8756367" role=""/>
  <member type="way" ref="25841395" role=""/>
  <member type="way" ref="25841394" role=""/>
  <member type="way" ref="25841393" role=""/>
  <member type="way" ref="869968796" role=""/>
  <member type="way" ref="707356714" role=""/>
  <member type="way" ref="678803203" role=""/>
  <member type="way" ref="321028173" role=""/>
  <member type="way" ref="321028172" role=""/>
  <member type="way" ref="526560615" role=""/>
  <member type="way" ref="869968780" role=""/>
  <member type="way" ref="869968779" role=""/>
  <member type="way" ref="8746462" role=""/>
  <member type="way" ref="59012041" role=""/>
  <member type="way" ref="59038111" role=""/>
  <member type="way" ref="59038110" role=""/>
  <member type="way" ref="58528037" role=""/>
  <member type="way" ref="58528042" role=""/>
  <member type="way" ref="59038114" role=""/>
  <member type="way" ref="59038113" role=""/>
  <member type="way" ref="59038112" role=""/>
  <member type="way" ref="59038121" role=""/>
  <member type="way" ref="59038120" role=""/>
  <member type="way" ref="121853893" role=""/>
  <member type="way" ref="59038118" role=""/>
  <member type="way" ref="219724014" role=""/>
  <member type="way" ref="59038126" role=""/>
  <member type="way" ref="59038125" role=""/>
  <member type="way" ref="869968774" role=""/>
  <member type="way" ref="59038124" role=""/>
  <member type="way" ref="59038123" role=""/>
  <member type="way" ref="8752681" role=""/>
  <member type="way" ref="58528039" role=""/>
  <member type="way" ref="8746387" role=""/>
  <member type="way" ref="39800769" role=""/>
  <member type="way" ref="59038149" role=""/>
  <member type="way" ref="59038146" role=""/>
  <member type="way" ref="59038157" role=""/>
  <member type="way" ref="59038154" role=""/>
  <member type="way" ref="42372823" role=""/>
  <member type="way" ref="42372819" role=""/>
  <member type="way" ref="59038151" role=""/>
  <member type="way" ref="59038152" role=""/>
  <member type="way" ref="59038164" role=""/>
  <member type="way" ref="59038162" role=""/>
  <member type="way" ref="59011720" role=""/>
  <member type="way" ref="59011777" role=""/>
  <member type="way" ref="39800723" role=""/>
  <member type="way" ref="164751366" role=""/>
  <member type="way" ref="164751375" role=""/>
  <member type="way" ref="39800724" role=""/>
  <member type="way" ref="59011791" role=""/>
  <member type="way" ref="869968771" role=""/>
  <member type="way" ref="59011801" role=""/>
  <member type="way" ref="8746442" role=""/>
  <member type="way" ref="59011881" role=""/>
  <member type="way" ref="8746373" role=""/>
  <member type="way" ref="59011886" role=""/>
  <member type="way" ref="59011885" role=""/>
  <member type="way" ref="59011891" role=""/>
  <member type="way" ref="59011890" role=""/>
  <member type="way" ref="59011888" role=""/>
  <member type="way" ref="59011889" role=""/>
  <member type="way" ref="59011896" role=""/>
  <member type="way" ref="59011894" role=""/>
  <member type="way" ref="40879463" role=""/>
  <member type="way" ref="40879462" role=""/>
  <member type="way" ref="59011911" role=""/>
  <member type="way" ref="59011904" role=""/>
  <member type="way" ref="40808454" role=""/>
  <member type="way" ref="164751412" role=""/>
  <member type="way" ref="164751373" role=""/>
  <member type="way" ref="164751398" role=""/>
  <member type="way" ref="39451778" role=""/>
  <member type="way" ref="39451779" role=""/>
  <member type="way" ref="59011918" role=""/>
  <member type="way" ref="59011919" role=""/>
  <member type="way" ref="164751271" role=""/>
  <member type="way" ref="164751411" role=""/>
  <member type="way" ref="164751273" role=""/>
  <member type="way" ref="164751270" role=""/>
  <member type="way" ref="8752669" role=""/>
  <member type="way" ref="164660046" role=""/>
  <member type="way" ref="44665808" role=""/>
  <member type="way" ref="869968758" role=""/>
  <member type="way" ref="869968755" role=""/>
  <member type="way" ref="219357412" role=""/>
  <member type="way" ref="1093020610" role=""/>
  <member type="way" ref="164982566" role=""/>
  <member type="way" ref="869968751" role=""/>
  <member type="way" ref="869968748" role=""/>
  <member type="way" ref="177074812" role=""/>
  <member type="way" ref="687474831" role=""/>
  <member type="way" ref="687474832" role=""/>
  <member type="way" ref="687476388" role=""/>
  <member type="way" ref="687476387" role=""/>
  <member type="way" ref="687476390" role=""/>
  <member type="way" ref="687476392" role=""/>
  <member type="way" ref="869968746" role=""/>
  <member type="way" ref="687476394" role=""/>
  <member type="way" ref="687476396" role=""/>
  <member type="way" ref="687476395" role=""/>
  <member type="way" ref="59004715" role=""/>
  <member type="way" ref="59004720" role=""/>
  <member type="way" ref="59004721" role=""/>
  <member type="way" ref="59004706" role=""/>
  <member type="way" ref="59004707" role=""/>
  <member type="way" ref="59004708" role=""/>
  <member type="way" ref="59004710" role=""/>
  <member type="way" ref="869968743" role=""/>
  <member type="way" ref="59004711" role=""/>
  <member type="way" ref="869968742" role=""/>
  <member type="way" ref="39568747" role=""/>
  <member type="way" ref="519774880" role=""/>
  <member type="way" ref="383344778" role=""/>
  <member type="way" ref="869968741" role=""/>
  <member type="way" ref="869968738" role=""/>
  <member type="way" ref="869968737" role=""/>
  <member type="way" ref="869968739" role=""/>
  <member type="way" ref="38726506" role=""/>
  <member type="way" ref="29250887" role=""/>
  <member type="way" ref="29250879" role=""/>
  <member type="way" ref="29250874" role=""/>
  <member type="way" ref="29250875" role=""/>
  <member type="way" ref="29250863" role=""/>
  <member type="way" ref="29250861" role=""/>
  <member type="way" ref="29250827" role=""/>
  <member type="way" ref="29250819" role=""/>
  <member type="way" ref="29250790" role=""/>
  <member type="way" ref="29250789" role=""/>
  <member type="way" ref="41001434" role=""/>
  <member type="way" ref="41001433" role=""/>
  <member type="way" ref="29250783" role=""/>
  <member type="way" ref="29250782" role=""/>
  <member type="way" ref="29250772" role=""/>
  <member type="way" ref="29250771" role=""/>
  <member type="way" ref="29250764" role=""/>
  <member type="way" ref="29250766" role=""/>
  <member type="way" ref="29250745" role=""/>
  <member type="way" ref="29250744" role=""/>
  <member type="way" ref="29250739" role=""/>
  <member type="way" ref="29250737" role=""/>
  <member type="way" ref="29250668" role=""/>
  <member type="way" ref="41001413" role=""/>
  <member type="way" ref="41001414" role=""/>
  <member type="way" ref="121846863" role=""/>
  <member type="way" ref="121846857" role=""/>
  <member type="way" ref="121846870" role=""/>
  <member type="way" ref="121846866" role=""/>
  <member type="way" ref="121846867" role=""/>
  <member type="way" ref="121846874" role=""/>
  <member type="way" ref="699246893" role=""/>
  <member type="way" ref="699246894" role=""/>
  <member type="way" ref="699246895" role=""/>
  <member type="way" ref="677283443" role=""/>
  <member type="way" ref="699246897" role=""/>
  <tag k="colour" v="darkgoldenrod"/>
  <tag k="from" v="Chicago Union Station"/>
  <tag k="name" v="Amtrak Wolverine: Chicago =&gt; Pontiac"/>
  <tag k="network" v="Amtrak"/>
  <tag k="network:wikidata" v="Q23239"/>
  <tag k="network:wikipedia" v="en:Amtrak"/>
  <tag k="operator" v="Amtrak"/>
  <tag k="passenger" v="regional"/>
  <tag k="public_transport:version" v="2"/>
  <tag k="ref" v="Wolverine"/>
  <tag k="route" v="train"/>
  <tag k="to" v="Pontiac"/>
  <tag k="trip_ref" v="354"/>
  <tag k="type" v="route"/>
  <tag k="via" v="Albion"/>
  <tag k="website" v="https://www.amtrak.com/"/>
  <tag k="wikidata" v="Q260450"/>
  <tag k="wikipedia" v="en:Wolverine (Amtrak train)"/>
 </relation>
 <relation id="14317046" visible="true" version="20" changeset="179818549" timestamp="2026-03-13T16:12:22Z" user="mapper377" uid="2052336">
  <member type="node" ref="9863081083" role="platform_entry_only"/>
  <member type="node" ref="9863081085" role="platform"/>
  <member type="node" ref="9863081086" role="platform"/>
  <member type="node" ref="9863081087" role="platform"/>
  <member type="node" ref="9863081088" role="platform"/>
  <member type="node" ref="9863081100" role="platform"/>
  <member type="node" ref="9863081104" role="platform_exit_only"/>
  <member type="way" ref="1075434858" role=""/>
  <member type="way" ref="213222775" role=""/>
  <member type="way" ref="8728584" role=""/>
  <member type="way" ref="215452368" role=""/>
  <member type="way" ref="441448148" role=""/>
  <member type="way" ref="215452367" role=""/>
  <member type="way" ref="441448147" role=""/>
  <member type="way" ref="441448151" role=""/>
  <member type="way" ref="441448150" role=""/>
  <member type="way" ref="411632944" role=""/>
  <member type="way" ref="412683889" role=""/>
  <member type="way" ref="220171725" role=""/>
  <member type="way" ref="220169073" role=""/>
  <member type="way" ref="441598579" role=""/>
  <member type="way" ref="8727270" role=""/>
  <member type="way" ref="441598625" role=""/>
  <member type="way" ref="1316745045" role=""/>
  <member type="way" ref="441598627" role=""/>
  <member type="way" ref="8722107" role=""/>
  <member type="way" ref="9257827" role=""/>
  <member type="way" ref="9257812" role=""/>
  <member type="way" ref="441598619" role=""/>
  <member type="way" ref="9257814" role=""/>
  <member type="way" ref="441598604" role=""/>
  <member type="way" ref="530480505" role=""/>
  <member type="way" ref="8728383" role=""/>
  <member type="way" ref="441598616" role=""/>
  <member type="way" ref="9257823" role=""/>
  <member type="way" ref="441598606" role=""/>
  <member type="way" ref="441598608" role=""/>
  <member type="way" ref="441598605" role=""/>
  <member type="way" ref="1316745044" role=""/>
  <member type="way" ref="1316745043" role=""/>
  <member type="way" ref="441598610" role=""/>
  <member type="way" ref="9257825" role=""/>
  <member type="way" ref="441598607" role=""/>
  <member type="way" ref="441598617" role=""/>
  <member type="way" ref="411638815" role=""/>
  <member type="way" ref="265955833" role=""/>
  <member type="way" ref="441604087" role=""/>
  <member type="way" ref="265955834" role=""/>
  <member type="way" ref="441604087" role=""/>
  <member type="way" ref="265955833" role=""/>
  <member type="way" ref="412677458" role=""/>
  <member type="way" ref="441604077" role=""/>
  <member type="way" ref="8723817" role=""/>
  <member type="way" ref="1165104013" role=""/>
  <member type="way" ref="1165104012" role=""/>
  <member type="way" ref="1007860385" role=""/>
  <member type="way" ref="1421965236" role=""/>
  <member type="way" ref="1007860386" role=""/>
  <member type="way" ref="1007860387" role=""/>
  <member type="way" ref="1488633854" role=""/>
  <member type="way" ref="1174366018" role=""/>
  <member type="way" ref="1488633855" role=""/>
  <member type="way" ref="441604079" role=""/>
  <member type="way" ref="223282997" role=""/>
  <member type="way" ref="441604080" role=""/>
  <member type="way" ref="441604081" role=""/>
  <member type="way" ref="441604085" role=""/>
  <member type="way" ref="431477749" role=""/>
  <member type="way" ref="223283001" role=""/>
  <member type="way" ref="411717985" role=""/>
  <member type="way" ref="441604074" role=""/>
  <member type="way" ref="223283003" role=""/>
  <member type="way" ref="442050506" role=""/>
  <member type="way" ref="478191869" role=""/>
  <member type="way" ref="361355222" role=""/>
  <member type="way" ref="1075434859" role=""/>
  <member type="way" ref="193043951" role=""/>
  <member type="way" ref="193043948" role=""/>
  <member type="way" ref="442050486" role=""/>
  <member type="way" ref="220169457" role=""/>
  <member type="way" ref="220169456" role=""/>
  <member type="way" ref="442050489" role=""/>
  <member type="way" ref="81959750" role=""/>
  <member type="way" ref="1203330531" role=""/>
  <member type="way" ref="25783875" role=""/>
  <member type="way" ref="1076440810" role=""/>
  <member type="way" ref="1203330530" role=""/>
  <member type="way" ref="25783876" role=""/>
  <member type="way" ref="220169460" role=""/>
  <member type="way" ref="442050702" role=""/>
  <member type="way" ref="413670643" role=""/>
  <member type="way" ref="81957827" role=""/>
  <member type="way" ref="25584430" role=""/>
  <member type="way" ref="442062895" role=""/>
  <member type="way" ref="25584429" role=""/>
  <member type="way" ref="8733180" role=""/>
  <member type="way" ref="413778090" role=""/>
  <member type="way" ref="442062877" role=""/>
  <member type="way" ref="442062881" role=""/>
  <member type="way" ref="442062875" role=""/>
  <member type="way" ref="442062882" role=""/>
  <member type="way" ref="442062873" role=""/>
  <member type="way" ref="442062870" role=""/>
  <member type="way" ref="1075434861" role=""/>
  <member type="way" ref="1075434864" role=""/>
  <member type="way" ref="198945986" role=""/>
  <member type="way" ref="442062872" role=""/>
  <member type="way" ref="442062879" role=""/>
  <member type="way" ref="223284594" role=""/>
  <member type="way" ref="1075434874" role=""/>
  <member type="way" ref="442062893" role=""/>
  <member type="way" ref="1346920229" role=""/>
  <member type="way" ref="1075434865" role=""/>
  <member type="way" ref="1075434869" role=""/>
  <member type="way" ref="93921335" role=""/>
  <member type="way" ref="442062897" role=""/>
  <member type="way" ref="94028711" role=""/>
  <member type="way" ref="1282702852" role=""/>
  <member type="way" ref="94028713" role=""/>
  <member type="way" ref="442062896" role=""/>
  <member type="way" ref="1075434866" role=""/>
  <member type="way" ref="1075434869" role=""/>
  <member type="way" ref="442062883" role=""/>
  <member type="way" ref="8730978" role=""/>
  <member type="way" ref="8721483" role=""/>
  <member type="way" ref="1348295051" role=""/>
  <member type="way" ref="1348295050" role=""/>
  <member type="way" ref="414034737" role=""/>
  <member type="way" ref="8722977" role=""/>
  <member type="way" ref="442062884" role=""/>
  <member type="way" ref="1075434870" role=""/>
  <member type="way" ref="442383698" role=""/>
  <member type="way" ref="517285778" role=""/>
  <member type="way" ref="442383724" role=""/>
  <member type="way" ref="1075434873" role=""/>
  <member type="way" ref="1063427829" role=""/>
  <member type="way" ref="1063427830" role=""/>
  <member type="way" ref="141556105" role=""/>
  <member type="way" ref="1063427831" role=""/>
  <member type="way" ref="670033569" role=""/>
  <member type="way" ref="1415717065" role=""/>
  <member type="way" ref="211142858" role=""/>
  <member type="way" ref="1063427832" role=""/>
  <member type="way" ref="1414308266" role=""/>
  <member type="way" ref="141556099" role=""/>
  <member type="way" ref="670032042" role=""/>
  <member type="way" ref="670032043" role=""/>
  <member type="way" ref="670032044" role=""/>
  <member type="way" ref="8732025" role=""/>
  <member type="way" ref="648498666" role=""/>
  <member type="way" ref="104429461" role=""/>
  <member type="way" ref="442720060" role=""/>
  <member type="way" ref="442720062" role=""/>
  <member type="way" ref="104429470" role=""/>
  <member type="way" ref="442720061" role=""/>
  <member type="way" ref="442720073" role=""/>
  <member type="way" ref="669450797" role=""/>
  <member type="way" ref="442720075" role=""/>
  <member type="way" ref="560970370" role=""/>
  <member type="way" ref="225012169" role=""/>
  <member type="way" ref="1075434871" role=""/>
  <member type="way" ref="8725561" role=""/>
  <member type="way" ref="8727067" role=""/>
  <member type="way" ref="156035009" role=""/>
  <member type="way" ref="442720081" role=""/>
  <member type="way" ref="442720082" role=""/>
  <member type="way" ref="1414215355" role=""/>
  <member type="way" ref="223284597" role=""/>
  <member type="way" ref="223284595" role=""/>
  <member type="way" ref="442720084" role=""/>
  <member type="way" ref="41442078" role=""/>
  <member type="way" ref="140381242" role=""/>
  <member type="way" ref="442728432" role=""/>
  <member type="way" ref="216974418" role=""/>
  <member type="way" ref="216970385" role=""/>
  <member type="way" ref="216970389" role=""/>
  <member type="way" ref="1076467225" role=""/>
  <member type="way" ref="1075814378" role=""/>
  <tag k="duration" v="00:57"/>
  <tag k="from" v="Blake Transit Center"/>
  <tag k="interval" v="30"/>
  <tag k="interval:conditional" v="60 @ (Mo-Fr 18:45-22:42; Sa 08:45-22:42; Su 08:45-19:42)"/>
  <tag k="name" v="Bus 3: Huron River to Ypsilanti Transit Center"/>
  <tag k="network" v="AAATA"/>
  <tag k="network:wikidata" v="Q4766233"/>
  <tag k="note" v="All seven major stops from https://www.theride.org/media/926/download have been mapped. Minor stops need to be surveyed."/>
  <tag k="opening_hours" v="Mo-Fr 06:45-22:42; Sa 08:45-22:42; Su 08:45-19:42; PH off"/>
  <tag k="operator" v="AAATA"/>
  <tag k="public_transport:version" v="2"/>
  <tag k="ref" v="3"/>
  <tag k="route" v="bus"/>
  <tag k="to" v="Ypsilanti Transit Center"/>
  <tag k="type" v="route"/>
 </relation>
 <relation id="14317048" visible="true" version="21" changeset="178705838" timestamp="2026-02-18T03:36:11Z" user="mapper377" uid="2052336">
  <member type="node" ref="9863081104" role="platform_entry_only"/>
  <member type="node" ref="9863081108" role="platform"/>
  <member type="node" ref="9863081088" role="platform"/>
  <member type="node" ref="9863081087" role="platform"/>
  <member type="node" ref="9863081109" role="platform"/>
  <member type="node" ref="9863081085" role="platform"/>
  <member type="node" ref="9863081083" role="platform_exit_only"/>
  <member type="way" ref="1075434872" role=""/>
  <member type="way" ref="1076635964" role=""/>
  <member type="way" ref="223284603" role=""/>
  <member type="way" ref="1075814380" role=""/>
  <member type="way" ref="211142862" role=""/>
  <member type="way" ref="223284597" role=""/>
  <member type="way" ref="1414215355" role=""/>
  <member type="way" ref="442720082" role=""/>
  <member type="way" ref="442720081" role=""/>
  <member type="way" ref="156035009" role=""/>
  <member type="way" ref="8727067" role=""/>
  <member type="way" ref="8725561" role=""/>
  <member type="way" ref="1075434871" role=""/>
  <member type="way" ref="225012169" role=""/>
  <member type="way" ref="560970370" role=""/>
  <member type="way" ref="442720075" role=""/>
  <member type="way" ref="669450797" role=""/>
  <member type="way" ref="442720073" role=""/>
  <member type="way" ref="442720061" role=""/>
  <member type="way" ref="104429470" role=""/>
  <member type="way" ref="442720062" role=""/>
  <member type="way" ref="442720060" role=""/>
  <member type="way" ref="104429461" role=""/>
  <member type="way" ref="648498666" role=""/>
  <member type="way" ref="8732025" role=""/>
  <member type="way" ref="670032044" role=""/>
  <member type="way" ref="670032043" role=""/>
  <member type="way" ref="670032042" role=""/>
  <member type="way" ref="141556099" role=""/>
  <member type="way" ref="1414308266" role=""/>
  <member type="way" ref="1063427832" role=""/>
  <member type="way" ref="211142858" role=""/>
  <member type="way" ref="1415717065" role=""/>
  <member type="way" ref="670033569" role=""/>
  <member type="way" ref="1063427831" role=""/>
  <member type="way" ref="141556105" role=""/>
  <member type="way" ref="1063427830" role=""/>
  <member type="way" ref="1063427829" role=""/>
  <member type="way" ref="442383848" role=""/>
  <member type="way" ref="517285777" role=""/>
  <member type="way" ref="442383698" role=""/>
  <member type="way" ref="1075434870" role=""/>
  <member type="way" ref="442062884" role=""/>
  <member type="way" ref="8722977" role=""/>
  <member type="way" ref="414034737" role=""/>
  <member type="way" ref="1348295050" role=""/>
  <member type="way" ref="1348295051" role=""/>
  <member type="way" ref="8721483" role=""/>
  <member type="way" ref="8730978" role=""/>
  <member type="way" ref="442062883" role=""/>
  <member type="way" ref="1075434869" role=""/>
  <member type="way" ref="93921335" role=""/>
  <member type="way" ref="442062897" role=""/>
  <member type="way" ref="94028711" role=""/>
  <member type="way" ref="1282702852" role=""/>
  <member type="way" ref="94028713" role=""/>
  <member type="way" ref="442062896" role=""/>
  <member type="way" ref="1075434866" role=""/>
  <member type="way" ref="1075434869" role=""/>
  <member type="way" ref="1075434865" role=""/>
  <member type="way" ref="1346920229" role=""/>
  <member type="way" ref="442062890" role=""/>
  <member type="way" ref="223284594" role=""/>
  <member type="way" ref="442062879" role=""/>
  <member type="way" ref="442062872" role=""/>
  <member type="way" ref="442062874" role=""/>
  <member type="way" ref="1075434861" role=""/>
  <member type="way" ref="1075434864" role=""/>
  <member type="way" ref="198945986" role=""/>
  <member type="way" ref="442062874" role=""/>
  <member type="way" ref="442062870" role=""/>
  <member type="way" ref="442062873" role=""/>
  <member type="way" ref="442062882" role=""/>
  <member type="way" ref="442062875" role=""/>
  <member type="way" ref="442062881" role=""/>
  <member type="way" ref="442062877" role=""/>
  <member type="way" ref="413778090" role=""/>
  <member type="way" ref="8733180" role=""/>
  <member type="way" ref="25584429" role=""/>
  <member type="way" ref="442062895" role=""/>
  <member type="way" ref="25584430" role=""/>
  <member type="way" ref="81957827" role=""/>
  <member type="way" ref="435210406" role=""/>
  <member type="way" ref="442050503" role=""/>
  <member type="way" ref="1076440808" role=""/>
  <member type="way" ref="81950449" role=""/>
  <member type="way" ref="442050500" role=""/>
  <member type="way" ref="1203330530" role=""/>
  <member type="way" ref="1076440810" role=""/>
  <member type="way" ref="25783875" role=""/>
  <member type="way" ref="1203330531" role=""/>
  <member type="way" ref="81959750" role=""/>
  <member type="way" ref="442050492" role=""/>
  <member type="way" ref="81959739" role=""/>
  <member type="way" ref="442050498" role=""/>
  <member type="way" ref="193043948" role=""/>
  <member type="way" ref="81961042" role=""/>
  <member type="way" ref="81961053" role=""/>
  <member type="way" ref="442050495" role=""/>
  <member type="way" ref="478191869" role=""/>
  <member type="way" ref="442050506" role=""/>
  <member type="way" ref="223283003" role=""/>
  <member type="way" ref="441604074" role=""/>
  <member type="way" ref="411717985" role=""/>
  <member type="way" ref="478957699" role=""/>
  <member type="way" ref="1421486296" role=""/>
  <member type="way" ref="1421486297" role=""/>
  <member type="way" ref="441604078" role=""/>
  <member type="way" ref="223285093" role=""/>
  <member type="way" ref="441604084" role=""/>
  <member type="way" ref="1479957111" role=""/>
  <member type="way" ref="441604086" role=""/>
  <member type="way" ref="431477752" role=""/>
  <member type="way" ref="441604082" role=""/>
  <member type="way" ref="5107850" role=""/>
  <member type="way" ref="441604083" role=""/>
  <member type="way" ref="223285095" role=""/>
  <member type="way" ref="1165104012" role=""/>
  <member type="way" ref="1165104013" role=""/>
  <member type="way" ref="8723817" role=""/>
  <member type="way" ref="441604077" role=""/>
  <member type="way" ref="412677458" role=""/>
  <member type="way" ref="265955833" role=""/>
  <member type="way" ref="441604087" role=""/>
  <member type="way" ref="265955834" role=""/>
  <member type="way" ref="441604087" role=""/>
  <member type="way" ref="265955833" role=""/>
  <member type="way" ref="411638815" role=""/>
  <member type="way" ref="441598617" role=""/>
  <member type="way" ref="441598607" role=""/>
  <member type="way" ref="9257825" role=""/>
  <member type="way" ref="441598610" role=""/>
  <member type="way" ref="1316745043" role=""/>
  <member type="way" ref="1316745044" role=""/>
  <member type="way" ref="441598605" role=""/>
  <member type="way" ref="441598608" role=""/>
  <member type="way" ref="441598606" role=""/>
  <member type="way" ref="9257823" role=""/>
  <member type="way" ref="441598614" role=""/>
  <member type="way" ref="8728391" role=""/>
  <member type="way" ref="441598611" role=""/>
  <member type="way" ref="441598612" role=""/>
  <member type="way" ref="9257814" role=""/>
  <member type="way" ref="441598619" role=""/>
  <member type="way" ref="9257812" role=""/>
  <member type="way" ref="9257827" role=""/>
  <member type="way" ref="8722107" role=""/>
  <member type="way" ref="441598627" role=""/>
  <member type="way" ref="1316745045" role=""/>
  <member type="way" ref="441598625" role=""/>
  <member type="way" ref="8727270" role=""/>
  <member type="way" ref="441598579" role=""/>
  <member type="way" ref="220169073" role=""/>
  <member type="way" ref="220171725" role=""/>
  <member type="way" ref="412683889" role=""/>
  <member type="way" ref="411632944" role=""/>
  <member type="way" ref="441448150" role=""/>
  <member type="way" ref="441448151" role=""/>
  <member type="way" ref="441448147" role=""/>
  <member type="way" ref="215452367" role=""/>
  <member type="way" ref="8734732" role=""/>
  <member type="way" ref="220171729" role=""/>
  <member type="way" ref="142868318" role=""/>
  <member type="way" ref="510322921" role=""/>
  <member type="way" ref="1164896544" role=""/>
  <member type="way" ref="213222784" role=""/>
  <member type="way" ref="213879949" role=""/>
  <member type="way" ref="1075814377" role=""/>
  <member type="way" ref="213222776" role=""/>
  <member type="way" ref="1077352378" role=""/>
  <member type="way" ref="222822478" role=""/>
  <tag k="duration" v="00:57"/>
  <tag k="from" v="Ypsilanti Transit Center"/>
  <tag k="interval" v="30"/>
  <tag k="interval:conditional" v="60 @ (Mo-Fr 18:15-22:42; Sa 08:45-22:42; Su 08:45-19:42)"/>
  <tag k="name" v="Bus 3: Huron River to Blake Transit Center"/>
  <tag k="network" v="AAATA"/>
  <tag k="network:wikidata" v="Q4766233"/>
  <tag k="note" v="All seven major stops from https://www.theride.org/media/926/download have been mapped. Minor stops need to be surveyed."/>
  <tag k="opening_hours" v="Mo-Fr 06:15-22:42; Sa 08:45-22:42; Su 08:45-19:42; PH off"/>
  <tag k="operator" v="AAATA"/>
  <tag k="public_transport:version" v="2"/>
  <tag k="ref" v="3"/>
  <tag k="route" v="bus"/>
  <tag k="to" v="Blake Transit Center"/>
  <tag k="type" v="route"/>
 </relation>
 <relation id="18064329" visible="true" version="1" changeset="156797886" timestamp="2024-09-19T00:47:06Z" user="Technotion" uid="21326676">
  <member type="node" ref="12185209783" role="platform"/>
  <member type="node" ref="12185209784" role="stop"/>
  <tag k="name" v="Glen/Catherine Inbound"/>
  <tag k="network" v="University of Michigan Transit"/>
  <tag k="operator" v="University of Michigan - Logistics, Transportation &amp; Parking"/>
  <tag k="public_transport" v="stop_area"/>
  <tag k="type" v="public_transport"/>
 </relation>
 <relation id="18064330" visible="true" version="1" changeset="156797886" timestamp="2024-09-19T00:47:06Z" user="Technotion" uid="21326676">
  <member type="node" ref="12185209785" role="platform"/>
  <member type="node" ref="12185209786" role=""/>
  <tag k="name" v="Glen/Catherine Outbound"/>
  <tag k="network" v="University of Michigan Transit"/>
  <tag k="operator" v="University of Michigan - Logistics, Transportation &amp; Parking"/>
  <tag k="public_transport" v="stop_area"/>
  <tag k="type" v="public_transport"/>
 </relation>
 <relation id="18064364" visible="true" version="5" changeset="156833364" timestamp="2024-09-19T17:58:54Z" user="Technotion" uid="21326676">
  <member type="node" ref="12185235001" role="platform"/>
  <member type="node" ref="12185209785" role="platform"/>
  <member type="node" ref="12185186599" role="platform"/>
  <member type="node" ref="12185186595" role="platform"/>
  <member type="node" ref="12185186589" role="platform"/>
  <member type="node" ref="12185186583" role="platform"/>
  <member type="node" ref="10906823487" role="platform"/>
  <member type="way" ref="1316743032" role=""/>
  <member type="way" ref="9257802" role=""/>
  <member type="way" ref="441598623" role=""/>
  <member type="way" ref="1172436054" role=""/>
  <member type="way" ref="222821816" role=""/>
  <member type="way" ref="9257798" role=""/>
  <member type="way" ref="394732361" role=""/>
  <member type="way" ref="394732330" role=""/>
  <member type="way" ref="1172436050" role=""/>
  <member type="way" ref="1172436049" role=""/>
  <member type="way" ref="441598650" role=""/>
  <member type="way" ref="1172436052" role=""/>
  <member type="way" ref="225623130" role=""/>
  <member type="way" ref="441598649" role=""/>
  <member type="way" ref="394732317" role=""/>
  <member type="way" ref="394732349" role=""/>
  <member type="way" ref="441598652" role=""/>
  <member type="way" ref="8733366" role=""/>
  <member type="way" ref="132301473" role=""/>
  <member type="way" ref="132301474" role=""/>
  <member type="way" ref="441598570" role=""/>
  <member type="way" ref="441598627" role=""/>
  <member type="way" ref="8722107" role=""/>
  <member type="way" ref="9257827" role=""/>
  <member type="way" ref="9257812" role=""/>
  <member type="way" ref="441598619" role=""/>
  <member type="way" ref="9257814" role=""/>
  <member type="way" ref="441598604" role=""/>
  <member type="way" ref="530480505" role=""/>
  <member type="way" ref="8728383" role=""/>
  <member type="way" ref="441598616" role=""/>
  <member type="way" ref="9257823" role=""/>
  <member type="way" ref="441598606" role=""/>
  <member type="way" ref="441598608" role=""/>
  <member type="way" ref="441598605" role=""/>
  <member type="way" ref="1316549469" role=""/>
  <member type="way" ref="441598610" role=""/>
  <member type="way" ref="9257825" role=""/>
  <member type="way" ref="441598566" role=""/>
  <member type="way" ref="8727648" role=""/>
  <member type="way" ref="8732994" role=""/>
  <member type="way" ref="222786837" role=""/>
  <member type="way" ref="1316745042" role=""/>
  <member type="way" ref="1316549468" role=""/>
  <member type="way" ref="8730916" role=""/>
  <member type="way" ref="1306141278" role=""/>
  <member type="way" ref="265959803" role=""/>
  <tag k="bicycle" v="no"/>
  <tag k="fee" v="no"/>
  <tag k="fee:conditional" v="no @ students/faculty"/>
  <tag k="from" v="Central Campus Transit Center: Chemistry"/>
  <tag k="interval" v="00:05:00"/>
  <tag k="name" v="Bursley-Baits to North Campus"/>
  <tag k="network" v="University of Michigan Transit"/>
  <tag k="opening_hours" v="Mo-Fr 07:15-18:45"/>
  <tag k="operator" v="University of Michigan - Logistics, Transportation &amp; Parking"/>
  <tag k="operator:wikidata" v="Q130321558"/>
  <tag k="public_transport:version" v="2"/>
  <tag k="ref" v="BB"/>
  <tag k="route" v="bus"/>
  <tag k="to" v="Baits I"/>
  <tag k="type" v="route"/>
  <tag k="wheelchair" v="yes"/>
 </relation>
 <relation id="18064402" visible="true" version="3" changeset="156833518" timestamp="2024-09-19T18:03:04Z" user="Technotion" uid="21326676">
  <member type="node" ref="12185235001" role="platform"/>
  <member type="node" ref="12185250013" role="platform"/>
  <member type="node" ref="1458141596" role="platform"/>
  <member type="node" ref="12185209785" role="platform"/>
  <member type="node" ref="12185186599" role="platform"/>
  <member type="node" ref="12185186595" role="platform"/>
  <member type="node" ref="12185186589" role="platform"/>
  <member type="node" ref="12185186583" role="platform"/>
  <member type="node" ref="10906823487" role="platform"/>
  <member type="way" ref="1316743032" role=""/>
  <member type="way" ref="9257802" role=""/>
  <member type="way" ref="441598623" role=""/>
  <member type="way" ref="1172436054" role=""/>
  <member type="way" ref="222821816" role=""/>
  <member type="way" ref="9257798" role=""/>
  <member type="way" ref="225623131" role=""/>
  <member type="way" ref="441598620" role=""/>
  <member type="way" ref="8725599" role=""/>
  <member type="way" ref="225622305" role=""/>
  <member type="way" ref="213562890" role=""/>
  <member type="way" ref="1209957168" role=""/>
  <member type="way" ref="213562888" role=""/>
  <member type="way" ref="608385949" role=""/>
  <member type="way" ref="115812718" role=""/>
  <member type="way" ref="12388875" role=""/>
  <member type="way" ref="4691873" role=""/>
  <member type="way" ref="132301470" role=""/>
  <member type="way" ref="441598573" role=""/>
  <member type="way" ref="220169085" role=""/>
  <member type="way" ref="132301473" role=""/>
  <member type="way" ref="132301474" role=""/>
  <member type="way" ref="441598570" role=""/>
  <member type="way" ref="441598627" role=""/>
  <member type="way" ref="8722107" role=""/>
  <member type="way" ref="9257827" role=""/>
  <member type="way" ref="9257812" role=""/>
  <member type="way" ref="441598619" role=""/>
  <member type="way" ref="9257814" role=""/>
  <member type="way" ref="441598604" role=""/>
  <member type="way" ref="530480505" role=""/>
  <member type="way" ref="8728383" role=""/>
  <member type="way" ref="441598616" role=""/>
  <member type="way" ref="9257823" role=""/>
  <member type="way" ref="441598606" role=""/>
  <member type="way" ref="441598608" role=""/>
  <member type="way" ref="441598605" role=""/>
  <member type="way" ref="1316549469" role=""/>
  <member type="way" ref="441598610" role=""/>
  <member type="way" ref="9257825" role=""/>
  <member type="way" ref="441598566" role=""/>
  <member type="way" ref="8727648" role=""/>
  <member type="way" ref="8732994" role=""/>
  <member type="way" ref="222786837" role=""/>
  <member type="way" ref="1316745042" role=""/>
  <member type="way" ref="1316549468" role=""/>
  <member type="way" ref="8730916" role=""/>
  <member type="way" ref="1306141278" role=""/>
  <member type="way" ref="265959803" role=""/>
  <tag k="bicycle" v="no"/>
  <tag k="fee" v="no"/>
  <tag k="fee:conditional" v="no @ students/faculty"/>
  <tag k="from" v="Central Campus Transit Center: Chemistry"/>
  <tag k="interval" v="00:15:00"/>
  <tag k="name" v="Bursley-Baits to North Campus"/>
  <tag k="network" v="University of Michigan Transit"/>
  <tag k="opening_hours" v="Mo-Fr 18:45-02:30; Sa-Su 08:30-02:30"/>
  <tag k="operator" v="University of Michigan - Logistics, Transportation &amp; Parking"/>
  <tag k="operator:wikidata" v="Q130321558"/>
  <tag k="public_transport:version" v="2"/>
  <tag k="ref" v="BB"/>
  <tag k="route" v="bus"/>
  <tag k="to" v="Baits I"/>
  <tag k="type" v="route"/>
  <tag k="wheelchair" v="yes"/>
 </relation>
 <relation id="18064403" visible="true" version="4" changeset="156833364" timestamp="2024-09-19T17:58:54Z" user="Technotion" uid="21326676">
  <member type="node" ref="10906823487" role="platform"/>
  <member type="node" ref="2623016806" role="platform"/>
  <member type="node" ref="12185186591" role="platform"/>
  <member type="node" ref="12185186593" role="platform"/>
  <member type="node" ref="12185186597" role="platform"/>
  <member type="node" ref="12185209783" role="platform"/>
  <member type="node" ref="12185209455" role="platform"/>
  <member type="node" ref="12185235001" role="platform"/>
  <member type="way" ref="1316743028" role=""/>
  <member type="way" ref="1316743029" role=""/>
  <member type="way" ref="1306141278" role=""/>
  <member type="way" ref="8730916" role=""/>
  <member type="way" ref="1316745041" role=""/>
  <member type="way" ref="1316745042" role=""/>
  <member type="way" ref="222786837" role=""/>
  <member type="way" ref="441598567" role=""/>
  <member type="way" ref="441598568" role=""/>
  <member type="way" ref="9257825" role=""/>
  <member type="way" ref="441598610" role=""/>
  <member type="way" ref="1316745043" role=""/>
  <member type="way" ref="1316745044" role=""/>
  <member type="way" ref="441598605" role=""/>
  <member type="way" ref="441598608" role=""/>
  <member type="way" ref="441598606" role=""/>
  <member type="way" ref="9257823" role=""/>
  <member type="way" ref="441598614" role=""/>
  <member type="way" ref="8728391" role=""/>
  <member type="way" ref="441598611" role=""/>
  <member type="way" ref="441598612" role=""/>
  <member type="way" ref="9257814" role=""/>
  <member type="way" ref="441598619" role=""/>
  <member type="way" ref="9257812" role=""/>
  <member type="way" ref="9257827" role=""/>
  <member type="way" ref="8722107" role=""/>
  <member type="way" ref="441598627" role=""/>
  <member type="way" ref="1316745045" role=""/>
  <member type="way" ref="441598625" role=""/>
  <member type="way" ref="8727270" role=""/>
  <member type="way" ref="441598579" role=""/>
  <member type="way" ref="220169073" role=""/>
  <member type="way" ref="8734730" role=""/>
  <member type="way" ref="441598602" role=""/>
  <member type="way" ref="220169074" role=""/>
  <member type="way" ref="608385951" role=""/>
  <member type="way" ref="1316743031" role=""/>
  <member type="way" ref="1316551961" role=""/>
  <tag k="bicycle" v="no"/>
  <tag k="fee" v="no"/>
  <tag k="fee:conditional" v="no @ students/faculty"/>
  <tag k="from" v="Baits I"/>
  <tag k="interval" v="00:10:00"/>
  <tag k="name" v="Bursley-Baits to Central Campus"/>
  <tag k="network" v="University of Michigan Transit"/>
  <tag k="opening_hours" v="Mo-Fr 07:15-02:45; Sa-Su 08:30-02:30"/>
  <tag k="operator" v="University of Michigan - Logistics, Transportation &amp; Parking"/>
  <tag k="operator:wikidata" v="Q130321558"/>
  <tag k="public_transport:version" v="2"/>
  <tag k="ref" v="BB"/>
  <tag k="route" v="bus"/>
  <tag k="to" v="Central Campus Transit Center: Chemistry"/>
  <tag k="type" v="route"/>
  <tag k="wheelchair" v="yes"/>
 </relation>
 <relation id="18067956" visible="true" version="1" changeset="156831917" timestamp="2024-09-19T17:24:43Z" user="Technotion" uid="21326676">
  <member type="relation" ref="18064403" role=""/>
  <member type="relation" ref="18064364" role=""/>
  <member type="relation" ref="18064402" role=""/>
  <tag k="bicycle" v="no"/>
  <tag k="name" v="Bursley-Baits"/>
  <tag k="network" v="University of Michigan Transit"/>
  <tag k="official_name" v="Bursley-Baits"/>
  <tag k="operator" v="University of Michigan - Logistics, Transportation &amp; Parking"/>
  <tag k="ref" v="BB"/>
  <tag k="route_master" v="bus"/>
  <tag k="type" v="route_master"/>
  <tag k="wheelchair" v="yes"/>
 </relation>
</osm>
